"Poss, Score",-64.0,-63,-62,-61.0,-60.0,-59.0,-58.0,-57.0,-56.0,-55.0,-54.0,-53.0,-52.0,-51.0,-50.0,-49.0,-48.0,-47.0,-46.0,-45.0,-44.0,-43.0,-42.0,-41.0,-40.0,-39.0,-38.0,-37.0,-36.0,-35.0,-34.0,-33.0,-32.0,-31.0,-30.0,-29.0,-28.0,-27.0,-26.0,-25.0,-24.0,-23.0,-22.0,-21.0,-20.0,-19.0,-18.0,-17.0,-16.0,-15.0,-14.0,-13.0,-12.0,-11.0,-10.0,-9.0,-8.0,-7.0,-6.0,-5.0,-4.0,-3.0,-2.0,-1.0,0.0,1.0,2.0,3.0,4.0,5.0,6.0,7.0,8.0,9.0,10.0,11.0,12.0,13.0,14.0,15.0,16.0,17.0,18.0,19.0,20.0,21.0,22.0,23.0,24.0,25.0,26.0,27.0,28.0,29.0,30.0,31.0,32.0,33.0,34.0,35.0,36.0,37.0,38.0,39.0,40.0,41.0,42.0,43.0,44.0,45.0,46.0,47.0,48.0,49.0,50.0,51.0,52.0,53.0,54.0,55.0,56.0,57.0,58.0,59.0,60,61.0,62,63,64
1,-999.0,-999,-999,-999.0,-999.0,1.0,-999.0,-999.0,0.0,-999.0,-999.0,0.0,-999.0,-999.0,-999.0,-999.0,-999.0,-999.0,0.6666666666666666,1.0,0.0,0.0,-999.0,0.3333333333333333,0.75,0.6,0.4,0.25,0.5,0.3333333333333333,0.5,0.0,0.46153846153846156,0.8,0.7142857142857143,0.7142857142857143,0.6,0.6666666666666666,0.23076923076923078,0.45454545454545453,0.42857142857142855,0.47368421052631576,0.5625,0.5294117647058824,0.5294117647058824,0.6190476190476191,0.41379310344827586,0.5,0.5769230769230769,0.48484848484848486,0.5172413793103449,0.4722222222222222,0.7,0.525,0.46808510638297873,0.6,0.6739130434782609,0.7619047619047619,0.8260869565217391,0.9069767441860465,0.9583333333333334,0.9714285714285714,0.6923076923076923,0.45714285714285713,0.3333333333333333,0.5,0.375,0.75,0.75,0.25,0.5,0.5,0.4,0.2,0.5,0.25,0.5555555555555556,0.5,0.375,0.36363636363636365,0.0,0.0,0.0,0.6666666666666666,0.5,0.3333333333333333,1.0,0.2,0.5714285714285714,1.0,0.0,0.3333333333333333,-999.0,1.0,1.0,1.0,-999.0,0.0,-999.0,-999.0,0.0,0.0,-999.0,-999.0,0.0,-999.0,1.0,-999.0,-999.0,0.0,-999.0,-999.0,-999.0,-999.0,-999.0,-999.0,-999.0,-999.0,-999.0,-999.0,-999.0,-999.0,-999.0,-999.0,-999,-999.0,-999,-999,-999
2,-999.0,-999,-999,-999.0,-999.0,0.0,-999.0,-999.0,-999.0,-999.0,-999.0,0.5,-999.0,-999.0,-999.0,-999.0,-999.0,-999.0,-999.0,1.0,-999.0,1.0,0.5,-999.0,-999.0,0.75,0.0,1.0,-999.0,1.0,0.0,0.0,0.5,0.0,0.0,0.75,0.6666666666666666,0.375,0.6,0.2857142857142857,0.6666666666666666,0.7142857142857143,0.5,0.5,0.7,0.35294117647058826,0.4666666666666667,0.36363636363636365,0.3333333333333333,0.7647058823529411,0.5333333333333333,0.5555555555555556,0.38461538461538464,0.47058823529411764,0.6111111111111112,0.5555555555555556,0.5833333333333334,0.6363636363636364,0.5294117647058824,0.8636363636363636,0.7142857142857143,0.8636363636363636,0.36363636363636365,0.2727272727272727,0.3333333333333333,0.4,0.25,0.6,0.2857142857142857,0.16666666666666666,0.1111111111111111,0.26666666666666666,0.3333333333333333,0.2222222222222222,0.38461538461538464,0.2777777777777778,0.3333333333333333,0.2692307692307692,0.4,0.4,0.3157894736842105,0.4444444444444444,0.5555555555555556,0.14285714285714285,0.5714285714285714,0.5384615384615384,0.45454545454545453,0.3,0.2727272727272727,0.7142857142857143,0.6666666666666666,0.75,0.25,0.5,0.375,0.6,0.14285714285714285,0.4,-999.0,1.0,0.0,0.8571428571428571,0.75,0.25,1.0,1.0,0.0,0.5,-999.0,-999.0,1.0,-999.0,-999.0,-999.0,-999.0,0.0,-999.0,-999.0,0.0,-999.0,-999.0,-999.0,-999.0,-999.0,-999,-999.0,-999,-999,-999
3,-999.0,-999,-999,-999.0,-999.0,-999.0,-999.0,-999.0,-999.0,-999.0,1.0,-999.0,-999.0,1.0,-999.0,-999.0,-999.0,-999.0,1.0,0.5,-999.0,-999.0,0.0,0.0,0.5,0.0,0.6666666666666666,0.6666666666666666,0.0,0.5,0.5,0.0,0.8,0.4,0.2,0.16666666666666666,0.5714285714285714,0.3333333333333333,0.5,0.4,0.7272727272727273,0.3333333333333333,0.6428571428571429,0.625,0.8,0.42857142857142855,0.4,0.3125,0.3333333333333333,0.48,0.5416666666666666,0.5,0.38461538461538464,0.5625,0.53125,0.5384615384615384,0.5142857142857142,0.5,0.5588235294117647,0.525,0.5526315789473685,0.68,0.5789473684210527,0.23076923076923078,0.19230769230769232,0.5,0.21428571428571427,0.1111111111111111,0.375,0.5,0.16666666666666666,0.3333333333333333,0.45454545454545453,0.25,0.3125,0.6666666666666666,0.5555555555555556,0.5384615384615384,0.6666666666666666,0.3076923076923077,0.29411764705882354,0.3,0.5,0.4444444444444444,0.4,0.7777777777777778,0.3076923076923077,0.42857142857142855,0.5384615384615384,0.3333333333333333,0.6,0.5,0.375,0.5,0.75,1.0,0.5,0.75,1.0,-999.0,1.0,0.0,0.6666666666666666,1.0,0.0,0.0,1.0,0.0,-999.0,-999.0,-999.0,-999.0,-999.0,-999.0,-999.0,0.0,-999.0,-999.0,-999.0,-999.0,1.0,-999.0,-999.0,-999.0,-999,-999.0,-999,-999,-999
4,-999.0,-999,-999,-999.0,-999.0,-999.0,-999.0,0.0,0.0,-999.0,-999.0,-999.0,-999.0,0.0,-999.0,-999.0,-999.0,-999.0,1.0,0.0,-999.0,1.0,1.0,1.0,1.0,0.0,0.0,0.5,0.6666666666666666,0.2,-999.0,1.0,0.5,0.6,0.0,0.2,0.5,0.0,0.5,0.625,0.8461538461538461,0.2222222222222222,0.5714285714285714,0.3076923076923077,0.6666666666666666,0.5555555555555556,0.375,0.5,0.6428571428571429,0.6,0.47058823529411764,0.5882352941176471,0.375,0.1111111111111111,0.4,0.6111111111111112,0.5,0.52,0.5714285714285714,0.5,0.5357142857142857,0.4,0.3448275862068966,0.5652173913043478,0.47058823529411764,0.391304347826087,0.3888888888888889,0.32,0.3888888888888889,0.2222222222222222,0.5,0.18181818181818182,0.3,0.4117647058823529,0.42857142857142855,0.23076923076923078,0.35714285714285715,0.48148148148148145,0.4230769230769231,0.5,0.6,0.6,0.6111111111111112,0.5454545454545454,0.45454545454545453,0.4166666666666667,0.3888888888888889,0.3333333333333333,0.5,0.8571428571428571,0.5555555555555556,0.25,0.6666666666666666,0.5555555555555556,0.5,0.5,0.5,0.3333333333333333,0.5,1.0,1.0,0.6666666666666666,0.75,0.0,0.0,0.5,-999.0,-999.0,0.0,1.0,-999.0,-999.0,-999.0,0.0,-999.0,1.0,-999.0,-999.0,-999.0,-999.0,1.0,-999.0,-999.0,-999.0,-999,-999.0,-999,-999,-999
5,-999.0,-999,-999,-999.0,-999.0,-999.0,-999.0,-999.0,1.0,-999.0,-999.0,0.0,-999.0,0.0,-999.0,-999.0,-999.0,-999.0,-999.0,1.0,-999.0,0.5,-999.0,0.0,0.0,0.0,0.0,0.0,0.6666666666666666,0.4,0.0,0.4,0.6666666666666666,-999.0,0.3333333333333333,0.7777777777777778,0.25,0.5,0.3333333333333333,0.5,0.3333333333333333,0.42857142857142855,0.6666666666666666,0.5333333333333333,0.2727272727272727,0.3125,0.631578947368421,0.5,0.4117647058823529,0.3684210526315789,0.5294117647058824,0.5555555555555556,0.42857142857142855,0.5714285714285714,0.2916666666666667,0.43478260869565216,0.5,0.53125,0.5862068965517241,0.5263157894736842,0.6774193548387096,0.5666666666666667,0.4,0.4411764705882353,0.16666666666666666,0.3181818181818182,0.5217391304347826,0.4583333333333333,0.5333333333333333,0.42105263157894735,0.375,0.2857142857142857,0.2727272727272727,0.16666666666666666,0.6153846153846154,0.3157894736842105,0.3333333333333333,0.4,0.4375,0.4,0.5,0.5294117647058824,0.7,0.4166666666666667,0.4,0.47619047619047616,0.3333333333333333,0.5714285714285714,0.5714285714285714,0.5555555555555556,0.25,0.42857142857142855,0.25,0.2857142857142857,0.0,0.0,0.6666666666666666,0.4,0.6,1.0,0.5,0.0,0.6666666666666666,-999.0,0.0,0.3333333333333333,0.0,-999.0,-999.0,-999.0,1.0,-999.0,-999.0,0.0,-999.0,-999.0,-999.0,1.0,-999.0,-999.0,-999.0,0.0,-999.0,-999.0,-999,-999.0,-999,-999,-999
6,-999.0,-999,-999,-999.0,-999.0,-999.0,-999.0,-999.0,-999.0,-999.0,-999.0,-999.0,-999.0,0.0,-999.0,-999.0,-999.0,-999.0,1.0,1.0,1.0,0.5,1.0,1.0,0.3333333333333333,1.0,0.0,0.2,0.0,0.0,1.0,-999.0,0.4,0.5,0.3333333333333333,0.3333333333333333,0.16666666666666666,0.2857142857142857,0.2857142857142857,0.6,0.2727272727272727,0.2727272727272727,0.3333333333333333,0.26666666666666666,0.38461538461538464,0.6,0.5555555555555556,0.5,0.45454545454545453,0.3,0.6666666666666666,0.5714285714285714,0.7857142857142857,0.6923076923076923,0.5,0.3684210526315789,0.42857142857142855,0.45454545454545453,0.5769230769230769,0.7,0.48148148148148145,0.4,0.32142857142857145,0.48717948717948717,0.5882352941176471,0.3333333333333333,0.48148148148148145,0.34782608695652173,0.2727272727272727,0.42424242424242425,0.21052631578947367,0.2608695652173913,0.4117647058823529,0.4230769230769231,0.2857142857142857,0.4583333333333333,0.34782608695652173,0.5714285714285714,0.5454545454545454,0.6521739130434783,0.4,0.5,0.5,0.4166666666666667,0.5,0.625,0.375,0.5454545454545454,0.8,0.75,0.4444444444444444,0.7,0.4,0.6,0.6,0.0,0.0,0.42857142857142855,1.0,1.0,1.0,0.0,0.0,0.0,1.0,0.0,-999.0,-999.0,-999.0,1.0,-999.0,-999.0,-999.0,0.0,-999.0,0.0,-999.0,1.0,-999.0,-999.0,-999.0,-999.0,-999.0,-999.0,-999,-999.0,-999,-999,-999
7,-999.0,-999,-999,-999.0,-999.0,-999.0,-999.0,-999.0,-999.0,-999.0,-999.0,0.0,0.0,0.5,-999.0,-999.0,-999.0,-999.0,-999.0,-999.0,-999.0,1.0,0.0,0.0,0.3333333333333333,-999.0,0.25,0.5,1.0,0.0,0.0,0.5,0.0,0.6666666666666666,0.4444444444444444,0.4,0.45454545454545453,0.6,0.5,0.3,0.5555555555555556,0.18181818181818182,0.5555555555555556,0.4444444444444444,0.5555555555555556,0.21052631578947367,0.25,0.36363636363636365,0.21428571428571427,0.47619047619047616,0.4166666666666667,0.45,0.6086956521739131,0.5263157894736842,0.42857142857142855,0.4444444444444444,0.46153846153846156,0.425,0.4074074074074074,0.4864864864864865,0.32142857142857145,0.45161290322580644,0.41379310344827586,0.4074074074074074,0.47368421052631576,0.3076923076923077,0.2222222222222222,0.3548387096774194,0.5263157894736842,0.2222222222222222,0.45454545454545453,0.4375,0.4444444444444444,0.38095238095238093,0.5625,0.3,0.45,0.45,0.5384615384615384,0.3333333333333333,0.3076923076923077,0.4666666666666667,0.375,0.26666666666666666,0.5833333333333334,0.65,0.375,0.2727272727272727,0.42857142857142855,0.75,0.2727272727272727,1.0,0.25,0.6,0.3333333333333333,1.0,0.3333333333333333,0.3333333333333333,0.0,0.5,0.5,0.5,-999.0,0.6666666666666666,0.5,1.0,0.6666666666666666,1.0,-999.0,-999.0,-999.0,-999.0,-999.0,-999.0,-999.0,-999.0,-999.0,-999.0,-999.0,-999.0,-999.0,-999.0,1.0,-999.0,-999,-999.0,-999,-999,-999
8,-999.0,-999,-999,-999.0,0.0,-999.0,-999.0,-999.0,-999.0,-999.0,-999.0,-999.0,-999.0,-999.0,-999.0,-999.0,-999.0,-999.0,1.0,1.0,-999.0,-999.0,0.6666666666666666,0.25,0.5,0.0,-999.0,0.5,0.0,1.0,0.25,0.75,0.25,0.16666666666666666,0.5,0.5,0.2857142857142857,0.5,0.42857142857142855,0.42857142857142855,0.4,0.23076923076923078,0.5,0.6,0.18181818181818182,0.38461538461538464,0.2727272727272727,0.2222222222222222,0.3125,0.45,0.35294117647058826,0.35294117647058826,0.35,0.6470588235294118,0.5,0.4090909090909091,0.29411764705882354,0.6666666666666666,0.5,0.34615384615384615,0.375,0.3333333333333333,0.4230769230769231,0.45714285714285713,0.23529411764705882,0.375,0.5294117647058824,0.4827586206896552,0.375,0.36666666666666664,0.375,0.2903225806451613,0.34782608695652173,0.4666666666666667,0.5,0.3,0.5,0.25,0.4666666666666667,0.5384615384615384,0.42857142857142855,0.45,0.3076923076923077,0.7,0.2857142857142857,0.6,0.35714285714285715,0.5,0.6666666666666666,0.6666666666666666,0.5,0.25,0.5,0.4,0.5555555555555556,0.3333333333333333,0.0,1.0,1.0,0.0,0.0,0.3333333333333333,0.0,-999.0,-999.0,0.0,1.0,0.0,-999.0,-999.0,-999.0,-999.0,-999.0,0.0,0.5,0.0,-999.0,-999.0,-999.0,-999.0,-999.0,-999.0,-999.0,-999.0,-999,-999.0,-999,-999,-999
9,-999.0,-999,-999,-999.0,-999.0,-999.0,-999.0,-999.0,-999.0,-999.0,-999.0,-999.0,1.0,-999.0,-999.0,-999.0,-999.0,-999.0,-999.0,0.0,-999.0,-999.0,0.5,0.3333333333333333,1.0,0.5,0.5,0.3333333333333333,1.0,1.0,0.0,0.3333333333333333,0.25,0.0,0.2,0.5,0.5,0.8,0.3,0.6,0.3,0.5714285714285714,0.5454545454545454,0.5454545454545454,0.38461538461538464,0.45,0.7777777777777778,0.5,0.2222222222222222,0.2777777777777778,0.4117647058823529,0.4166666666666667,0.35294117647058826,0.5,0.45454545454545453,0.30434782608695654,0.5555555555555556,0.52,0.3870967741935484,0.5714285714285714,0.47619047619047616,0.5625,0.45161290322580644,0.42424242424242425,0.35294117647058826,0.38461538461538464,0.3103448275862069,0.5384615384615384,0.4,0.3103448275862069,0.4074074074074074,0.4166666666666667,0.26666666666666666,0.07692307692307693,0.3888888888888889,0.375,0.23809523809523808,0.2857142857142857,0.3076923076923077,0.35,0.29411764705882354,0.5,0.8,0.45,0.3333333333333333,0.46153846153846156,0.8,0.5,0.3333333333333333,0.4166666666666667,0.75,0.0,0.6666666666666666,1.0,1.0,0.75,0.3333333333333333,0.0,0.25,1.0,0.5,0.0,1.0,0.6,1.0,-999.0,1.0,-999.0,-999.0,-999.0,1.0,-999.0,-999.0,0.0,0.0,-999.0,-999.0,0.0,-999.0,-999.0,-999.0,1.0,-999.0,-999.0,-999,-999.0,-999,-999,-999
10,-999.0,-999,-999,-999.0,-999.0,0.0,-999.0,-999.0,-999.0,-999.0,-999.0,1.0,-999.0,-999.0,-999.0,1.0,-999.0,-999.0,-999.0,-999.0,-999.0,-999.0,0.3333333333333333,0.0,0.0,0.3333333333333333,0.5,0.5,0.0,0.0,0.0,0.0,0.0,0.6666666666666666,0.3333333333333333,0.8,0.16666666666666666,0.6666666666666666,0.3333333333333333,0.5833333333333334,0.4,0.375,0.5,0.3,0.5454545454545454,0.5,0.4375,0.18181818181818182,0.6111111111111112,0.5,0.3684210526315789,0.47058823529411764,0.4,0.13333333333333333,0.5,0.5454545454545454,0.4090909090909091,0.5357142857142857,0.4583333333333333,0.3235294117647059,0.5238095238095238,0.34615384615384615,0.37037037037037035,0.5,0.36666666666666664,0.3939393939393939,0.4166666666666667,0.25,0.2916666666666667,0.3448275862068966,0.3793103448275862,0.47619047619047616,0.5625,0.625,0.3333333333333333,0.4444444444444444,0.42857142857142855,0.45454545454545453,0.23076923076923078,0.35,0.6666666666666666,0.26666666666666666,0.5555555555555556,0.5909090909090909,0.6666666666666666,0.5454545454545454,0.6,0.4444444444444444,0.6,0.36363636363636365,0.6666666666666666,0.0,0.5,0.0,0.38461538461538464,0.25,0.6666666666666666,0.5,-999.0,0.75,0.6666666666666666,0.6666666666666666,0.0,0.25,-999.0,1.0,-999.0,-999.0,-999.0,-999.0,-999.0,-999.0,-999.0,-999.0,1.0,-999.0,-999.0,-999.0,-999.0,-999.0,-999.0,-999.0,-999.0,-999.0,-999,-999.0,-999,-999,-999
11,-999.0,-999,-999,-999.0,-999.0,0.0,-999.0,-999.0,-999.0,-999.0,-999.0,0.0,0.0,-999.0,-999.0,-999.0,-999.0,0.0,-999.0,-999.0,-999.0,0.0,1.0,0.0,1.0,1.0,0.0,0.6666666666666666,1.0,0.25,1.0,0.5,0.16666666666666666,0.6,0.3333333333333333,0.4,0.6,0.2857142857142857,0.45454545454545453,0.4444444444444444,0.5,0.2,0.5833333333333334,0.45454545454545453,0.5625,0.47058823529411764,0.38461538461538464,0.5,0.4166666666666667,0.38095238095238093,0.5833333333333334,0.2,0.47058823529411764,0.5454545454545454,0.5263157894736842,0.2222222222222222,0.5416666666666666,0.44,0.3181818181818182,0.3793103448275862,0.35294117647058826,0.35714285714285715,0.3870967741935484,0.44,0.42424242424242425,0.40625,0.47619047619047616,0.4634146341463415,0.38461538461538464,0.41379310344827586,0.5,0.40625,0.25,0.35294117647058826,0.5217391304347826,0.2608695652173913,0.25,0.3333333333333333,0.35714285714285715,0.3,0.5,0.42857142857142855,0.6153846153846154,0.36363636363636365,0.5833333333333334,0.6,0.7142857142857143,0.4166666666666667,0.75,0.25,0.8571428571428571,0.4,0.4,0.5,0.5,0.0,0.5,1.0,0.0,0.0,0.3333333333333333,1.0,-999.0,0.5,0.0,1.0,1.0,-999.0,-999.0,-999.0,1.0,0.0,-999.0,-999.0,-999.0,-999.0,0.0,-999.0,-999.0,-999.0,-999.0,-999.0,-999.0,-999.0,-999,-999.0,-999,-999,-999
12,-999.0,-999,-999,-999.0,-999.0,0.0,-999.0,-999.0,-999.0,-999.0,-999.0,-999.0,-999.0,-999.0,-999.0,-999.0,0.0,1.0,-999.0,-999.0,-999.0,1.0,1.0,1.0,1.0,0.0,0.0,1.0,0.0,0.5,1.0,1.0,0.0,0.3333333333333333,0.2857142857142857,0.0,0.42857142857142855,0.2857142857142857,1.0,0.4166666666666667,0.7142857142857143,0.8,0.4,0.3333333333333333,0.25,0.3333333333333333,0.4,0.4444444444444444,0.6363636363636364,0.5,0.7142857142857143,0.6363636363636364,0.3333333333333333,0.34615384615384615,0.5,0.34615384615384615,0.47619047619047616,0.45454545454545453,0.5517241379310345,0.36666666666666664,0.6190476190476191,0.5,0.20833333333333334,0.3125,0.3333333333333333,0.28125,0.37037037037037035,0.34615384615384615,0.34782608695652173,0.39285714285714285,0.3448275862068966,0.38461538461538464,0.5,0.45,0.45454545454545453,0.38095238095238093,0.6111111111111112,0.3125,0.9090909090909091,0.5,0.6153846153846154,0.7692307692307693,0.2857142857142857,0.4666666666666667,0.35714285714285715,0.2727272727272727,0.6,0.5,0.15384615384615385,0.2,0.45454545454545453,0.8571428571428571,0.0,0.6,0.5,0.6,1.0,0.25,0.5,0.6666666666666666,0.25,0.0,0.5,0.5,0.0,1.0,1.0,-999.0,-999.0,-999.0,-999.0,-999.0,-999.0,-999.0,-999.0,0.0,1.0,-999.0,-999.0,-999.0,-999.0,-999.0,-999.0,-999.0,-999,-999.0,-999,-999,-999
13,-999.0,-999,-999,-999.0,-999.0,-999.0,-999.0,-999.0,-999.0,-999.0,-999.0,-999.0,-999.0,0.0,-999.0,1.0,-999.0,-999.0,-999.0,-999.0,-999.0,-999.0,1.0,0.5,0.3333333333333333,0.0,0.3333333333333333,0.0,0.6666666666666666,0.3333333333333333,1.0,1.0,0.42857142857142855,0.3333333333333333,0.3333333333333333,0.6666666666666666,0.125,0.5,0.3,0.45454545454545453,0.5,0.3333333333333333,0.3076923076923077,0.625,0.38461538461538464,0.4666666666666667,0.5714285714285714,0.4,0.7777777777777778,0.23529411764705882,0.55,0.23809523809523808,0.47619047619047616,0.5294117647058824,0.3684210526315789,0.4166666666666667,0.6785714285714286,0.45454545454545453,0.4074074074074074,0.35714285714285715,0.2727272727272727,0.45161290322580644,0.5294117647058824,0.38235294117647056,0.4230769230769231,0.32,0.41379310344827586,0.38235294117647056,0.32,0.48148148148148145,0.3793103448275862,0.43333333333333335,0.4444444444444444,0.35,0.35,0.4,0.4,0.3333333333333333,0.4117647058823529,0.3157894736842105,0.2,0.21428571428571427,0.5333333333333333,0.6,0.3333333333333333,0.3333333333333333,0.5,0.2222222222222222,0.5714285714285714,0.8,0.5,0.4444444444444444,0.5,0.4444444444444444,0.3333333333333333,0.5,1.0,0.3333333333333333,0.3333333333333333,-999.0,1.0,1.0,0.0,1.0,0.0,0.5,-999.0,-999.0,-999.0,0.0,-999.0,-999.0,0.0,-999.0,-999.0,-999.0,1.0,-999.0,-999.0,-999.0,-999.0,-999.0,-999.0,-999.0,-999,-999.0,-999,-999,-999
14,-999.0,-999,-999,-999.0,-999.0,-999.0,-999.0,-999.0,-999.0,-999.0,-999.0,0.0,1.0,0.0,-999.0,-999.0,1.0,-999.0,-999.0,0.0,0.0,-999.0,-999.0,0.0,1.0,0.0,0.0,0.5,0.6,-999.0,0.5,0.5,0.5,0.0,0.3333333333333333,0.42857142857142855,0.75,0.3333333333333333,0.7142857142857143,0.6,0.16666666666666666,0.6666666666666666,0.5,0.38461538461538464,0.47368421052631576,0.35714285714285715,0.3333333333333333,0.3125,0.26666666666666666,0.5882352941176471,0.5625,0.36363636363636365,0.38461538461538464,0.43478260869565216,0.5,0.4583333333333333,0.44,0.5238095238095238,0.5769230769230769,0.2727272727272727,0.30434782608695654,0.48148148148148145,0.3548387096774194,0.4117647058823529,0.4523809523809524,0.4117647058823529,0.53125,0.4,0.5833333333333334,0.35294117647058826,0.4375,0.4666666666666667,0.2777777777777778,0.42424242424242425,0.2608695652173913,0.23076923076923078,0.3333333333333333,0.42105263157894735,0.25,0.42857142857142855,0.2,0.09090909090909091,0.5833333333333334,0.3333333333333333,0.3333333333333333,0.5,0.3,0.4444444444444444,0.25,0.3333333333333333,0.5714285714285714,0.5,0.0,0.6,0.4,0.5,1.0,0.4,0.0,0.0,-999.0,0.5,0.2,1.0,0.0,-999.0,-999.0,-999.0,-999.0,-999.0,-999.0,0.0,0.0,-999.0,-999.0,-999.0,-999.0,-999.0,-999.0,-999.0,-999.0,-999.0,-999.0,1.0,-999,-999.0,-999,-999,-999
15,-999.0,-999,-999,-999.0,-999.0,1.0,-999.0,-999.0,-999.0,-999.0,-999.0,0.0,-999.0,-999.0,-999.0,-999.0,-999.0,-999.0,-999.0,-999.0,-999.0,-999.0,0.0,-999.0,0.0,1.0,0.5,0.5,-999.0,0.0,0.4,0.75,1.0,0.5714285714285714,0.0,0.0,0.5,0.4,0.5714285714285714,0.625,0.25,0.2857142857142857,0.45454545454545453,0.5833333333333334,0.7,0.42857142857142855,0.5714285714285714,0.6923076923076923,0.3125,0.35714285714285715,0.4117647058823529,0.5833333333333334,0.5217391304347826,0.34782608695652173,0.25,0.5714285714285714,0.41379310344827586,0.3157894736842105,0.5909090909090909,0.6153846153846154,0.2962962962962963,0.34782608695652173,0.3103448275862069,0.3333333333333333,0.32558139534883723,0.30303030303030304,0.48148148148148145,0.3076923076923077,0.5714285714285714,0.3333333333333333,0.5142857142857142,0.42857142857142855,0.2857142857142857,0.38095238095238093,0.5555555555555556,0.3333333333333333,0.4,0.47368421052631576,0.3,0.47368421052631576,0.3333333333333333,0.23529411764705882,0.2727272727272727,0.5,0.47058823529411764,0.4,0.5714285714285714,0.3,0.16666666666666666,0.45454545454545453,0.375,0.3333333333333333,0.25,0.25,0.5,0.75,0.6,1.0,0.42857142857142855,0.0,0.0,0.5,0.6666666666666666,0.25,0.5,1.0,1.0,-999.0,-999.0,-999.0,0.0,-999.0,0.0,-999.0,0.0,1.0,-999.0,-999.0,-999.0,-999.0,-999.0,-999.0,-999.0,-999.0,-999,-999.0,-999,-999,-999
16,-999.0,-999,-999,0.0,-999.0,-999.0,-999.0,-999.0,-999.0,-999.0,-999.0,0.0,-999.0,-999.0,0.0,-999.0,-999.0,-999.0,1.0,1.0,-999.0,-999.0,0.0,0.75,0.0,0.5,-999.0,0.5,0.0,0.0,0.0,0.5,0.25,0.0,0.0,0.25,0.5,0.5714285714285714,0.2222222222222222,0.6666666666666666,0.36363636363636365,0.8333333333333334,0.75,0.2,0.7272727272727273,0.4666666666666667,0.38095238095238093,0.23076923076923078,0.3888888888888889,0.16666666666666666,0.42857142857142855,0.3181818181818182,0.47368421052631576,0.5454545454545454,0.2916666666666667,0.391304347826087,0.42105263157894735,0.38095238095238093,0.5151515151515151,0.42857142857142855,0.3,0.35294117647058826,0.34285714285714286,0.225,0.2894736842105263,0.2727272727272727,0.2692307692307692,0.34782608695652173,0.56,0.5,0.40625,0.3684210526315789,0.47368421052631576,0.42857142857142855,0.4117647058823529,0.5217391304347826,0.3,0.5555555555555556,0.7272727272727273,0.3076923076923077,0.375,0.35714285714285715,0.42857142857142855,0.1,0.5714285714285714,0.625,0.6363636363636364,0.5,0.42857142857142855,0.875,0.4,0.5555555555555556,0.5,0.25,-999.0,0.5714285714285714,0.3333333333333333,0.5,1.0,0.0,0.2,0.0,0.0,-999.0,-999.0,-999.0,0.0,-999.0,-999.0,-999.0,-999.0,0.0,0.0,-999.0,-999.0,-999.0,-999.0,-999.0,-999.0,-999.0,-999.0,-999.0,-999.0,-999.0,-999,-999.0,-999,-999,-999
17,1.0,-999,-999,-999.0,-999.0,-999.0,-999.0,-999.0,-999.0,-999.0,-999.0,0.0,-999.0,-999.0,0.0,-999.0,-999.0,-999.0,-999.0,1.0,-999.0,-999.0,0.0,1.0,1.0,0.0,0.0,-999.0,0.42857142857142855,0.0,0.3333333333333333,0.2857142857142857,0.0,0.42857142857142855,1.0,0.2,0.3333333333333333,0.5,0.25,0.2,0.3333333333333333,0.7142857142857143,0.4444444444444444,0.4444444444444444,0.625,0.5454545454545454,0.6666666666666666,0.5,0.375,0.3157894736842105,0.2608695652173913,0.4444444444444444,0.6666666666666666,0.52,0.42105263157894735,0.5,0.391304347826087,0.39285714285714285,0.4583333333333333,0.4666666666666667,0.4583333333333333,0.3793103448275862,0.25806451612903225,0.3870967741935484,0.4318181818181818,0.3142857142857143,0.32,0.34615384615384615,0.3103448275862069,0.30434782608695654,0.4782608695652174,0.5454545454545454,0.36363636363636365,0.391304347826087,0.4,0.36,0.15384615384615385,0.47368421052631576,0.16666666666666666,0.5833333333333334,0.32142857142857145,0.3333333333333333,0.5714285714285714,0.6,0.15384615384615385,0.16666666666666666,0.16666666666666666,0.1111111111111111,0.25,0.6,0.8,0.16666666666666666,0.3333333333333333,0.6,0.6666666666666666,0.25,0.25,0.0,0.5,0.6666666666666666,0.75,0.0,-999.0,0.5,-999.0,1.0,1.0,0.0,0.0,-999.0,-999.0,0.0,-999.0,-999.0,1.0,-999.0,-999.0,-999.0,-999.0,-999.0,-999.0,-999.0,-999.0,-999.0,-999,-999.0,-999,-999,-999
18,-999.0,-999,-999,-999.0,-999.0,-999.0,-999.0,-999.0,-999.0,-999.0,-999.0,0.0,-999.0,-999.0,0.0,-999.0,-999.0,-999.0,-999.0,-999.0,1.0,-999.0,0.0,0.0,-999.0,0.0,0.5,0.0,1.0,1.0,1.0,0.0,0.25,0.25,0.8333333333333334,0.5,0.5,0.2857142857142857,0.8181818181818182,0.625,0.6666666666666666,0.4444444444444444,0.45454545454545453,0.375,0.4666666666666667,0.75,0.26666666666666666,0.29411764705882354,0.7272727272727273,0.5789473684210527,0.6,0.36363636363636365,0.3333333333333333,0.5,0.6,0.3125,0.375,0.5,0.36363636363636365,0.5,0.5185185185185185,0.25925925925925924,0.3888888888888889,0.2916666666666667,0.4897959183673469,0.43333333333333335,0.5172413793103449,0.34615384615384615,0.5172413793103449,0.3333333333333333,0.3142857142857143,0.22580645161290322,0.37037037037037035,0.391304347826087,0.38461538461538464,0.3684210526315789,0.28,0.38461538461538464,0.18181818181818182,0.3333333333333333,0.3125,0.25,0.3333333333333333,0.6363636363636364,0.42857142857142855,0.2,0.5555555555555556,0.6666666666666666,0.42857142857142855,0.6,0.6666666666666666,0.5,0.6666666666666666,0.0,1.0,0.0,0.6666666666666666,0.7777777777777778,0.42857142857142855,0.0,0.6666666666666666,1.0,0.0,0.5,0.5,1.0,-999.0,-999.0,1.0,0.5,-999.0,1.0,-999.0,-999.0,-999.0,-999.0,-999.0,-999.0,-999.0,-999.0,-999.0,-999.0,-999.0,-999.0,-999,1.0,-999,-999,-999
19,-999.0,-999,-999,0.0,-999.0,-999.0,-999.0,-999.0,-999.0,-999.0,-999.0,1.0,-999.0,-999.0,0.0,-999.0,1.0,1.0,-999.0,-999.0,0.0,-999.0,-999.0,0.0,1.0,0.5,0.25,1.0,0.5,0.16666666666666666,0.0,1.0,0.5714285714285714,-999.0,0.6,0.5,0.25,0.42857142857142855,0.3,0.5,0.6,0.3076923076923077,0.5454545454545454,0.6363636363636364,0.21428571428571427,0.5789473684210527,0.3333333333333333,0.3,0.5,0.5263157894736842,0.2857142857142857,0.35294117647058826,0.3684210526315789,0.47058823529411764,0.2631578947368421,0.25,0.32,0.5185185185185185,0.43478260869565216,0.3333333333333333,0.45454545454545453,0.5806451612903226,0.3548387096774194,0.4,0.37777777777777777,0.43478260869565216,0.45454545454545453,0.42424242424242425,0.3793103448275862,0.5357142857142857,0.45,0.5789473684210527,0.35,0.3181818181818182,0.45454545454545453,0.29411764705882354,0.3157894736842105,0.3333333333333333,0.29411764705882354,0.47619047619047616,0.6,0.45454545454545453,0.6666666666666666,0.6666666666666666,0.5555555555555556,0.5714285714285714,0.5,0.5625,0.3333333333333333,0.4,0.42857142857142855,1.0,0.3333333333333333,0.75,-999.0,0.75,0.4,0.25,0.625,1.0,-999.0,1.0,0.0,-999.0,-999.0,0.0,0.0,-999.0,-999.0,0.0,-999.0,-999.0,-999.0,-999.0,-999.0,-999.0,-999.0,1.0,-999.0,-999.0,-999.0,-999.0,-999.0,-999.0,-999,-999.0,-999,-999,-999
20,-999.0,-999,-999,-999.0,-999.0,-999.0,-999.0,-999.0,-999.0,-999.0,-999.0,0.0,-999.0,-999.0,-999.0,-999.0,-999.0,1.0,-999.0,-999.0,1.0,-999.0,-999.0,1.0,0.0,0.0,0.0,1.0,0.6666666666666666,0.5,0.6666666666666666,0.3333333333333333,0.5,1.0,0.5,0.0,0.5714285714285714,0.375,0.6666666666666666,0.3333333333333333,0.5714285714285714,0.4166666666666667,0.7272727272727273,0.6153846153846154,0.5714285714285714,0.21428571428571427,0.4666666666666667,0.5,0.6,0.5,0.21052631578947367,0.47619047619047616,0.47058823529411764,0.35,0.35,0.5833333333333334,0.6296296296296297,0.4782608695652174,0.4166666666666667,0.3125,0.38461538461538464,0.7857142857142857,0.48717948717948717,0.3225806451612903,0.3125,0.21739130434782608,0.53125,0.5294117647058824,0.26666666666666666,0.2962962962962963,0.3333333333333333,0.3076923076923077,0.4090909090909091,0.3125,0.5833333333333334,0.4375,0.26666666666666666,0.44,0.2,0.5,0.3888888888888889,0.6666666666666666,0.35294117647058826,0.5789473684210527,0.5555555555555556,0.2,0.4444444444444444,0.5,0.42857142857142855,0.75,0.5,0.4,0.4,0.75,0.2,0.75,0.5,0.0,0.25,0.3333333333333333,0.0,0.0,0.6666666666666666,0.3333333333333333,-999.0,-999.0,1.0,-999.0,-999.0,0.0,-999.0,-999.0,0.0,-999.0,0.0,-999.0,-999.0,0.0,-999.0,-999.0,-999.0,-999.0,-999.0,0.0,-999,-999.0,-999,-999,-999
21,-999.0,-999,-999,-999.0,-999.0,-999.0,-999.0,-999.0,-999.0,-999.0,-999.0,1.0,-999.0,-999.0,-999.0,-999.0,1.0,0.0,-999.0,-999.0,-999.0,-999.0,1.0,0.0,0.0,0.0,0.5,0.0,1.0,0.3333333333333333,0.0,0.5,0.0,0.8,0.6666666666666666,0.4,0.3333333333333333,0.8,0.6,0.14285714285714285,0.25,0.35714285714285715,0.7,0.4,0.36363636363636365,0.5384615384615384,0.35294117647058826,0.6,0.47368421052631576,0.3888888888888889,0.43478260869565216,0.3125,0.35714285714285715,0.4666666666666667,0.3125,0.2,0.46153846153846156,0.2727272727272727,0.3333333333333333,0.2222222222222222,0.2962962962962963,0.48484848484848486,0.45,0.5,0.34545454545454546,0.2727272727272727,0.44,0.34615384615384615,0.5,0.3076923076923077,0.36363636363636365,0.3333333333333333,0.4594594594594595,0.4230769230769231,0.46153846153846156,0.3684210526315789,0.32,0.34782608695652173,0.35294117647058826,0.36363636363636365,0.4166666666666667,0.375,0.4444444444444444,0.5789473684210527,0.42857142857142855,0.5555555555555556,0.7272727272727273,0.2,0.6666666666666666,0.2857142857142857,0.5555555555555556,0.7142857142857143,0.3333333333333333,0.4444444444444444,0.6,0.2,0.3,-999.0,0.0,0.3333333333333333,1.0,-999.0,0.3333333333333333,0.5,1.0,1.0,-999.0,-999.0,-999.0,-999.0,-999.0,-999.0,-999.0,-999.0,-999.0,-999.0,-999.0,0.0,-999.0,-999.0,-999.0,-999.0,-999.0,1.0,-999,-999.0,-999,-999,-999
22,-999.0,-999,-999,-999.0,-999.0,1.0,-999.0,-999.0,-999.0,-999.0,-999.0,0.0,-999.0,-999.0,-999.0,-999.0,0.0,0.0,-999.0,-999.0,-999.0,-999.0,0.0,0.5,-999.0,1.0,1.0,0.0,0.0,0.75,0.5,0.5,0.4,0.4444444444444444,0.0,0.3333333333333333,0.3333333333333333,0.4,0.6363636363636364,0.625,0.2857142857142857,0.1,0.4166666666666667,0.29411764705882354,0.5,0.6,0.3125,0.375,0.29411764705882354,0.56,0.5555555555555556,0.5,0.3333333333333333,0.2777777777777778,0.26666666666666666,0.2916666666666667,0.43478260869565216,0.3888888888888889,0.24,0.5714285714285714,0.47619047619047616,0.42857142857142855,0.3055555555555556,0.38095238095238093,0.3620689655172414,0.35294117647058826,0.4444444444444444,0.4230769230769231,0.375,0.4444444444444444,0.25,0.38461538461538464,0.125,0.2857142857142857,0.625,0.391304347826087,0.44,0.42857142857142855,0.5263157894736842,0.3684210526315789,0.38095238095238093,0.3333333333333333,0.5,0.4166666666666667,0.5,0.09090909090909091,0.42857142857142855,0.8333333333333334,0.5,0.5555555555555556,0.4166666666666667,1.0,0.2,0.5,0.5,0.8,0.75,0.0,0.0,1.0,0.2,0.0,0.75,0.5,0.0,-999.0,-999.0,-999.0,1.0,-999.0,-999.0,-999.0,-999.0,-999.0,-999.0,-999.0,0.0,0.0,-999.0,-999.0,-999.0,-999.0,-999.0,-999.0,-999,-999.0,-999,-999,-999
23,-999.0,-999,-999,-999.0,-999.0,-999.0,-999.0,-999.0,-999.0,-999.0,-999.0,1.0,-999.0,-999.0,-999.0,-999.0,-999.0,1.0,0.0,-999.0,-999.0,-999.0,-999.0,0.0,0.0,0.0,0.0,0.0,0.5,0.0,0.6666666666666666,1.0,0.5,0.2857142857142857,0.0,0.75,0.18181818181818182,0.2857142857142857,0.5,0.42857142857142855,0.2,0.14285714285714285,0.3333333333333333,0.625,0.5384615384615384,0.4666666666666667,0.5,0.35714285714285715,0.4782608695652174,0.32,0.4090909090909091,0.2631578947368421,0.6,0.47619047619047616,0.5,0.23529411764705882,0.34615384615384615,0.3870967741935484,0.16129032258064516,0.5416666666666666,0.20833333333333334,0.4864864864864865,0.45161290322580644,0.625,0.3958333333333333,0.32142857142857145,0.37037037037037035,0.5185185185185185,0.5862068965517241,0.5,0.3,0.1875,0.5,0.3333333333333333,0.3,0.2857142857142857,0.4375,0.2,0.3157894736842105,0.6190476190476191,0.3333333333333333,0.3076923076923077,0.5333333333333333,0.4166666666666667,0.5,0.23076923076923078,0.625,0.42857142857142855,0.3,0.45454545454545453,0.5,0.75,0.5,0.2222222222222222,0.4,0.75,0.75,0.5,1.0,0.8,0.5,0.0,0.5,0.6666666666666666,-999.0,-999.0,-999.0,-999.0,-999.0,-999.0,0.0,-999.0,-999.0,-999.0,-999.0,-999.0,0.0,-999.0,-999.0,-999.0,-999.0,-999.0,-999.0,-999.0,-999,-999.0,-999,-999,-999
24,-999.0,-999,-999,-999.0,-999.0,-999.0,-999.0,-999.0,-999.0,-999.0,0.0,-999.0,-999.0,-999.0,-999.0,-999.0,-999.0,1.0,-999.0,-999.0,-999.0,-999.0,-999.0,0.3333333333333333,1.0,-999.0,0.5,0.0,0.0,0.3333333333333333,1.0,0.0,0.5,0.0,0.6666666666666666,0.4444444444444444,0.375,0.8,0.5,0.7777777777777778,0.2222222222222222,0.2222222222222222,0.18181818181818182,0.5555555555555556,0.23076923076923078,0.5,0.36363636363636365,0.36363636363636365,0.55,0.5294117647058824,0.391304347826087,0.42105263157894735,0.5555555555555556,0.23076923076923078,0.38461538461538464,0.4090909090909091,0.375,0.5588235294117647,0.5384615384615384,0.3333333333333333,0.32432432432432434,0.5172413793103449,0.2962962962962963,0.4827586206896552,0.5675675675675675,0.32432432432432434,0.5357142857142857,0.46875,0.23809523809523808,0.32,0.25,0.44,0.43478260869565216,0.3333333333333333,0.38095238095238093,0.4782608695652174,0.5882352941176471,0.3333333333333333,0.38461538461538464,0.16666666666666666,0.6190476190476191,0.3125,0.5384615384615384,0.35294117647058826,0.45454545454545453,0.3,0.42857142857142855,0.5555555555555556,0.5,0.5555555555555556,0.0,0.14285714285714285,0.3333333333333333,0.3333333333333333,0.3333333333333333,0.75,0.6666666666666666,1.0,0.6666666666666666,0.25,1.0,-999.0,0.0,0.0,-999.0,1.0,0.0,-999.0,0.0,-999.0,0.0,-999.0,-999.0,-999.0,-999.0,0.0,-999.0,0.0,-999.0,-999.0,-999.0,-999.0,1.0,-999.0,-999,-999.0,-999,-999,-999
25,-999.0,-999,-999,-999.0,-999.0,-999.0,1.0,-999.0,-999.0,-999.0,-999.0,0.0,-999.0,-999.0,1.0,1.0,-999.0,-999.0,-999.0,-999.0,1.0,0.0,-999.0,-999.0,-999.0,1.0,1.0,0.0,0.0,0.5,0.0,0.0,0.0,0.0,0.3333333333333333,0.3333333333333333,0.7142857142857143,0.0,0.14285714285714285,0.3,0.5,0.16666666666666666,0.5,0.36363636363636365,0.2727272727272727,0.5263157894736842,0.4375,0.3125,0.3333333333333333,0.3333333333333333,0.2222222222222222,0.2777777777777778,0.42857142857142855,0.3333333333333333,0.6086956521739131,0.3888888888888889,0.5,0.21052631578947367,0.45454545454545453,0.38461538461538464,0.5454545454545454,0.5555555555555556,0.3939393939393939,0.4482758620689655,0.4074074074074074,0.5588235294117647,0.5172413793103449,0.23076923076923078,0.42424242424242425,0.4318181818181818,0.44,0.5,0.21739130434782608,0.35294117647058826,0.47619047619047616,0.4583333333333333,0.2,0.2631578947368421,0.5,0.3888888888888889,0.5294117647058824,0.5,0.42105263157894735,0.4117647058823529,0.375,0.3333333333333333,0.46153846153846156,0.625,0.625,0.4,0.42857142857142855,0.7142857142857143,0.7142857142857143,0.5714285714285714,0.5,1.0,0.5,0.2,0.5,0.0,0.0,0.0,0.6666666666666666,0.0,-999.0,-999.0,1.0,-999.0,-999.0,-999.0,-999.0,-999.0,-999.0,-999.0,-999.0,-999.0,-999.0,1.0,0.0,-999.0,-999.0,-999.0,-999.0,-999.0,-999,-999.0,-999,-999,-999
26,-999.0,-999,-999,-999.0,-999.0,-999.0,0.0,-999.0,0.0,0.0,-999.0,-999.0,-999.0,-999.0,-999.0,-999.0,-999.0,-999.0,-999.0,-999.0,0.0,-999.0,-999.0,-999.0,1.0,1.0,1.0,1.0,0.3333333333333333,0.0,0.3333333333333333,0.4,0.3333333333333333,0.3333333333333333,0.6,0.42857142857142855,0.4,0.75,0.5,0.5,0.5,0.5714285714285714,0.42105263157894735,0.625,0.2,0.6,0.23076923076923078,0.4444444444444444,0.2857142857142857,0.5,0.4090909090909091,0.375,0.375,0.39285714285714285,0.5625,0.3333333333333333,0.3333333333333333,0.38461538461538464,0.38095238095238093,0.48484848484848486,0.4444444444444444,0.3333333333333333,0.45161290322580644,0.34210526315789475,0.40540540540540543,0.3939393939393939,0.34285714285714286,0.4166666666666667,0.48,0.43333333333333335,0.38461538461538464,0.44,0.26666666666666666,0.38461538461538464,0.43478260869565216,0.7333333333333333,0.29411764705882354,0.4444444444444444,0.45,0.3333333333333333,0.3,0.3333333333333333,0.5,0.6,0.3333333333333333,0.4666666666666667,0.6,0.2,0.25,0.5,0.5714285714285714,0.16666666666666666,0.75,0.5714285714285714,0.6666666666666666,0.5,1.0,0.0,0.6666666666666666,0.0,0.2,-999.0,0.5,0.0,-999.0,-999.0,-999.0,0.0,1.0,-999.0,-999.0,0.5,-999.0,-999.0,-999.0,-999.0,-999.0,1.0,-999.0,-999.0,-999.0,-999.0,-999.0,-999.0,-999,-999.0,-999,-999,-999
27,-999.0,-999,-999,-999.0,0.0,-999.0,-999.0,-999.0,-999.0,-999.0,-999.0,-999.0,-999.0,-999.0,-999.0,-999.0,-999.0,-999.0,1.0,-999.0,-999.0,-999.0,-999.0,1.0,1.0,1.0,0.0,1.0,0.25,0.0,1.0,0.0,-999.0,0.42857142857142855,0.0,0.5,0.7142857142857143,0.6666666666666666,0.6,0.6666666666666666,0.4,0.375,0.5,0.45454545454545453,0.7,0.3333333333333333,0.2222222222222222,0.5454545454545454,0.42857142857142855,0.3888888888888889,0.3333333333333333,0.375,0.5,0.6086956521739131,0.23809523809523808,0.35,0.5652173913043478,0.43478260869565216,0.5,0.25,0.4444444444444444,0.5625,0.4375,0.3333333333333333,0.3939393939393939,0.3333333333333333,0.5172413793103449,0.25,0.72,0.5333333333333333,0.2413793103448276,0.3181818181818182,0.4117647058823529,0.45,0.5454545454545454,0.3684210526315789,0.4583333333333333,0.3157894736842105,0.4117647058823529,0.5416666666666666,0.35294117647058826,0.5333333333333333,0.38461538461538464,0.6363636363636364,0.4166666666666667,0.5,0.5833333333333334,0.2222222222222222,0.3333333333333333,0.625,0.25,0.42857142857142855,0.6666666666666666,0.8571428571428571,0.42857142857142855,0.2857142857142857,0.6,0.6,0.0,0.5,0.0,1.0,-999.0,-999.0,-999.0,-999.0,0.0,-999.0,1.0,-999.0,-999.0,1.0,-999.0,-999.0,-999.0,-999.0,-999.0,0.6666666666666666,-999.0,-999.0,-999.0,-999.0,-999.0,-999.0,-999,-999.0,-999,-999,-999
28,-999.0,-999,-999,-999.0,-999.0,-999.0,-999.0,-999.0,-999.0,-999.0,-999.0,0.0,-999.0,-999.0,-999.0,-999.0,-999.0,0.0,-999.0,-999.0,0.5,-999.0,0.0,1.0,-999.0,0.3333333333333333,1.0,-999.0,-999.0,0.3333333333333333,0.0,0.2857142857142857,0.5,0.16666666666666666,0.5,0.4444444444444444,0.5,0.42857142857142855,0.5,0.4,0.4375,0.45454545454545453,0.23076923076923078,0.5454545454545454,0.3,0.47368421052631576,0.6666666666666666,0.47368421052631576,0.36363636363636365,0.4,0.5,0.35,0.3,0.38095238095238093,0.36666666666666664,0.4827586206896552,0.5357142857142857,0.3,0.5,0.3448275862068966,0.4444444444444444,0.2857142857142857,0.4722222222222222,0.34285714285714286,0.40625,0.5161290322580645,0.3225806451612903,0.2903225806451613,0.6666666666666666,0.4827586206896552,0.4444444444444444,0.47619047619047616,0.3,0.3333333333333333,0.3333333333333333,0.25,0.5333333333333333,0.42105263157894735,0.45,0.2608695652173913,0.47058823529411764,0.5714285714285714,0.25,0.21428571428571427,0.5,0.4166666666666667,0.14285714285714285,0.5,0.4,1.0,0.6666666666666666,0.5555555555555556,0.2,0.2857142857142857,0.0,0.0,-999.0,0.6,0.0,0.5,1.0,1.0,1.0,-999.0,1.0,-999.0,-999.0,1.0,-999.0,-999.0,-999.0,-999.0,-999.0,-999.0,1.0,0.0,-999.0,-999.0,-999.0,-999.0,-999.0,-999.0,0.0,-999.0,-999,-999.0,-999,-999,-999
29,-999.0,-999,-999,-999.0,-999.0,-999.0,0.0,-999.0,-999.0,-999.0,-999.0,-999.0,-999.0,0.0,1.0,-999.0,-999.0,-999.0,-999.0,-999.0,-999.0,1.0,0.0,1.0,-999.0,-999.0,0.3333333333333333,0.0,0.0,0.0,0.5,0.5,0.0,0.16666666666666666,0.25,1.0,0.25,0.6666666666666666,0.8333333333333334,0.8,0.14285714285714285,0.5833333333333334,0.5,0.23076923076923078,0.8333333333333334,0.38461538461538464,0.5384615384615384,0.7272727272727273,0.5454545454545454,0.38235294117647056,0.5333333333333333,0.23076923076923078,0.38095238095238093,0.29411764705882354,0.35,0.5555555555555556,0.4,0.4,0.2916666666666667,0.2727272727272727,0.5769230769230769,0.3235294117647059,0.3888888888888889,0.43333333333333335,0.4,0.3142857142857143,0.4594594594594595,0.36666666666666664,0.36666666666666664,0.3448275862068966,0.5185185185185185,0.3870967741935484,0.28125,0.39285714285714285,0.5238095238095238,0.2857142857142857,0.3684210526315789,0.45454545454545453,0.5238095238095238,0.2777777777777778,0.5,0.29411764705882354,0.6666666666666666,0.42857142857142855,0.6,0.375,0.25,0.4444444444444444,0.25,0.75,0.5714285714285714,0.25,0.25,0.5,0.0,1.0,0.5,0.8333333333333334,0.3333333333333333,0.8,-999.0,0.3333333333333333,-999.0,-999.0,-999.0,1.0,-999.0,-999.0,0.6666666666666666,-999.0,-999.0,-999.0,-999.0,-999.0,1.0,-999.0,-999.0,-999.0,-999.0,-999.0,-999.0,-999.0,-999.0,-999.0,-999,-999.0,-999,-999,-999
30,-999.0,-999,-999,-999.0,-999.0,-999.0,0.0,-999.0,-999.0,-999.0,-999.0,-999.0,-999.0,-999.0,-999.0,-999.0,-999.0,-999.0,0.0,-999.0,-999.0,-999.0,0.0,-999.0,0.0,0.0,-999.0,0.5,1.0,0.3333333333333333,0.0,0.625,0.5,0.6,0.8,0.3333333333333333,0.2,0.2857142857142857,0.5,0.2857142857142857,0.5714285714285714,0.4,0.3076923076923077,0.38461538461538464,0.6153846153846154,0.5,0.5833333333333334,0.3157894736842105,0.2857142857142857,0.5625,0.3333333333333333,0.5833333333333334,0.4583333333333333,0.42857142857142855,0.37037037037037035,0.28,0.4838709677419355,0.4583333333333333,0.48484848484848486,0.6071428571428571,0.28,0.46153846153846156,0.3793103448275862,0.37777777777777777,0.4523809523809524,0.3888888888888889,0.3333333333333333,0.39285714285714285,0.38461538461538464,0.43478260869565216,0.3333333333333333,0.38461538461538464,0.30434782608695654,0.25,0.5833333333333334,0.4117647058823529,0.2857142857142857,0.3157894736842105,0.48148148148148145,0.4782608695652174,0.5,0.09090909090909091,0.35714285714285715,0.38461538461538464,0.5,0.25,0.38461538461538464,0.3333333333333333,0.5,0.2857142857142857,0.3333333333333333,0.8571428571428571,0.14285714285714285,0.8,1.0,0.6666666666666666,1.0,-999.0,-999.0,0.14285714285714285,-999.0,-999.0,1.0,-999.0,0.0,1.0,0.0,0.0,0.0,-999.0,-999.0,1.0,-999.0,-999.0,1.0,-999.0,-999.0,-999.0,-999.0,-999.0,-999.0,-999.0,-999.0,-999.0,-999,-999.0,-999,-999,-999
31,-999.0,-999,-999,-999.0,-999.0,-999.0,-999.0,-999.0,-999.0,-999.0,-999.0,1.0,-999.0,-999.0,-999.0,0.0,-999.0,-999.0,-999.0,-999.0,0.0,-999.0,0.0,0.5,-999.0,-999.0,-999.0,-999.0,0.0,0.42857142857142855,0.3333333333333333,0.2,0.0,1.0,0.25,0.5555555555555556,0.14285714285714285,0.5,0.5714285714285714,0.3333333333333333,0.3333333333333333,0.75,0.4,0.5555555555555556,0.6363636363636364,0.4,0.25,0.42105263157894735,0.35294117647058826,0.42857142857142855,0.3870967741935484,0.4444444444444444,0.4,0.42857142857142855,0.6,0.3333333333333333,0.46153846153846156,0.45,0.3076923076923077,0.2692307692307692,0.5,0.5161290322580645,0.48,0.3055555555555556,0.2,0.45454545454545453,0.40625,0.3870967741935484,0.38461538461538464,0.48148148148148145,0.36363636363636365,0.4074074074074074,0.3333333333333333,0.4857142857142857,0.42857142857142855,0.47058823529411764,0.3684210526315789,0.35714285714285715,0.5714285714285714,0.35714285714285715,0.5625,0.375,0.5384615384615384,0.6153846153846154,0.4,0.4444444444444444,0.45454545454545453,0.6666666666666666,0.8571428571428571,0.375,0.4,0.2,0.625,-999.0,0.3333333333333333,0.2,0.6,0.3333333333333333,0.0,0.0,1.0,0.5,-999.0,0.0,0.0,1.0,1.0,-999.0,1.0,-999.0,1.0,-999.0,-999.0,0.0,-999.0,-999.0,-999.0,-999.0,-999.0,1.0,-999.0,-999.0,-999.0,-999.0,-999,-999.0,-999,-999,-999
32,-999.0,-999,-999,-999.0,-999.0,-999.0,-999.0,-999.0,-999.0,1.0,-999.0,1.0,-999.0,-999.0,-999.0,-999.0,-999.0,-999.0,-999.0,1.0,0.0,1.0,1.0,1.0,1.0,-999.0,-999.0,-999.0,0.0,0.3333333333333333,-999.0,0.0,0.25,0.3333333333333333,0.3333333333333333,0.3333333333333333,0.7142857142857143,0.1111111111111111,0.4,0.6363636363636364,0.5555555555555556,0.4444444444444444,0.42857142857142855,0.5555555555555556,0.5714285714285714,0.16666666666666666,0.4,0.4,0.14285714285714285,0.47619047619047616,0.5652173913043478,0.55,0.5769230769230769,0.35,0.47619047619047616,0.45161290322580644,0.47058823529411764,0.46153846153846156,0.4482758620689655,0.4838709677419355,0.5185185185185185,0.3,0.3888888888888889,0.40625,0.39285714285714285,0.46875,0.2857142857142857,0.3548387096774194,0.4166666666666667,0.48,0.3793103448275862,0.20833333333333334,0.3939393939393939,0.4,0.625,0.45454545454545453,0.5,0.5,0.42105263157894735,0.47058823529411764,0.375,0.4444444444444444,0.5555555555555556,0.1111111111111111,0.3333333333333333,0.35294117647058826,0.5,0.16666666666666666,0.36363636363636365,0.3333333333333333,0.625,0.42857142857142855,0.25,1.0,0.7777777777777778,0.5,0.25,0.0,0.6666666666666666,1.0,-999.0,-999.0,-999.0,0.0,-999.0,1.0,0.0,-999.0,-999.0,-999.0,1.0,-999.0,-999.0,1.0,-999.0,-999.0,-999.0,-999.0,-999.0,-999.0,-999.0,-999.0,-999.0,-999.0,-999,-999.0,-999,-999,-999
33,-999.0,-999,-999,-999.0,-999.0,-999.0,-999.0,-999.0,-999.0,0.0,-999.0,-999.0,-999.0,-999.0,-999.0,1.0,-999.0,-999.0,0.0,-999.0,-999.0,0.0,1.0,-999.0,-999.0,0.0,0.5,0.0,1.0,0.3333333333333333,0.0,0.3333333333333333,0.6666666666666666,0.42857142857142855,0.6666666666666666,0.5,0.3333333333333333,0.36363636363636365,0.25,0.5,0.5454545454545454,0.25,0.375,0.6666666666666666,0.42857142857142855,0.4166666666666667,0.42857142857142855,0.7,0.3157894736842105,0.3,0.30434782608695654,0.36363636363636365,0.2608695652173913,0.2,0.36,0.41379310344827586,0.3333333333333333,0.2857142857142857,0.4,0.5,0.38235294117647056,0.43333333333333335,0.47058823529411764,0.26666666666666666,0.3783783783783784,0.4090909090909091,0.4666666666666667,0.5862068965517241,0.45454545454545453,0.41379310344827586,0.3888888888888889,0.48148148148148145,0.5714285714285714,0.6,0.3076923076923077,0.5357142857142857,0.5,0.3333333333333333,0.55,0.5,0.375,0.5,0.6666666666666666,0.7142857142857143,0.5,0.375,0.7777777777777778,0.4166666666666667,0.625,0.5714285714285714,0.375,0.625,0.5,0.16666666666666666,0.2,0.0,0.4,0.3333333333333333,0.0,1.0,-999.0,-999.0,-999.0,0.5,0.0,0.6666666666666666,0.0,-999.0,-999.0,0.5,-999.0,-999.0,-999.0,-999.0,-999.0,-999.0,-999.0,-999.0,-999.0,-999.0,-999.0,-999.0,-999.0,-999.0,-999,-999.0,-999,-999,-999
34,-999.0,-999,-999,-999.0,-999.0,-999.0,-999.0,-999.0,-999.0,-999.0,-999.0,-999.0,-999.0,-999.0,-999.0,-999.0,-999.0,0.0,-999.0,0.0,-999.0,0.0,1.0,0.0,0.0,0.3333333333333333,0.75,-999.0,1.0,0.0,1.0,1.0,0.2857142857142857,0.75,0.3333333333333333,0.4,0.6666666666666666,0.4444444444444444,0.5,0.75,0.6666666666666666,0.36363636363636365,0.42857142857142855,0.36363636363636365,0.42857142857142855,0.45454545454545453,0.29411764705882354,0.38461538461538464,0.375,0.3333333333333333,0.4444444444444444,0.3333333333333333,0.16666666666666666,0.3181818181818182,0.4411764705882353,0.41935483870967744,0.2857142857142857,0.38235294117647056,0.36,0.32432432432432434,0.43478260869565216,0.4444444444444444,0.5161290322580645,0.4411764705882353,0.4473684210526316,0.3684210526315789,0.41379310344827586,0.21428571428571427,0.4358974358974359,0.4,0.4482758620689655,0.28,0.38461538461538464,0.43478260869565216,0.10526315789473684,0.45454545454545453,0.5,0.3125,0.24,0.5384615384615384,0.5,0.75,0.5555555555555556,0.2,0.6666666666666666,0.5,0.4,0.36363636363636365,0.2,0.45454545454545453,0.5555555555555556,0.5,0.2222222222222222,0.25,1.0,0.5,0.25,1.0,0.0,1.0,0.0,-999.0,-999.0,1.0,-999.0,-999.0,-999.0,0.0,-999.0,0.0,-999.0,-999.0,-999.0,1.0,-999.0,-999.0,-999.0,-999.0,-999.0,1.0,-999.0,-999.0,-999.0,-999.0,-999,-999.0,-999,-999,-999
35,-999.0,-999,-999,-999.0,-999.0,-999.0,-999.0,-999.0,-999.0,-999.0,-999.0,-999.0,-999.0,-999.0,-999.0,-999.0,-999.0,-999.0,-999.0,0.0,-999.0,-999.0,-999.0,-999.0,-999.0,0.0,-999.0,-999.0,1.0,0.3333333333333333,0.0,0.0,0.6,0.2,0.0,0.4444444444444444,0.5,0.5714285714285714,1.0,0.36363636363636365,0.1111111111111111,0.45454545454545453,0.2727272727272727,0.3333333333333333,0.375,0.6363636363636364,0.47058823529411764,0.23076923076923078,0.23809523809523808,0.15384615384615385,0.38461538461538464,0.5294117647058824,0.5,0.4444444444444444,0.3157894736842105,0.43478260869565216,0.4,0.4090909090909091,0.4230769230769231,0.41935483870967744,0.36,0.5714285714285714,0.5,0.625,0.45454545454545453,0.3611111111111111,0.42105263157894735,0.34615384615384615,0.48,0.34210526315789475,0.4230769230769231,0.4,0.3333333333333333,0.391304347826087,0.5454545454545454,0.5,0.2962962962962963,0.38461538461538464,0.5625,0.5555555555555556,0.35294117647058826,0.5333333333333333,0.35714285714285715,0.3333333333333333,0.5,0.42857142857142855,0.46153846153846156,0.5,0.2857142857142857,0.4,0.3333333333333333,0.0,0.25,0.5,0.5,0.6,0.16666666666666666,0.5,0.5,0.5,0.6666666666666666,0.5,0.6666666666666666,-999.0,0.3333333333333333,0.0,-999.0,0.0,1.0,-999.0,-999.0,-999.0,-999.0,-999.0,-999.0,0.0,-999.0,-999.0,-999.0,-999.0,-999.0,-999.0,-999.0,-999.0,-999,-999.0,-999,-999,-999
36,-999.0,-999,-999,-999.0,-999.0,-999.0,-999.0,-999.0,-999.0,-999.0,-999.0,-999.0,-999.0,-999.0,-999.0,-999.0,-999.0,-999.0,-999.0,-999.0,1.0,-999.0,-999.0,0.0,0.0,0.0,1.0,-999.0,0.5,0.6666666666666666,1.0,0.0,0.5,0.25,0.14285714285714285,0.5,0.25,0.5714285714285714,0.6666666666666666,0.4444444444444444,0.5,0.2857142857142857,0.4,0.375,0.47058823529411764,0.16666666666666666,0.35714285714285715,0.5,0.4,0.5,0.29411764705882354,0.4375,0.4,0.3333333333333333,0.38461538461538464,0.5,0.5384615384615384,0.4074074074074074,0.29411764705882354,0.4375,0.34285714285714286,0.5714285714285714,0.25,0.3684210526315789,0.20588235294117646,0.2903225806451613,0.4444444444444444,0.375,0.5217391304347826,0.4857142857142857,0.4782608695652174,0.4090909090909091,0.42857142857142855,0.43333333333333335,0.34782608695652173,0.28,0.3333333333333333,0.3076923076923077,0.28,0.4,0.0,0.3333333333333333,0.5333333333333333,0.4166666666666667,0.1111111111111111,0.3333333333333333,0.4444444444444444,0.4,0.42857142857142855,0.2857142857142857,0.4,0.5,0.8333333333333334,0.0,0.25,0.5,0.0,0.6666666666666666,-999.0,0.0,1.0,0.0,1.0,-999.0,1.0,-999.0,1.0,0.0,-999.0,-999.0,-999.0,-999.0,1.0,-999.0,-999.0,0.0,-999.0,-999.0,-999.0,0.0,-999.0,-999.0,-999.0,-999.0,-999,-999.0,-999,-999,-999
37,-999.0,-999,-999,-999.0,-999.0,-999.0,-999.0,-999.0,-999.0,-999.0,-999.0,0.0,-999.0,-999.0,0.0,-999.0,-999.0,-999.0,-999.0,-999.0,0.0,-999.0,0.0,-999.0,1.0,0.0,0.0,-999.0,-999.0,0.5,0.0,0.4444444444444444,0.2,0.5,0.6,0.0,0.6666666666666666,0.6666666666666666,0.35714285714285715,0.5,0.5,0.7,0.38461538461538464,0.42857142857142855,0.35294117647058826,0.5714285714285714,0.5,0.26666666666666666,0.23809523809523808,0.5625,0.55,0.55,0.5,0.4,0.4827586206896552,0.625,0.4482758620689655,0.35714285714285715,0.35714285714285715,0.48148148148148145,0.38235294117647056,0.36666666666666664,0.4358974358974359,0.25,0.40625,0.40625,0.4642857142857143,0.4,0.4,0.391304347826087,0.14285714285714285,0.52,0.36,0.375,0.5,0.4666666666666667,0.25,0.4666666666666667,0.2777777777777778,0.38461538461538464,0.5294117647058824,0.3333333333333333,0.4166666666666667,0.6,0.4,0.18181818181818182,0.36363636363636365,0.625,0.625,0.5,0.3333333333333333,0.625,0.3333333333333333,0.5714285714285714,0.25,0.0,1.0,0.5,0.0,1.0,0.5,0.3333333333333333,0.5,0.0,-999.0,-999.0,-999.0,0.0,0.5,-999.0,-999.0,-999.0,-999.0,-999.0,-999.0,-999.0,-999.0,-999.0,-999.0,0.0,-999.0,-999.0,-999.0,-999.0,-999,-999.0,-999,-999,-999
38,-999.0,-999,-999,-999.0,-999.0,-999.0,-999.0,0.0,-999.0,-999.0,-999.0,-999.0,-999.0,-999.0,-999.0,-999.0,-999.0,-999.0,-999.0,-999.0,0.0,-999.0,0.0,-999.0,-999.0,1.0,1.0,1.0,0.0,0.0,0.5,0.5,0.6666666666666666,0.0,0.5454545454545454,0.2857142857142857,0.25,0.5,0.375,0.4444444444444444,0.2222222222222222,0.6428571428571429,0.5384615384615384,0.3333333333333333,0.35714285714285715,0.3333333333333333,0.5454545454545454,0.5,0.5652173913043478,0.6153846153846154,0.5294117647058824,0.3888888888888889,0.48148148148148145,0.3181818181818182,0.55,0.5909090909090909,0.4666666666666667,0.3448275862068966,0.4634146341463415,0.3181818181818182,0.48484848484848486,0.5483870967741935,0.23076923076923078,0.4857142857142857,0.3142857142857143,0.4375,0.34285714285714286,0.37037037037037035,0.6071428571428571,0.3103448275862069,0.35294117647058826,0.625,0.39473684210526316,0.21428571428571427,0.40625,0.5294117647058824,0.7,0.4,0.2,0.1875,0.375,0.5384615384615384,0.4375,0.2727272727272727,0.3333333333333333,0.3333333333333333,0.0,0.4,0.3076923076923077,0.6666666666666666,0.125,0.0,0.5,0.0,0.6666666666666666,0.5,0.6666666666666666,0.5,-999.0,0.0,0.0,0.0,-999.0,1.0,0.0,1.0,0.0,0.0,-999.0,-999.0,-999.0,-999.0,-999.0,-999.0,0.0,-999.0,-999.0,1.0,-999.0,-999.0,-999.0,-999.0,-999.0,-999.0,-999,-999.0,-999,-999,-999
39,-999.0,-999,-999,-999.0,-999.0,-999.0,-999.0,-999.0,-999.0,-999.0,-999.0,1.0,0.0,-999.0,-999.0,-999.0,-999.0,-999.0,-999.0,-999.0,0.0,1.0,0.0,0.0,-999.0,-999.0,0.0,-999.0,1.0,0.0,0.6666666666666666,0.7142857142857143,0.5,0.5,0.5,0.0,0.16666666666666666,0.2,0.3076923076923077,0.375,0.6666666666666666,0.7777777777777778,0.6,0.6875,0.5714285714285714,0.25,0.4444444444444444,0.1875,0.6111111111111112,0.4666666666666667,0.47368421052631576,0.47619047619047616,0.2727272727272727,0.42105263157894735,0.5454545454545454,0.5,0.4722222222222222,0.42857142857142855,0.5625,0.5,0.26666666666666666,0.45454545454545453,0.4411764705882353,0.32,0.3023255813953488,0.5263157894736842,0.41379310344827586,0.5517241379310345,0.3055555555555556,0.375,0.22727272727272727,0.47619047619047616,0.32,0.5416666666666666,0.45161290322580644,0.47619047619047616,0.3333333333333333,0.3,0.23529411764705882,0.2,0.3333333333333333,0.5555555555555556,0.375,0.3333333333333333,0.45454545454545453,0.16666666666666666,0.4,0.4,0.3,0.5,0.6666666666666666,0.625,0.2727272727272727,0.6666666666666666,1.0,0.0,0.6,0.3333333333333333,-999.0,0.4,0.5,0.0,0.0,0.0,0.0,-999.0,0.0,-999.0,-999.0,-999.0,-999.0,-999.0,-999.0,-999.0,-999.0,-999.0,-999.0,-999.0,1.0,-999.0,-999.0,-999.0,-999.0,-999.0,-999,-999.0,-999,-999,-999
40,-999.0,-999,-999,-999.0,-999.0,-999.0,-999.0,-999.0,-999.0,-999.0,1.0,-999.0,-999.0,-999.0,-999.0,-999.0,-999.0,-999.0,-999.0,-999.0,0.0,0.0,-999.0,0.0,0.0,1.0,-999.0,0.0,1.0,1.0,0.5,-999.0,0.0,0.3333333333333333,0.0,0.0,0.46153846153846156,0.5714285714285714,0.5,0.5,0.4,0.5555555555555556,0.16666666666666666,0.375,0.3888888888888889,0.1,0.46153846153846156,0.5625,0.3888888888888889,0.4166666666666667,0.5555555555555556,0.47058823529411764,0.45454545454545453,0.34782608695652173,0.52,0.45454545454545453,0.47058823529411764,0.45454545454545453,0.3333333333333333,0.2692307692307692,0.34285714285714286,0.5333333333333333,0.34615384615384615,0.2857142857142857,0.34285714285714286,0.4642857142857143,0.44,0.37037037037037035,0.40625,0.5151515151515151,0.22727272727272727,0.45,0.4146341463414634,0.375,0.6,0.3181818181818182,0.35,0.43478260869565216,0.46153846153846156,0.4166666666666667,0.5,0.25,0.2222222222222222,0.17647058823529413,0.5714285714285714,0.38461538461538464,0.125,0.6363636363636364,0.4,0.3,0.3333333333333333,0.3333333333333333,0.0,-999.0,0.0,0.4,0.5,0.3333333333333333,0.3333333333333333,0.5,0.0,1.0,1.0,0.0,-999.0,0.0,1.0,-999.0,-999.0,-999.0,-999.0,-999.0,-999.0,1.0,-999.0,0.0,-999.0,-999.0,-999.0,-999.0,-999.0,-999.0,-999.0,-999.0,-999,-999.0,-999,-999,-999
41,-999.0,-999,-999,-999.0,-999.0,-999.0,-999.0,-999.0,-999.0,-999.0,-999.0,-999.0,-999.0,1.0,-999.0,0.0,-999.0,-999.0,0.0,-999.0,0.0,-999.0,-999.0,-999.0,-999.0,1.0,-999.0,0.3333333333333333,1.0,0.5,0.5,0.8,0.75,0.3333333333333333,0.5,1.0,0.42857142857142855,0.5,0.6666666666666666,0.5,0.6153846153846154,0.375,0.45454545454545453,0.5,0.35714285714285715,0.625,0.3333333333333333,0.2,0.5625,0.3684210526315789,0.4375,0.4375,0.26666666666666666,0.6071428571428571,0.20833333333333334,0.38095238095238093,0.5,0.32,0.4166666666666667,0.5357142857142857,0.3939393939393939,0.29411764705882354,0.5357142857142857,0.5769230769230769,0.3783783783783784,0.4444444444444444,0.48,0.6285714285714286,0.45714285714285713,0.32142857142857145,0.35294117647058826,0.24,0.3333333333333333,0.4827586206896552,0.2857142857142857,0.6,0.4166666666666667,0.5,0.6111111111111112,0.3333333333333333,0.3181818181818182,0.35714285714285715,0.6153846153846154,0.45454545454545453,0.8333333333333334,0.36363636363636365,0.5555555555555556,0.6,0.45454545454545453,0.5,0.25,0.4,0.5,0.6666666666666666,0.0,0.0,0.6666666666666666,0.5,1.0,-999.0,1.0,1.0,0.0,-999.0,-999.0,1.0,0.0,0.0,-999.0,-999.0,-999.0,-999.0,-999.0,-999.0,-999.0,1.0,-999.0,-999.0,-999.0,-999.0,-999.0,-999.0,-999.0,-999.0,-999,-999.0,-999,-999,-999
42,-999.0,-999,-999,-999.0,-999.0,-999.0,-999.0,-999.0,-999.0,-999.0,-999.0,-999.0,-999.0,-999.0,-999.0,1.0,-999.0,-999.0,-999.0,0.0,1.0,1.0,-999.0,-999.0,-999.0,-999.0,-999.0,1.0,0.25,0.5,0.0,0.5,0.0,0.25,0.2,0.5,0.2,0.5555555555555556,0.5,0.25,0.6153846153846154,0.6666666666666666,0.5,0.75,0.2222222222222222,0.38461538461538464,0.25,0.45454545454545453,0.35,0.4166666666666667,0.6,0.2857142857142857,0.46153846153846156,0.2222222222222222,0.3076923076923077,0.3181818181818182,0.5,0.5454545454545454,0.5,0.4074074074074074,0.43902439024390244,0.36666666666666664,0.5555555555555556,0.41379310344827586,0.5,0.3333333333333333,0.2608695652173913,0.24324324324324326,0.375,0.4375,0.6153846153846154,0.5,0.5172413793103449,0.35294117647058826,0.3225806451612903,0.46153846153846156,0.36363636363636365,0.46153846153846156,0.3333333333333333,0.5652173913043478,0.5882352941176471,0.375,0.5,0.3333333333333333,0.6,0.45454545454545453,0.26666666666666666,0.625,0.35714285714285715,0.2,0.375,0.5714285714285714,0.42857142857142855,1.0,0.6,0.5,0.4,0.5,0.0,1.0,1.0,1.0,-999.0,1.0,-999.0,1.0,-999.0,-999.0,-999.0,-999.0,1.0,-999.0,0.0,-999.0,-999.0,1.0,-999.0,-999.0,-999.0,-999.0,-999.0,-999.0,-999.0,-999.0,-999,-999.0,-999,-999,-999
43,-999.0,-999,-999,-999.0,-999.0,-999.0,-999.0,-999.0,-999.0,-999.0,-999.0,-999.0,-999.0,-999.0,-999.0,-999.0,-999.0,-999.0,-999.0,-999.0,-999.0,-999.0,-999.0,0.5,-999.0,-999.0,0.0,0.25,0.3333333333333333,0.5,0.3333333333333333,0.0,0.25,0.5,0.25,0.5,0.3333333333333333,0.6153846153846154,0.0,0.5454545454545454,0.4444444444444444,0.6,0.25,0.2,0.46153846153846156,0.4444444444444444,0.631578947368421,0.23529411764705882,0.5,0.45,0.35714285714285715,0.5,0.41379310344827586,0.47619047619047616,0.4583333333333333,0.35,0.3870967741935484,0.46153846153846156,0.5,0.36,0.5185185185185185,0.5333333333333333,0.3333333333333333,0.37037037037037035,0.5121951219512195,0.631578947368421,0.4,0.37142857142857144,0.53125,0.4444444444444444,0.375,0.37037037037037035,0.5238095238095238,0.39285714285714285,0.3684210526315789,0.125,0.3333333333333333,0.5714285714285714,0.47058823529411764,0.23076923076923078,0.4,0.4444444444444444,0.38461538461538464,0.4,0.5555555555555556,0.6923076923076923,0.5,0.5,0.2222222222222222,0.3333333333333333,0.25,0.6666666666666666,0.4,0.6666666666666666,0.25,0.5,0.5,0.0,0.25,1.0,0.0,-999.0,-999.0,-999.0,-999.0,-999.0,-999.0,0.0,1.0,0.0,-999.0,-999.0,0.0,1.0,-999.0,1.0,-999.0,-999.0,-999.0,-999.0,-999.0,-999.0,-999.0,-999.0,-999,-999.0,-999,-999,-999
44,-999.0,-999,-999,-999.0,-999.0,-999.0,-999.0,-999.0,-999.0,-999.0,-999.0,0.0,-999.0,1.0,-999.0,1.0,-999.0,-999.0,-999.0,-999.0,-999.0,1.0,-999.0,0.0,-999.0,-999.0,0.0,-999.0,0.3333333333333333,0.3333333333333333,0.5,1.0,0.0,0.75,0.4,0.375,0.8571428571428571,0.0,0.09090909090909091,0.3333333333333333,0.5,0.3333333333333333,0.8,0.42857142857142855,0.35714285714285715,0.4166666666666667,0.5,0.45454545454545453,0.3888888888888889,0.6363636363636364,0.44,0.29411764705882354,0.5833333333333334,0.375,0.45,0.5,0.6538461538461539,0.5384615384615384,0.5,0.25,0.48484848484848486,0.2894736842105263,0.2727272727272727,0.3076923076923077,0.45714285714285713,0.38235294117647056,0.36363636363636365,0.4358974358974359,0.5714285714285714,0.5172413793103449,0.20833333333333334,0.3333333333333333,0.5,0.4090909090909091,0.2857142857142857,0.6190476190476191,0.47619047619047616,0.42105263157894735,0.2222222222222222,0.5555555555555556,0.5,0.29411764705882354,0.4444444444444444,0.6,0.5454545454545454,0.4,0.7,0.2857142857142857,0.6111111111111112,0.5714285714285714,0.5454545454545454,0.25,1.0,0.5,0.2,0.6666666666666666,0.3333333333333333,1.0,1.0,-999.0,0.5,0.0,-999.0,0.0,-999.0,-999.0,-999.0,0.0,1.0,-999.0,-999.0,-999.0,-999.0,-999.0,-999.0,-999.0,-999.0,-999.0,-999.0,-999.0,-999.0,-999.0,-999.0,-999.0,-999,-999.0,-999,-999,-999
45,-999.0,-999,-999,-999.0,-999.0,-999.0,-999.0,-999.0,-999.0,-999.0,-999.0,-999.0,-999.0,-999.0,-999.0,-999.0,-999.0,-999.0,1.0,-999.0,-999.0,-999.0,-999.0,-999.0,-999.0,0.0,0.0,0.0,0.0,0.5,0.6666666666666666,0.5,0.8,0.5,0.5,0.5,1.0,0.8333333333333334,0.5,0.5555555555555556,0.5384615384615384,0.6666666666666666,0.36363636363636365,0.6,0.46153846153846156,0.4166666666666667,0.35714285714285715,0.3,0.36363636363636365,0.4375,0.3333333333333333,0.42857142857142855,0.4117647058823529,0.45,0.3333333333333333,0.38095238095238093,0.46153846153846156,0.4090909090909091,0.38461538461538464,0.34782608695652173,0.45454545454545453,0.43902439024390244,0.3548387096774194,0.4444444444444444,0.525,0.475,0.4482758620689655,0.375,0.2962962962962963,0.4411764705882353,0.2857142857142857,0.14285714285714285,0.3333333333333333,0.5416666666666666,0.2222222222222222,0.5384615384615384,0.3125,0.4090909090909091,0.5,0.6428571428571429,0.8,0.3125,0.45454545454545453,0.5,0.42857142857142855,0.6666666666666666,0.18181818181818182,0.36363636363636365,0.3333333333333333,0.3333333333333333,0.6,0.8,0.42857142857142855,0.5714285714285714,0.5,0.5,0.0,0.0,0.25,-999.0,0.5,0.0,0.0,0.0,-999.0,-999.0,-999.0,0.0,1.0,-999.0,-999.0,0.0,-999.0,-999.0,-999.0,1.0,-999.0,-999.0,-999.0,-999.0,-999.0,-999.0,-999.0,-999.0,-999,-999.0,-999,-999,-999
46,-999.0,-999,-999,-999.0,-999.0,-999.0,-999.0,-999.0,-999.0,-999.0,-999.0,-999.0,-999.0,1.0,-999.0,-999.0,-999.0,0.0,-999.0,-999.0,0.0,0.0,-999.0,-999.0,-999.0,-999.0,0.0,-999.0,-999.0,-999.0,0.6666666666666666,0.0,0.5,0.5,0.6666666666666666,0.8,0.16666666666666666,0.0,0.2,0.3333333333333333,0.5555555555555556,0.5454545454545454,0.46153846153846156,0.5714285714285714,0.45454545454545453,0.3333333333333333,0.4444444444444444,0.3333333333333333,0.4,0.38461538461538464,0.4782608695652174,0.55,0.5,0.4,0.5185185185185185,0.38461538461538464,0.5555555555555556,0.42857142857142855,0.4827586206896552,0.30303030303030304,0.48,0.4444444444444444,0.6206896551724138,0.3181818181818182,0.5757575757575758,0.2894736842105263,0.37037037037037035,0.4444444444444444,0.46153846153846156,0.40625,0.21052631578947367,0.38095238095238093,0.5416666666666666,0.2777777777777778,0.5714285714285714,0.45,0.4,0.45454545454545453,0.5,0.4166666666666667,0.4444444444444444,0.5294117647058824,0.36363636363636365,0.7272727272727273,0.42857142857142855,0.6666666666666666,0.38461538461538464,0.3333333333333333,0.6363636363636364,0.42857142857142855,0.5,0.5,0.25,0.5,0.5,0.0,0.42857142857142855,0.5,0.3333333333333333,0.5,0.5,-999.0,-999.0,1.0,-999.0,0.0,-999.0,-999.0,0.0,-999.0,-999.0,-999.0,-999.0,-999.0,-999.0,0.0,-999.0,-999.0,-999.0,-999.0,-999.0,-999.0,-999.0,-999.0,-999,-999.0,-999,-999,-999
47,-999.0,-999,-999,-999.0,-999.0,-999.0,-999.0,-999.0,-999.0,-999.0,-999.0,0.0,-999.0,-999.0,-999.0,-999.0,-999.0,-999.0,-999.0,-999.0,0.0,0.0,-999.0,0.0,0.0,-999.0,-999.0,-999.0,0.0,0.0,0.0,1.0,0.3333333333333333,0.25,0.3333333333333333,0.6,0.6,0.375,0.6,0.5833333333333334,0.4444444444444444,0.4444444444444444,0.3125,0.5,0.625,0.3888888888888889,0.6666666666666666,0.2777777777777778,0.5,0.5,0.35,0.38461538461538464,0.375,0.3793103448275862,0.30434782608695654,0.3157894736842105,0.44,0.48148148148148145,0.4074074074074074,0.34375,0.5217391304347826,0.3333333333333333,0.4,0.5172413793103449,0.4117647058823529,0.40476190476190477,0.3448275862068966,0.47058823529411764,0.53125,0.43243243243243246,0.3333333333333333,0.6,0.25,0.25,0.2857142857142857,0.42105263157894735,0.2727272727272727,0.5263157894736842,0.5333333333333333,0.47058823529411764,0.38461538461538464,0.5714285714285714,0.6666666666666666,0.5294117647058824,0.5625,0.875,0.4,0.5,0.5714285714285714,0.375,0.42857142857142855,0.25,0.0,0.7142857142857143,0.6666666666666666,0.5,0.3333333333333333,1.0,0.5,0.0,0.0,-999.0,-999.0,-999.0,-999.0,-999.0,-999.0,-999.0,0.5,-999.0,-999.0,-999.0,-999.0,0.0,-999.0,-999.0,-999.0,-999.0,-999.0,-999.0,-999.0,-999.0,-999.0,-999.0,-999,-999.0,-999,-999,-999
48,-999.0,-999,-999,-999.0,-999.0,-999.0,-999.0,-999.0,-999.0,-999.0,-999.0,-999.0,-999.0,0.0,-999.0,-999.0,-999.0,-999.0,-999.0,-999.0,1.0,-999.0,-999.0,0.5,-999.0,-999.0,-999.0,1.0,0.0,0.5,0.5,0.25,1.0,0.3333333333333333,0.75,0.6,0.25,0.2222222222222222,0.7142857142857143,0.6,0.25,0.25,0.4,0.4,0.45454545454545453,0.7333333333333333,0.4,0.3333333333333333,0.5,0.4090909090909091,0.35,0.2857142857142857,0.35714285714285715,0.34782608695652173,0.5454545454545454,0.5925925925925926,0.38461538461538464,0.41379310344827586,0.5,0.45161290322580644,0.5135135135135135,0.40540540540540543,0.30303030303030304,0.5151515151515151,0.3333333333333333,0.3333333333333333,0.4074074074074074,0.4642857142857143,0.7142857142857143,0.48,0.38235294117647056,0.4117647058823529,0.4074074074074074,0.48148148148148145,0.21428571428571427,0.47368421052631576,0.44,0.35294117647058826,0.4782608695652174,0.3333333333333333,0.5384615384615384,0.6,0.7,0.6923076923076923,0.3684210526315789,0.4,0.42857142857142855,0.6363636363636364,0.7142857142857143,0.4166666666666667,0.5,0.6666666666666666,0.0,0.4,0.5,1.0,1.0,0.0,0.3333333333333333,0.0,1.0,-999.0,-999.0,-999.0,0.0,-999.0,-999.0,1.0,0.0,-999.0,-999.0,-999.0,-999.0,-999.0,-999.0,0.0,-999.0,-999.0,-999.0,-999.0,-999.0,-999.0,-999.0,-999.0,-999,-999.0,-999,-999,-999
49,-999.0,-999,-999,-999.0,-999.0,-999.0,-999.0,-999.0,-999.0,-999.0,-999.0,0.0,-999.0,-999.0,-999.0,-999.0,-999.0,-999.0,-999.0,-999.0,1.0,-999.0,-999.0,-999.0,0.0,0.0,0.0,1.0,-999.0,0.0,-999.0,0.0,0.0,0.0,0.0,0.5,0.6,0.75,0.5,0.3333333333333333,0.14285714285714285,0.6666666666666666,0.2,0.3333333333333333,0.16666666666666666,0.6875,0.2857142857142857,0.5882352941176471,0.4444444444444444,0.41379310344827586,0.42105263157894735,0.4444444444444444,0.391304347826087,0.5238095238095238,0.36363636363636365,0.36363636363636365,0.34375,0.29411764705882354,0.48484848484848486,0.3181818181818182,0.2916666666666667,0.34615384615384615,0.5185185185185185,0.28888888888888886,0.7352941176470589,0.2894736842105263,0.45714285714285713,0.41379310344827586,0.5925925925925926,0.42857142857142855,0.3333333333333333,0.5517241379310345,0.5833333333333334,0.2962962962962963,0.2631578947368421,0.5833333333333334,0.46153846153846156,0.5789473684210527,0.4666666666666667,0.4166666666666667,0.5333333333333333,0.29411764705882354,0.5,0.6153846153846154,0.35714285714285715,0.6,0.4444444444444444,0.45454545454545453,0.6,0.2857142857142857,0.6,0.4444444444444444,0.3333333333333333,0.5,0.25,0.6666666666666666,0.8,0.3333333333333333,1.0,1.0,0.5,-999.0,-999.0,-999.0,-999.0,1.0,0.0,1.0,-999.0,-999.0,-999.0,-999.0,-999.0,0.0,-999.0,-999.0,-999.0,-999.0,-999.0,-999.0,-999.0,-999.0,-999.0,-999.0,-999,-999.0,-999,-999,-999
50,-999.0,-999,-999,-999.0,-999.0,-999.0,-999.0,-999.0,-999.0,-999.0,-999.0,-999.0,-999.0,-999.0,-999.0,-999.0,-999.0,1.0,-999.0,-999.0,1.0,-999.0,0.0,-999.0,-999.0,1.0,-999.0,1.0,1.0,0.25,0.5,1.0,0.3333333333333333,0.2,0.5,0.3333333333333333,0.3333333333333333,0.5,0.3333333333333333,0.2857142857142857,0.7142857142857143,0.4,0.46153846153846156,0.3333333333333333,0.2857142857142857,0.5,0.4666666666666667,0.5,0.4166666666666667,0.6111111111111112,0.5384615384615384,0.38461538461538464,0.5217391304347826,0.36,0.34615384615384615,0.5172413793103449,0.4,0.43333333333333335,0.3888888888888889,0.5769230769230769,0.4827586206896552,0.375,0.47368421052631576,0.4,0.45161290322580644,0.3939393939393939,0.4166666666666667,0.5,0.36666666666666664,0.4444444444444444,0.35135135135135137,0.43478260869565216,0.35,0.7368421052631579,0.5454545454545454,0.3076923076923077,0.45,0.375,0.3076923076923077,0.4090909090909091,0.5555555555555556,0.45,0.3333333333333333,0.625,0.2,0.45454545454545453,0.6666666666666666,0.6923076923076923,0.25,0.16666666666666666,0.5714285714285714,0.5555555555555556,0.3333333333333333,0.5,0.75,0.5,1.0,0.0,1.0,-999.0,-999.0,1.0,1.0,1.0,-999.0,0.5,-999.0,-999.0,-999.0,-999.0,-999.0,-999.0,-999.0,0.0,1.0,-999.0,-999.0,-999.0,-999.0,-999.0,-999.0,-999.0,-999.0,-999.0,-999,-999.0,-999,-999,-999
51,-999.0,-999,-999,-999.0,-999.0,-999.0,-999.0,-999.0,-999.0,-999.0,-999.0,-999.0,-999.0,-999.0,-999.0,0.5,-999.0,-999.0,-999.0,-999.0,-999.0,1.0,-999.0,1.0,-999.0,0.5,-999.0,1.0,-999.0,0.0,0.0,1.0,0.5,0.0,0.5,0.0,0.3333333333333333,0.1111111111111111,0.35714285714285715,0.5,0.2,0.25,0.6363636363636364,0.38461538461538464,0.375,0.4666666666666667,0.23076923076923078,0.55,0.2727272727272727,0.4583333333333333,0.3125,0.5,0.32142857142857145,0.3333333333333333,0.4666666666666667,0.5263157894736842,0.5263157894736842,0.34375,0.35714285714285715,0.4230769230769231,0.46153846153846156,0.5333333333333333,0.5405405405405406,0.4864864864864865,0.35294117647058826,0.4444444444444444,0.2916666666666667,0.38461538461538464,0.36666666666666664,0.4444444444444444,0.5185185185185185,0.375,0.4,0.44,0.56,0.5,0.5,0.42857142857142855,0.5454545454545454,0.5,0.5625,0.5384615384615384,0.3157894736842105,0.4444444444444444,0.5,0.3333333333333333,0.4444444444444444,0.5,0.4,0.5454545454545454,0.3333333333333333,0.2,0.4,0.3333333333333333,0.6666666666666666,0.5,-999.0,0.0,1.0,1.0,0.5,-999.0,-999.0,0.0,-999.0,-999.0,0.0,-999.0,-999.0,-999.0,-999.0,-999.0,-999.0,-999.0,1.0,-999.0,-999.0,-999.0,-999.0,-999.0,-999.0,-999.0,-999.0,-999.0,-999,-999.0,-999,-999,-999
52,-999.0,-999,-999,-999.0,-999.0,-999.0,-999.0,-999.0,-999.0,-999.0,-999.0,-999.0,-999.0,-999.0,-999.0,-999.0,-999.0,-999.0,-999.0,-999.0,0.5,-999.0,-999.0,-999.0,-999.0,0.5,-999.0,-999.0,0.0,0.0,0.5,-999.0,0.0,1.0,0.5,0.5,0.3,0.0,0.5,0.2857142857142857,0.6,0.625,0.625,0.0,0.0,0.08333333333333333,0.42105263157894735,0.3125,0.6,0.3333333333333333,0.375,0.2631578947368421,0.32,0.5,0.42857142857142855,0.25925925925925924,0.5,0.41935483870967744,0.5294117647058824,0.43478260869565216,0.44,0.5,0.35714285714285715,0.2962962962962963,0.4411764705882353,0.4166666666666667,0.2571428571428571,0.6551724137931034,0.4594594594594595,0.4,0.4,0.5416666666666666,0.4117647058823529,0.36666666666666664,0.36363636363636365,0.4444444444444444,0.6190476190476191,0.3888888888888889,0.6153846153846154,0.375,0.8181818181818182,0.3157894736842105,0.38461538461538464,0.5,0.6428571428571429,0.5555555555555556,0.8333333333333334,0.4,0.4444444444444444,0.375,0.6666666666666666,0.625,0.75,1.0,-999.0,0.0,1.0,0.0,-999.0,0.5,0.5,0.0,-999.0,1.0,0.0,0.0,-999.0,-999.0,-999.0,-999.0,1.0,-999.0,0.0,1.0,-999.0,-999.0,-999.0,-999.0,-999.0,-999.0,-999.0,-999.0,-999.0,-999.0,-999,-999.0,-999,-999,-999
53,-999.0,-999,-999,-999.0,-999.0,-999.0,-999.0,-999.0,-999.0,-999.0,-999.0,-999.0,1.0,-999.0,-999.0,-999.0,1.0,-999.0,1.0,-999.0,0.0,0.0,-999.0,-999.0,1.0,1.0,1.0,-999.0,-999.0,0.0,0.0,0.0,0.5,0.5,0.6,0.75,0.3333333333333333,0.5,0.3333333333333333,0.75,0.5,0.75,0.5,0.5,0.5555555555555556,0.3333333333333333,0.3684210526315789,0.42857142857142855,0.2,0.5,0.4117647058823529,0.29411764705882354,0.36,0.36,0.4782608695652174,0.2,0.44,0.5769230769230769,0.3333333333333333,0.36,0.4186046511627907,0.4857142857142857,0.4473684210526316,0.4358974358974359,0.41935483870967744,0.53125,0.6538461538461539,0.7142857142857143,0.5483870967741935,0.52,0.2962962962962963,0.42105263157894735,0.4,0.5882352941176471,0.45454545454545453,0.3333333333333333,0.47368421052631576,0.5652173913043478,0.3333333333333333,0.3333333333333333,0.5454545454545454,0.09090909090909091,0.625,0.5714285714285714,0.38461538461538464,0.25,0.42857142857142855,0.5555555555555556,0.38461538461538464,0.6,1.0,0.8333333333333334,0.125,0.0,-999.0,0.6666666666666666,0.3333333333333333,1.0,0.0,0.6666666666666666,1.0,-999.0,-999.0,-999.0,0.0,-999.0,0.0,-999.0,-999.0,-999.0,-999.0,-999.0,-999.0,-999.0,-999.0,-999.0,-999.0,-999.0,-999.0,-999.0,-999.0,-999.0,-999.0,-999.0,-999,-999.0,-999,-999,-999
54,-999.0,-999,-999,-999.0,-999.0,-999.0,-999.0,-999.0,-999.0,-999.0,-999.0,-999.0,-999.0,-999.0,-999.0,-999.0,0.0,-999.0,-999.0,-999.0,0.0,-999.0,-999.0,-999.0,-999.0,1.0,-999.0,0.0,-999.0,-999.0,0.6666666666666666,-999.0,0.3333333333333333,0.5,0.0,0.0,0.625,0.4166666666666667,0.2,0.16666666666666666,0.0,0.75,0.4,0.375,0.4166666666666667,0.42857142857142855,0.5833333333333334,0.6153846153846154,0.42857142857142855,0.38461538461538464,0.375,0.2727272727272727,0.42857142857142855,0.4230769230769231,0.2,0.475,0.5454545454545454,0.4166666666666667,0.48,0.4827586206896552,0.5151515151515151,0.391304347826087,0.34285714285714286,0.25806451612903225,0.36363636363636365,0.39473684210526316,0.38235294117647056,0.34615384615384615,0.3870967741935484,0.43478260869565216,0.36363636363636365,0.2962962962962963,0.47368421052631576,0.4444444444444444,0.4,0.36363636363636365,0.5294117647058824,0.2777777777777778,0.29411764705882354,0.5,0.2222222222222222,0.47058823529411764,0.6428571428571429,0.5882352941176471,0.2727272727272727,0.42857142857142855,0.5,0.3,0.3333333333333333,0.6666666666666666,0.2,0.5,0.6,0.6666666666666666,0.6,0.5,0.5,0.5,-999.0,1.0,0.5,0.5,0.3333333333333333,-999.0,-999.0,-999.0,0.5,-999.0,-999.0,-999.0,-999.0,-999.0,-999.0,-999.0,0.0,-999.0,-999.0,-999.0,-999.0,-999.0,-999.0,-999.0,-999.0,-999.0,-999,-999.0,-999,-999,-999
55,-999.0,-999,-999,-999.0,-999.0,-999.0,-999.0,-999.0,-999.0,-999.0,-999.0,-999.0,-999.0,1.0,-999.0,-999.0,-999.0,-999.0,-999.0,-999.0,-999.0,0.0,1.0,-999.0,-999.0,0.0,0.3333333333333333,-999.0,0.0,-999.0,0.5,-999.0,0.75,0.4,0.8,0.5,0.25,1.0,0.2222222222222222,0.5,0.4444444444444444,0.5,0.5,0.5,0.6,0.42857142857142855,0.5384615384615384,0.16666666666666666,0.375,0.5,0.36363636363636365,0.45,0.5333333333333333,0.32,0.3684210526315789,0.2962962962962963,0.3333333333333333,0.36363636363636365,0.5,0.3,0.375,0.3548387096774194,0.425,0.45454545454545453,0.45161290322580644,0.45454545454545453,0.3448275862068966,0.28,0.4230769230769231,0.46153846153846156,0.4230769230769231,0.32142857142857145,0.4827586206896552,0.42857142857142855,0.32142857142857145,0.5217391304347826,0.6666666666666666,0.5333333333333333,0.5714285714285714,0.3333333333333333,0.375,0.4,0.6875,0.2727272727272727,0.3,0.3,0.5,0.6666666666666666,0.5,0.25,0.6666666666666666,0.6666666666666666,0.5,0.5,-999.0,1.0,0.0,-999.0,1.0,-999.0,-999.0,1.0,1.0,1.0,-999.0,1.0,0.0,-999.0,-999.0,-999.0,-999.0,-999.0,-999.0,-999.0,-999.0,-999.0,-999.0,-999.0,-999.0,-999.0,-999.0,-999.0,-999.0,-999.0,-999,-999.0,-999,-999,-999
56,-999.0,-999,-999,-999.0,-999.0,-999.0,-999.0,-999.0,-999.0,-999.0,-999.0,-999.0,-999.0,0.0,-999.0,-999.0,-999.0,-999.0,-999.0,-999.0,-999.0,0.0,-999.0,1.0,-999.0,-999.0,0.0,-999.0,0.0,1.0,0.0,0.0,1.0,0.5,0.25,0.5,0.3333333333333333,0.4,0.8,0.2857142857142857,0.5555555555555556,0.4444444444444444,0.25,0.45454545454545453,0.5,0.4375,0.35714285714285715,0.4,0.5,0.5,0.2857142857142857,0.3684210526315789,0.2777777777777778,0.2647058823529412,0.4,0.5454545454545454,0.5151515151515151,0.5714285714285714,0.39285714285714285,0.56,0.41379310344827586,0.4117647058823529,0.48484848484848486,0.6086956521739131,0.475,0.3076923076923077,0.525,0.5483870967741935,0.52,0.25925925925925924,0.56,0.35714285714285715,0.5357142857142857,0.34782608695652173,0.5238095238095238,0.5384615384615384,0.5238095238095238,0.4666666666666667,0.43478260869565216,0.5217391304347826,0.5333333333333333,0.2222222222222222,0.4666666666666667,0.5333333333333333,0.3333333333333333,0.4444444444444444,0.75,0.46153846153846156,0.25,0.5,0.7142857142857143,0.6666666666666666,0.3333333333333333,0.2,0.6,0.5,0.0,-999.0,0.6666666666666666,0.0,0.5,-999.0,-999.0,1.0,0.0,0.0,-999.0,-999.0,-999.0,-999.0,-999.0,-999.0,-999.0,-999.0,-999.0,-999.0,-999.0,-999.0,-999.0,-999.0,-999.0,-999.0,-999.0,-999.0,-999,-999.0,-999,-999,-999
57,-999.0,-999,-999,-999.0,-999.0,-999.0,-999.0,-999.0,-999.0,-999.0,-999.0,-999.0,-999.0,-999.0,-999.0,-999.0,-999.0,-999.0,-999.0,-999.0,-999.0,-999.0,-999.0,-999.0,-999.0,-999.0,0.0,-999.0,1.0,1.0,0.5,0.5,0.0,0.6666666666666666,0.5,0.8333333333333334,0.0,0.3333333333333333,0.16666666666666666,0.4,0.5,0.4444444444444444,0.38461538461538464,0.46153846153846156,0.25,0.47058823529411764,0.3333333333333333,0.29411764705882354,0.23076923076923078,0.5333333333333333,0.42105263157894735,0.22727272727272727,0.4,0.35714285714285715,0.37037037037037035,0.45454545454545453,0.2857142857142857,0.30303030303030304,0.3793103448275862,0.32142857142857145,0.41379310344827586,0.4166666666666667,0.3939393939393939,0.53125,0.4166666666666667,0.5185185185185185,0.4473684210526316,0.27586206896551724,0.3888888888888889,0.2702702702702703,0.25,0.375,0.56,0.32,0.48148148148148145,0.34782608695652173,0.5263157894736842,0.2222222222222222,0.4117647058823529,0.4375,0.8333333333333334,0.45454545454545453,0.5,0.36363636363636365,0.2727272727272727,0.6428571428571429,0.6,0.375,0.5,0.7777777777777778,0.14285714285714285,0.3333333333333333,0.5714285714285714,0.6666666666666666,0.75,1.0,-999.0,1.0,-999.0,0.5,-999.0,-999.0,0.0,0.0,-999.0,-999.0,-999.0,0.5,-999.0,-999.0,-999.0,-999.0,1.0,0.0,-999.0,-999.0,-999.0,-999.0,-999.0,-999.0,-999.0,-999.0,-999.0,-999.0,-999,-999.0,-999,-999,-999
58,-999.0,-999,-999,-999.0,-999.0,-999.0,-999.0,-999.0,-999.0,-999.0,-999.0,-999.0,1.0,-999.0,-999.0,-999.0,0.0,-999.0,-999.0,-999.0,0.0,0.5,-999.0,-999.0,-999.0,-999.0,0.0,-999.0,1.0,0.5,0.5,0.5,0.0,0.5,0.5,0.3333333333333333,0.2222222222222222,0.6666666666666666,0.14285714285714285,0.3,0.4444444444444444,0.3,0.0,0.14285714285714285,0.5714285714285714,0.29411764705882354,0.6363636363636364,0.3333333333333333,0.29411764705882354,0.25,0.42857142857142855,0.5,0.28,0.5769230769230769,0.5,0.42105263157894735,0.25,0.43478260869565216,0.30303030303030304,0.42857142857142855,0.3684210526315789,0.37142857142857144,0.23333333333333334,0.46153846153846156,0.5,0.4090909090909091,0.5,0.34615384615384615,0.35294117647058826,0.4482758620689655,0.3793103448275862,0.4166666666666667,0.18181818181818182,0.27586206896551724,0.4444444444444444,0.391304347826087,0.3181818181818182,0.3684210526315789,0.5714285714285714,0.3333333333333333,0.4,0.375,0.2,0.4166666666666667,0.36363636363636365,0.23529411764705882,0.6666666666666666,0.125,0.8888888888888888,0.8333333333333334,0.6,0.5,0.75,1.0,0.3333333333333333,0.6666666666666666,1.0,0.0,-999.0,0.0,0.0,-999.0,0.5,0.0,-999.0,-999.0,-999.0,-999.0,-999.0,-999.0,-999.0,-999.0,-999.0,-999.0,-999.0,-999.0,-999.0,-999.0,-999.0,-999.0,-999.0,-999.0,-999.0,-999.0,-999,-999.0,-999,-999,-999
59,-999.0,-999,-999,-999.0,-999.0,-999.0,-999.0,-999.0,-999.0,-999.0,-999.0,-999.0,1.0,-999.0,0.0,-999.0,-999.0,-999.0,-999.0,-999.0,-999.0,-999.0,-999.0,1.0,-999.0,-999.0,-999.0,-999.0,0.0,0.3333333333333333,-999.0,0.5,0.5,0.5,0.5,0.75,0.5,0.14285714285714285,0.6666666666666666,0.3333333333333333,0.5,0.21052631578947367,0.6,0.5833333333333334,0.8,0.3076923076923077,0.4666666666666667,0.3888888888888889,0.3076923076923077,0.375,0.3333333333333333,0.42857142857142855,0.3684210526315789,0.5,0.55,0.23076923076923078,0.4375,0.3448275862068966,0.13043478260869565,0.4583333333333333,0.2962962962962963,0.3333333333333333,0.4,0.4473684210526316,0.34375,0.42857142857142855,0.40625,0.3611111111111111,0.34375,0.37037037037037035,0.4827586206896552,0.55,0.4583333333333333,0.41935483870967744,0.47619047619047616,0.5,0.4090909090909091,0.391304347826087,0.38461538461538464,0.5,0.6470588235294118,0.5454545454545454,0.5,0.5,0.5714285714285714,0.2857142857142857,0.5384615384615384,0.2,0.6,0.42857142857142855,0.4,0.0,0.3333333333333333,1.0,0.75,0.25,0.0,-999.0,0.0,0.0,0.5,-999.0,0.3333333333333333,0.0,1.0,-999.0,-999.0,0.0,0.0,-999.0,-999.0,-999.0,-999.0,-999.0,-999.0,-999.0,-999.0,-999.0,-999.0,-999.0,-999.0,-999.0,-999.0,-999.0,-999,-999.0,-999,-999,-999
60,-999.0,-999,-999,-999.0,-999.0,-999.0,-999.0,-999.0,-999.0,-999.0,-999.0,-999.0,-999.0,-999.0,-999.0,-999.0,-999.0,-999.0,-999.0,0.0,-999.0,1.0,-999.0,-999.0,0.0,1.0,1.0,-999.0,-999.0,1.0,1.0,0.0,1.0,0.5,0.6,0.0,0.3333333333333333,0.5,0.6666666666666666,0.6,0.5454545454545454,0.4444444444444444,0.14285714285714285,0.5714285714285714,0.2857142857142857,0.4117647058823529,0.18181818181818182,0.4666666666666667,0.4,0.3333333333333333,0.625,0.4375,0.4090909090909091,0.41379310344827586,0.36363636363636365,0.4146341463414634,0.3333333333333333,0.23333333333333334,0.3611111111111111,0.5172413793103449,0.48,0.375,0.6206896551724138,0.2962962962962963,0.375,0.4482758620689655,0.5357142857142857,0.45714285714285713,0.45454545454545453,0.5,0.4666666666666667,0.1875,0.4,0.3333333333333333,0.36363636363636365,0.5416666666666666,0.7142857142857143,0.47368421052631576,0.4166666666666667,0.2857142857142857,0.4666666666666667,0.5833333333333334,0.5625,0.5384615384615384,0.5555555555555556,0.5882352941176471,0.8,0.5,0.4,0.0,0.42857142857142855,0.5,0.4,0.3333333333333333,0.5,-999.0,0.5,0.5,0.5,-999.0,0.5,-999.0,-999.0,0.0,-999.0,-999.0,0.0,-999.0,-999.0,-999.0,-999.0,-999.0,-999.0,-999.0,0.0,-999.0,-999.0,-999.0,-999.0,-999.0,-999.0,-999.0,-999.0,-999.0,-999,-999.0,-999,-999,-999
61,-999.0,-999,-999,-999.0,-999.0,-999.0,-999.0,-999.0,-999.0,-999.0,-999.0,-999.0,0.0,-999.0,-999.0,-999.0,-999.0,-999.0,-999.0,0.0,0.0,-999.0,-999.0,-999.0,-999.0,-999.0,0.0,-999.0,0.5,-999.0,0.0,0.75,0.2,1.0,0.0,0.6666666666666666,0.3333333333333333,0.4,0.4444444444444444,0.3333333333333333,0.42857142857142855,0.4166666666666667,0.42857142857142855,0.5714285714285714,0.36363636363636365,0.45454545454545453,0.375,0.375,0.5625,0.35714285714285715,0.45,0.3333333333333333,0.24,0.3157894736842105,0.38461538461538464,0.7142857142857143,0.36363636363636365,0.45,0.4,0.3235294117647059,0.3333333333333333,0.48484848484848486,0.5384615384615384,0.5,0.3611111111111111,0.52,0.5172413793103449,0.5294117647058824,0.5,0.4482758620689655,0.5185185185185185,0.3939393939393939,0.45454545454545453,0.5,0.4,0.44,0.5416666666666666,0.46153846153846156,0.4444444444444444,0.4666666666666667,0.4375,0.3888888888888889,0.3076923076923077,0.5217391304347826,0.375,0.4,0.4,0.5,0.0,0.6666666666666666,0.6666666666666666,0.3333333333333333,0.4,1.0,-999.0,0.6666666666666666,1.0,-999.0,1.0,-999.0,0.0,0.0,1.0,0.6666666666666666,1.0,-999.0,-999.0,-999.0,-999.0,1.0,-999.0,-999.0,-999.0,-999.0,-999.0,-999.0,-999.0,-999.0,-999.0,-999.0,-999.0,-999.0,-999.0,-999.0,-999,-999.0,-999,-999,-999
62,-999.0,-999,-999,-999.0,-999.0,-999.0,-999.0,-999.0,-999.0,-999.0,-999.0,-999.0,0.0,-999.0,-999.0,-999.0,-999.0,0.0,-999.0,1.0,-999.0,-999.0,-999.0,0.5,1.0,0.5,-999.0,1.0,0.3333333333333333,-999.0,0.6666666666666666,0.25,0.5,0.0,1.0,0.0,0.25,0.5,0.6,0.25,0.08333333333333333,0.7,0.6666666666666666,0.13333333333333333,0.875,0.375,0.6,0.5714285714285714,0.5555555555555556,0.7142857142857143,0.4,0.5333333333333333,0.5714285714285714,0.5238095238095238,0.3939393939393939,0.34285714285714286,0.40476190476190477,0.48484848484848486,0.391304347826087,0.37142857142857144,0.42857142857142855,0.5526315789473685,0.34375,0.44,0.5263157894736842,0.2962962962962963,0.4782608695652174,0.4444444444444444,0.2857142857142857,0.39285714285714285,0.4,0.3225806451612903,0.4827586206896552,0.4482758620689655,0.43478260869565216,0.47368421052631576,0.30434782608695654,0.29411764705882354,0.6190476190476191,0.5,0.23076923076923078,0.18181818181818182,0.4166666666666667,0.3333333333333333,0.5,0.5384615384615384,0.0,0.625,0.7142857142857143,0.4,0.6,0.0,0.5,1.0,0.0,0.0,1.0,0.5,-999.0,-999.0,0.0,-999.0,-999.0,-999.0,-999.0,1.0,-999.0,-999.0,-999.0,-999.0,-999.0,-999.0,-999.0,-999.0,-999.0,-999.0,0.0,-999.0,-999.0,-999.0,-999.0,-999.0,-999.0,-999.0,-999,-999.0,-999,-999,-999
63,-999.0,-999,-999,-999.0,-999.0,-999.0,-999.0,-999.0,-999.0,-999.0,-999.0,-999.0,1.0,-999.0,-999.0,-999.0,-999.0,-999.0,-999.0,-999.0,-999.0,-999.0,-999.0,0.0,-999.0,-999.0,-999.0,-999.0,1.0,-999.0,-999.0,-999.0,1.0,0.4,0.0,0.0,0.5714285714285714,0.5,1.0,0.0,0.5454545454545454,0.2727272727272727,0.5,0.46153846153846156,0.6,0.7777777777777778,0.3333333333333333,0.75,0.4375,0.2222222222222222,0.5,0.45454545454545453,0.4782608695652174,0.5882352941176471,0.4,0.41379310344827586,0.38461538461538464,0.39285714285714285,0.36666666666666664,0.2647058823529412,0.26666666666666666,0.3333333333333333,0.25925925925925924,0.4230769230769231,0.4,0.3333333333333333,0.42857142857142855,0.2857142857142857,0.48148148148148145,0.45714285714285713,0.4,0.5,0.27586206896551724,0.4166666666666667,0.35714285714285715,0.5294117647058824,0.375,0.3684210526315789,0.7142857142857143,0.36363636363636365,0.5263157894736842,0.4166666666666667,0.5625,0.3333333333333333,0.5384615384615384,0.5454545454545454,0.125,0.3333333333333333,0.2857142857142857,0.4444444444444444,0.5,0.4,-999.0,0.0,0.75,1.0,0.5,0.5,0.5,0.0,1.0,1.0,1.0,0.0,-999.0,-999.0,-999.0,-999.0,-999.0,-999.0,-999.0,1.0,-999.0,-999.0,-999.0,-999.0,1.0,-999.0,-999.0,-999.0,-999.0,-999.0,-999.0,-999.0,-999,-999.0,-999,-999,-999
64,-999.0,-999,-999,-999.0,-999.0,-999.0,-999.0,-999.0,-999.0,-999.0,-999.0,-999.0,0.0,-999.0,-999.0,0.0,-999.0,-999.0,-999.0,-999.0,-999.0,-999.0,-999.0,1.0,1.0,0.0,0.3333333333333333,-999.0,0.0,1.0,0.5,0.75,0.0,0.5,0.6,0.0,0.5,0.0,0.5,0.42857142857142855,0.5714285714285714,0.4,0.8333333333333334,0.25,0.3333333333333333,0.4375,0.4117647058823529,0.4,0.46153846153846156,0.25,0.4444444444444444,0.3181818181818182,0.4375,0.36363636363636365,0.6086956521739131,0.6,0.44680851063829785,0.45161290322580644,0.4642857142857143,0.391304347826087,0.45714285714285713,0.3235294117647059,0.375,0.5357142857142857,0.5454545454545454,0.40540540540540543,0.5333333333333333,0.4,0.34782608695652173,0.5185185185185185,0.4594594594594595,0.3235294117647059,0.3548387096774194,0.3888888888888889,0.2777777777777778,0.5,0.13333333333333333,0.3333333333333333,0.3,0.1111111111111111,0.47058823529411764,0.3333333333333333,0.4117647058823529,0.3333333333333333,0.36363636363636365,0.5,0.4166666666666667,0.5,0.4,0.5,0.6,1.0,0.3333333333333333,0.0,0.5,0.5,0.0,1.0,0.0,0.0,0.0,-999.0,-999.0,0.5,-999.0,-999.0,-999.0,-999.0,-999.0,0.0,-999.0,-999.0,-999.0,-999.0,0.0,-999.0,-999.0,-999.0,-999.0,-999.0,-999.0,-999.0,-999.0,-999.0,-999,-999.0,-999,-999,-999
65,-999.0,-999,-999,-999.0,-999.0,-999.0,-999.0,-999.0,-999.0,-999.0,-999.0,-999.0,0.0,-999.0,-999.0,1.0,-999.0,0.0,-999.0,-999.0,-999.0,1.0,0.0,-999.0,-999.0,-999.0,-999.0,-999.0,1.0,0.5,0.0,0.3333333333333333,0.5,1.0,1.0,0.5,0.5,0.4,0.25,0.6,0.5,0.5714285714285714,0.5555555555555556,0.2,0.7272727272727273,0.46153846153846156,0.5263157894736842,0.7,0.3333333333333333,0.4166666666666667,0.4444444444444444,0.5294117647058824,0.2,0.5,0.3793103448275862,0.35714285714285715,0.46875,0.5172413793103449,0.4857142857142857,0.48148148148148145,0.46153846153846156,0.25,0.4666666666666667,0.5185185185185185,0.3333333333333333,0.4666666666666667,0.34782608695652173,0.37142857142857144,0.3939393939393939,0.48148148148148145,0.5952380952380952,0.40625,0.4411764705882353,0.36363636363636365,0.48,0.44,0.3888888888888889,0.38095238095238093,0.42857142857142855,0.6,0.47058823529411764,0.35714285714285715,0.42105263157894735,0.23076923076923078,0.3333333333333333,0.3,0.16666666666666666,0.7142857142857143,0.2,0.25,0.3333333333333333,0.0,0.25,1.0,0.5,0.25,0.0,0.0,-999.0,1.0,0.0,-999.0,0.5,1.0,-999.0,-999.0,-999.0,-999.0,-999.0,-999.0,-999.0,-999.0,-999.0,-999.0,-999.0,-999.0,1.0,-999.0,-999.0,-999.0,-999.0,-999.0,-999.0,-999.0,-999,-999.0,-999,-999,-999
66,-999.0,-999,-999,-999.0,-999.0,-999.0,-999.0,-999.0,-999.0,-999.0,-999.0,-999.0,0.0,-999.0,-999.0,-999.0,-999.0,1.0,-999.0,-999.0,-999.0,-999.0,-999.0,0.0,0.0,-999.0,-999.0,-999.0,1.0,0.3333333333333333,0.3333333333333333,0.5,0.0,1.0,1.0,0.5,0.4,0.6666666666666666,0.6666666666666666,0.3333333333333333,0.6666666666666666,0.5833333333333334,0.3076923076923077,0.75,0.14285714285714285,0.3076923076923077,0.42105263157894735,0.3684210526315789,0.5238095238095238,0.47368421052631576,0.35714285714285715,0.3225806451612903,0.4375,0.5625,0.34375,0.35294117647058826,0.3684210526315789,0.52,0.4186046511627907,0.32142857142857145,0.4,0.2702702702702703,0.4666666666666667,0.4642857142857143,0.42424242424242425,0.30303030303030304,0.20833333333333334,0.375,0.41935483870967744,0.3793103448275862,0.37142857142857144,0.4117647058823529,0.25,0.5185185185185185,0.46153846153846156,0.5238095238095238,0.21052631578947367,0.47058823529411764,0.23076923076923078,0.45454545454545453,0.7368421052631579,0.4,0.23529411764705882,0.4444444444444444,0.46153846153846156,0.42857142857142855,0.625,0.2857142857142857,0.5,0.0,0.4,0.5,1.0,0.2,0.6666666666666666,0.5,0.3333333333333333,0.3333333333333333,0.0,-999.0,0.0,-999.0,0.0,1.0,-999.0,-999.0,-999.0,1.0,-999.0,-999.0,-999.0,0.0,-999.0,1.0,-999.0,-999.0,-999.0,-999.0,-999.0,-999.0,-999.0,-999.0,-999.0,-999.0,-999,-999.0,-999,-999,-999
67,-999.0,-999,-999,-999.0,-999.0,-999.0,-999.0,-999.0,-999.0,-999.0,-999.0,-999.0,-999.0,-999.0,-999.0,0.0,-999.0,-999.0,-999.0,-999.0,-999.0,1.0,-999.0,0.0,0.0,0.6666666666666666,1.0,-999.0,0.0,0.6666666666666666,0.0,-999.0,0.5,0.0,0.5,0.3333333333333333,0.25,0.5,0.5,0.7142857142857143,0.5454545454545454,0.7777777777777778,0.6,0.5454545454545454,0.5714285714285714,0.36363636363636365,0.3,0.7142857142857143,0.45,0.6875,0.42857142857142855,0.3125,0.5,0.44,0.30303030303030304,0.2692307692307692,0.46875,0.2,0.2619047619047619,0.36363636363636365,0.30303030303030304,0.4827586206896552,0.2727272727272727,0.4666666666666667,0.34285714285714286,0.40540540540540543,0.5454545454545454,0.42424242424242425,0.4358974358974359,0.5,0.41379310344827586,0.4166666666666667,0.3548387096774194,0.4,0.37037037037037035,0.3,0.3076923076923077,0.39285714285714285,0.4375,0.5454545454545454,0.2631578947368421,0.46153846153846156,0.3333333333333333,0.5,0.6666666666666666,0.3333333333333333,0.36363636363636365,0.4,0.2,0.3333333333333333,0.5,0.3333333333333333,0.5,0.25,1.0,0.0,0.25,0.3333333333333333,0.0,-999.0,-999.0,-999.0,-999.0,-999.0,-999.0,-999.0,-999.0,-999.0,-999.0,-999.0,-999.0,0.5,-999.0,-999.0,0.0,-999.0,-999.0,-999.0,-999.0,-999.0,-999.0,-999.0,-999.0,-999.0,-999,-999.0,-999,-999,-999
68,-999.0,-999,-999,-999.0,-999.0,-999.0,-999.0,-999.0,-999.0,-999.0,-999.0,-999.0,-999.0,-999.0,1.0,-999.0,-999.0,-999.0,-999.0,-999.0,-999.0,-999.0,-999.0,-999.0,-999.0,-999.0,0.0,-999.0,-999.0,1.0,1.0,0.5,0.0,0.3333333333333333,0.0,0.75,0.42857142857142855,0.0,0.3333333333333333,0.5,0.36363636363636365,0.4444444444444444,0.4,0.5,0.47058823529411764,0.15384615384615385,0.3076923076923077,0.4444444444444444,0.6875,0.3,0.25,0.39285714285714285,0.6190476190476191,0.4230769230769231,0.42857142857142855,0.4117647058823529,0.24,0.2857142857142857,0.47058823529411764,0.48484848484848486,0.4444444444444444,0.3793103448275862,0.23333333333333334,0.2727272727272727,0.4,0.5,0.3333333333333333,0.42424242424242425,0.4375,0.56,0.6285714285714286,0.4090909090909091,0.27586206896551724,0.4166666666666667,0.36363636363636365,0.625,0.4375,0.5833333333333334,0.3684210526315789,0.5555555555555556,0.3333333333333333,0.5,0.4666666666666667,0.4375,0.42857142857142855,0.23076923076923078,0.42857142857142855,0.14285714285714285,0.5,0.6,0.6666666666666666,0.3333333333333333,0.0,0.6666666666666666,0.3333333333333333,0.3333333333333333,0.5,0.3333333333333333,0.5,-999.0,1.0,1.0,1.0,0.5,1.0,-999.0,-999.0,-999.0,-999.0,0.0,-999.0,0.0,-999.0,-999.0,-999.0,-999.0,-999.0,-999.0,-999.0,-999.0,-999.0,-999.0,-999.0,-999.0,-999,-999.0,-999,-999,-999
69,-999.0,-999,-999,-999.0,-999.0,-999.0,-999.0,-999.0,-999.0,-999.0,-999.0,-999.0,-999.0,-999.0,-999.0,0.0,0.0,-999.0,-999.0,1.0,-999.0,-999.0,0.0,1.0,0.0,1.0,-999.0,-999.0,0.0,-999.0,0.0,1.0,0.0,0.0,0.0,0.3333333333333333,0.0,0.3333333333333333,0.75,0.5,0.7142857142857143,0.625,0.3,0.45454545454545453,0.42857142857142855,0.35714285714285715,0.25,0.4,0.375,0.35714285714285715,0.4166666666666667,0.55,0.44,0.38461538461538464,0.3333333333333333,0.391304347826087,0.2916666666666667,0.48,0.5675675675675675,0.4594594594594595,0.5384615384615384,0.35135135135135137,0.44,0.42857142857142855,0.3888888888888889,0.43333333333333335,0.47058823529411764,0.48484848484848486,0.47619047619047616,0.4117647058823529,0.4482758620689655,0.4444444444444444,0.48,0.37037037037037035,0.45161290322580644,0.5,0.5909090909090909,0.21739130434782608,0.4230769230769231,0.4166666666666667,0.45454545454545453,0.5454545454545454,0.4666666666666667,0.4444444444444444,0.5714285714285714,0.5,0.3333333333333333,0.5,1.0,0.3333333333333333,0.16666666666666666,0.0,0.5,0.75,0.3333333333333333,0.25,0.0,0.0,-999.0,0.0,1.0,0.0,-999.0,-999.0,-999.0,-999.0,-999.0,-999.0,-999.0,-999.0,-999.0,-999.0,-999.0,-999.0,-999.0,-999.0,-999.0,-999.0,-999.0,-999.0,-999.0,-999.0,-999.0,-999.0,-999,-999.0,-999,-999,-999
70,-999.0,-999,-999,-999.0,-999.0,-999.0,-999.0,-999.0,-999.0,-999.0,-999.0,-999.0,-999.0,-999.0,-999.0,-999.0,-999.0,1.0,-999.0,1.0,-999.0,-999.0,-999.0,-999.0,0.0,1.0,-999.0,-999.0,0.6666666666666666,0.0,-999.0,0.0,0.0,0.5,0.0,0.0,0.16666666666666666,0.3333333333333333,0.375,0.3333333333333333,0.0,0.6666666666666666,0.2,0.5,0.5882352941176471,0.45,0.5,0.2727272727272727,0.22727272727272727,0.46153846153846156,0.3888888888888889,0.34615384615384615,0.38461538461538464,0.6190476190476191,0.2857142857142857,0.4583333333333333,0.6333333333333333,0.5714285714285714,0.4827586206896552,0.375,0.48148148148148145,0.42857142857142855,0.35294117647058826,0.3076923076923077,0.6086956521739131,0.5172413793103449,0.4827586206896552,0.32608695652173914,0.2702702702702703,0.42857142857142855,0.45454545454545453,0.47619047619047616,0.4230769230769231,0.4090909090909091,0.4827586206896552,0.4,0.5333333333333333,0.2,0.47058823529411764,0.36363636363636365,0.5333333333333333,0.2,0.3333333333333333,0.42857142857142855,0.4444444444444444,0.38461538461538464,0.42857142857142855,0.6666666666666666,0.0,0.2857142857142857,1.0,0.25,1.0,1.0,0.0,0.0,1.0,0.3333333333333333,0.0,-999.0,-999.0,-999.0,0.5,1.0,-999.0,-999.0,-999.0,-999.0,-999.0,-999.0,0.0,-999.0,-999.0,0.0,-999.0,-999.0,-999.0,-999.0,-999.0,-999.0,-999.0,-999.0,-999.0,-999.0,-999,-999.0,-999,-999,-999
71,-999.0,-999,-999,-999.0,-999.0,-999.0,-999.0,-999.0,-999.0,-999.0,-999.0,-999.0,-999.0,-999.0,-999.0,-999.0,-999.0,-999.0,0.0,1.0,-999.0,-999.0,1.0,1.0,-999.0,-999.0,-999.0,-999.0,0.0,-999.0,0.0,0.5,0.5,1.0,1.0,1.0,0.42857142857142855,0.2,1.0,0.6666666666666666,0.42857142857142855,0.0,0.7142857142857143,0.5333333333333333,0.3333333333333333,0.3076923076923077,0.4117647058823529,0.5,0.5,0.4375,0.3684210526315789,0.6190476190476191,0.4,0.17391304347826086,0.48,0.42857142857142855,0.56,0.4117647058823529,0.3333333333333333,0.4074074074074074,0.4642857142857143,0.5,0.40625,0.4,0.5416666666666666,0.3611111111111111,0.5128205128205128,0.5714285714285714,0.36666666666666664,0.5428571428571428,0.47368421052631576,0.5384615384615384,0.2727272727272727,0.52,0.43333333333333335,0.5625,0.5,0.4583333333333333,0.17647058823529413,0.2222222222222222,0.47619047619047616,0.3125,0.26666666666666666,0.4,0.3333333333333333,0.5,0.7777777777777778,0.42857142857142855,0.14285714285714285,0.42857142857142855,0.5,1.0,0.0,0.5,0.7142857142857143,0.6666666666666666,-999.0,1.0,0.0,1.0,0.0,0.5,0.0,0.0,-999.0,-999.0,-999.0,-999.0,0.0,-999.0,-999.0,-999.0,-999.0,-999.0,-999.0,-999.0,-999.0,-999.0,-999.0,-999.0,-999.0,-999.0,-999.0,-999.0,-999,-999.0,-999,-999,-999
72,-999.0,-999,-999,-999.0,-999.0,-999.0,-999.0,-999.0,-999.0,-999.0,-999.0,-999.0,-999.0,-999.0,-999.0,-999.0,-999.0,1.0,0.0,-999.0,-999.0,-999.0,-999.0,1.0,-999.0,0.0,0.0,0.0,0.5,-999.0,0.5,0.5,-999.0,0.5,0.6666666666666666,0.5,0.3333333333333333,0.0,0.25,0.5714285714285714,0.7,0.2,0.75,0.25,0.5,0.2222222222222222,0.25,0.45454545454545453,0.5909090909090909,0.6111111111111112,0.47058823529411764,0.6363636363636364,0.4375,0.39285714285714285,0.4666666666666667,0.3333333333333333,0.40540540540540543,0.38461538461538464,0.6097560975609756,0.42857142857142855,0.4411764705882353,0.35714285714285715,0.45,0.3888888888888889,0.18518518518518517,0.3333333333333333,0.4166666666666667,0.48717948717948717,0.47619047619047616,0.27586206896551724,0.36666666666666664,0.5833333333333334,0.44,0.38095238095238093,0.5909090909090909,0.5,0.3,0.391304347826087,0.45,0.5833333333333334,0.29411764705882354,0.23076923076923078,0.36363636363636365,0.5,0.09090909090909091,0.4444444444444444,0.5714285714285714,1.0,0.25,0.4,0.0,0.25,1.0,0.0,0.14285714285714285,0.0,0.5,1.0,-999.0,1.0,-999.0,1.0,-999.0,-999.0,0.0,0.0,1.0,-999.0,-999.0,-999.0,-999.0,-999.0,-999.0,-999.0,-999.0,-999.0,-999.0,-999.0,-999.0,-999.0,-999.0,-999.0,-999.0,-999.0,-999,-999.0,-999,-999,-999
73,-999.0,-999,-999,-999.0,-999.0,-999.0,-999.0,-999.0,-999.0,-999.0,-999.0,-999.0,-999.0,-999.0,-999.0,-999.0,-999.0,-999.0,-999.0,-999.0,-999.0,-999.0,1.0,-999.0,-999.0,0.0,-999.0,1.0,0.5,0.6666666666666666,0.0,0.5,0.0,0.0,0.5,0.0,0.3333333333333333,1.0,0.3333333333333333,0.375,0.5,0.0,0.2,0.5,0.3333333333333333,0.4375,0.5,0.47058823529411764,0.20833333333333334,0.29411764705882354,0.35294117647058826,0.64,0.2631578947368421,0.4583333333333333,0.38095238095238093,0.30434782608695654,0.3333333333333333,0.41935483870967744,0.46875,0.41379310344827586,0.5217391304347826,0.40625,0.30952380952380953,0.5454545454545454,0.4,0.6,0.42424242424242425,0.30434782608695654,0.35,0.34210526315789475,0.36363636363636365,0.37037037037037035,0.38235294117647056,0.47368421052631576,0.44,0.3684210526315789,0.4117647058823529,0.42857142857142855,0.47058823529411764,0.38095238095238093,0.36363636363636365,0.42857142857142855,0.2727272727272727,0.5,0.5,0.5,0.2727272727272727,0.25,0.5714285714285714,1.0,0.0,0.8333333333333334,0.5,0.5,0.0,1.0,0.0,1.0,-999.0,-999.0,0.0,0.5,-999.0,0.0,0.0,-999.0,-999.0,-999.0,0.0,-999.0,-999.0,-999.0,-999.0,-999.0,-999.0,-999.0,-999.0,-999.0,-999.0,-999.0,-999.0,-999.0,-999.0,-999.0,-999,-999.0,-999,-999,-999
74,-999.0,-999,-999,-999.0,-999.0,-999.0,-999.0,-999.0,-999.0,-999.0,-999.0,-999.0,-999.0,-999.0,-999.0,-999.0,-999.0,-999.0,1.0,-999.0,-999.0,-999.0,0.0,-999.0,-999.0,0.0,-999.0,1.0,0.0,0.5,-999.0,1.0,0.3333333333333333,0.0,0.25,0.0,0.4,0.0,0.0,0.2,0.375,0.2222222222222222,0.5,0.3,0.4,0.4,0.47368421052631576,0.3,0.5,0.45,0.7142857142857143,0.35,0.4583333333333333,0.5,0.36,0.4,0.42857142857142855,0.37037037037037035,0.3333333333333333,0.5,0.2903225806451613,0.3333333333333333,0.4827586206896552,0.32432432432432434,0.3181818181818182,0.38235294117647056,0.4166666666666667,0.52,0.4090909090909091,0.4838709677419355,0.4444444444444444,0.4,0.5454545454545454,0.3076923076923077,0.2916666666666667,0.32,0.3684210526315789,0.36363636363636365,0.5263157894736842,0.5789473684210527,0.6,0.42105263157894735,0.35294117647058826,0.14285714285714285,0.14285714285714285,0.5,0.14285714285714285,0.0,0.3333333333333333,0.6,0.6666666666666666,1.0,0.3333333333333333,1.0,0.5,0.0,0.5,0.0,1.0,0.5,0.0,0.0,-999.0,-999.0,0.0,-999.0,-999.0,-999.0,0.0,-999.0,-999.0,-999.0,-999.0,-999.0,-999.0,-999.0,-999.0,-999.0,-999.0,-999.0,-999.0,-999.0,-999.0,-999.0,-999,-999.0,-999,-999,-999
75,-999.0,-999,-999,-999.0,-999.0,-999.0,-999.0,-999.0,-999.0,-999.0,-999.0,-999.0,-999.0,-999.0,-999.0,-999.0,-999.0,-999.0,-999.0,-999.0,0.0,-999.0,-999.0,0.0,1.0,0.0,-999.0,0.0,1.0,0.0,0.5,0.0,0.3333333333333333,0.0,0.25,0.6666666666666666,1.0,0.6666666666666666,0.3333333333333333,0.5,0.3333333333333333,0.16666666666666666,0.4,0.4,0.14285714285714285,0.2222222222222222,0.4375,0.6,0.3333333333333333,0.5333333333333333,0.36363636363636365,0.42857142857142855,0.3684210526315789,0.42857142857142855,0.6086956521739131,0.6296296296296297,0.34285714285714286,0.48484848484848486,0.39285714285714285,0.30434782608695654,0.34375,0.4444444444444444,0.3409090909090909,0.3404255319148936,0.35135135135135137,0.38095238095238093,0.5,0.5,0.5,0.5428571428571428,0.3125,0.42857142857142855,0.44,0.3,0.6470588235294118,0.48148148148148145,0.5454545454545454,0.5416666666666666,0.5384615384615384,0.5294117647058824,0.2631578947368421,0.42857142857142855,0.15384615384615385,0.29411764705882354,0.3,0.3333333333333333,0.25,0.25,0.3333333333333333,0.75,0.42857142857142855,0.5,0.3333333333333333,1.0,1.0,0.3333333333333333,0.0,0.3333333333333333,0.5,0.0,-999.0,-999.0,-999.0,1.0,0.0,-999.0,-999.0,-999.0,-999.0,-999.0,1.0,-999.0,-999.0,-999.0,-999.0,-999.0,-999.0,-999.0,-999.0,-999.0,-999.0,-999.0,-999.0,-999.0,-999,-999.0,-999,-999,-999
76,-999.0,-999,-999,-999.0,-999.0,-999.0,-999.0,-999.0,-999.0,-999.0,-999.0,-999.0,-999.0,-999.0,-999.0,-999.0,0.0,-999.0,-999.0,-999.0,0.0,-999.0,-999.0,-999.0,-999.0,-999.0,1.0,-999.0,1.0,0.0,-999.0,1.0,0.0,0.5,0.75,0.5,0.5,0.6666666666666666,0.0,0.5,0.3333333333333333,0.25,0.5,0.5833333333333334,0.5,0.46153846153846156,0.16666666666666666,0.375,0.42105263157894735,0.4090909090909091,0.391304347826087,0.3181818181818182,0.6111111111111112,0.2916666666666667,0.3076923076923077,0.5,0.4838709677419355,0.4642857142857143,0.5,0.3939393939393939,0.3333333333333333,0.5151515151515151,0.38235294117647056,0.42857142857142855,0.275,0.2972972972972973,0.41935483870967744,0.3,0.391304347826087,0.47058823529411764,0.3793103448275862,0.38461538461538464,0.5217391304347826,0.46153846153846156,0.42857142857142855,0.3333333333333333,0.45,0.5,0.35714285714285715,0.3333333333333333,0.21428571428571427,0.125,0.2727272727272727,0.7333333333333333,0.14285714285714285,0.4,0.4,0.4,0.25,0.25,1.0,0.25,0.0,0.0,0.3333333333333333,0.3333333333333333,0.0,0.0,1.0,1.0,-999.0,0.0,0.0,0.0,-999.0,-999.0,-999.0,-999.0,-999.0,-999.0,-999.0,-999.0,-999.0,-999.0,-999.0,-999.0,-999.0,-999.0,-999.0,-999.0,-999.0,-999.0,-999.0,-999.0,-999,-999.0,-999,-999,-999
77,-999.0,-999,-999,-999.0,-999.0,-999.0,-999.0,-999.0,-999.0,-999.0,-999.0,-999.0,-999.0,-999.0,-999.0,-999.0,-999.0,-999.0,-999.0,-999.0,-999.0,-999.0,-999.0,-999.0,0.3333333333333333,-999.0,-999.0,0.5,-999.0,1.0,-999.0,0.5,-999.0,0.5,0.6,0.3333333333333333,0.0,0.3333333333333333,0.5,0.5,0.0,0.4,0.375,0.2,0.45454545454545453,0.14285714285714285,0.42105263157894735,0.5,0.5833333333333334,0.2222222222222222,0.2857142857142857,0.2692307692307692,0.43478260869565216,0.3076923076923077,0.3333333333333333,0.5909090909090909,0.48148148148148145,0.32432432432432434,0.38235294117647056,0.38461538461538464,0.5111111111111111,0.45161290322580644,0.34285714285714286,0.4838709677419355,0.3783783783783784,0.375,0.5185185185185185,0.40625,0.40625,0.2857142857142857,0.25,0.3333333333333333,0.3333333333333333,0.4230769230769231,0.42105263157894735,0.4,0.23076923076923078,0.625,0.6111111111111112,0.4583333333333333,0.5,0.45,0.5714285714285714,0.4666666666666667,0.8,0.21428571428571427,0.6,0.5,0.2857142857142857,0.0,0.16666666666666666,0.3333333333333333,0.5,1.0,0.0,-999.0,0.5,0.0,-999.0,1.0,1.0,1.0,-999.0,-999.0,-999.0,1.0,-999.0,-999.0,-999.0,1.0,-999.0,-999.0,-999.0,-999.0,-999.0,-999.0,-999.0,-999.0,-999.0,-999.0,-999.0,-999.0,-999.0,-999.0,-999,-999.0,-999,-999,-999
78,-999.0,-999,-999,-999.0,-999.0,-999.0,-999.0,-999.0,-999.0,-999.0,-999.0,-999.0,-999.0,-999.0,-999.0,-999.0,-999.0,0.0,-999.0,-999.0,-999.0,-999.0,-999.0,-999.0,0.0,-999.0,0.0,1.0,1.0,0.0,-999.0,-999.0,1.0,0.5,0.0,0.4,0.0,0.0,0.375,0.0,0.5,0.0,0.6666666666666666,0.5,0.36363636363636365,0.3333333333333333,0.3157894736842105,0.46153846153846156,0.4444444444444444,0.42857142857142855,0.38461538461538464,0.3333333333333333,0.46875,0.6,0.3333333333333333,0.4666666666666667,0.2962962962962963,0.42424242424242425,0.21428571428571427,0.375,0.32432432432432434,0.35,0.375,0.43243243243243246,0.3488372093023256,0.43243243243243246,0.42857142857142855,0.6153846153846154,0.4166666666666667,0.35714285714285715,0.34615384615384615,0.34782608695652173,0.4838709677419355,0.4782608695652174,0.4666666666666667,0.3333333333333333,0.47368421052631576,0.55,0.4,0.4375,0.4375,0.625,0.42857142857142855,0.25,0.2222222222222222,0.5555555555555556,0.6,0.4,0.3333333333333333,0.0,0.6666666666666666,0.0,0.25,0.5,0.75,-999.0,-999.0,-999.0,-999.0,0.0,-999.0,0.6666666666666666,-999.0,-999.0,-999.0,-999.0,-999.0,-999.0,-999.0,-999.0,-999.0,-999.0,-999.0,-999.0,-999.0,-999.0,-999.0,-999.0,-999.0,-999.0,-999.0,-999.0,-999.0,-999.0,-999,-999.0,-999,-999,-999
79,-999.0,-999,-999,-999.0,-999.0,-999.0,-999.0,-999.0,-999.0,-999.0,-999.0,-999.0,-999.0,-999.0,-999.0,-999.0,-999.0,-999.0,-999.0,-999.0,-999.0,-999.0,-999.0,-999.0,-999.0,0.0,-999.0,-999.0,-999.0,0.5,-999.0,-999.0,-999.0,0.5,0.16666666666666666,0.5,-999.0,0.3333333333333333,0.2,0.6,0.0,0.3333333333333333,0.42857142857142855,0.5454545454545454,0.4444444444444444,0.4444444444444444,0.3333333333333333,0.3333333333333333,0.2777777777777778,0.4666666666666667,0.4,0.3333333333333333,0.32142857142857145,0.36,0.4,0.5,0.39285714285714285,0.4482758620689655,0.39473684210526316,0.38235294117647056,0.5161290322580645,0.48,0.4,0.3888888888888889,0.4074074074074074,0.4642857142857143,0.41379310344827586,0.5,0.2702702702702703,0.5161290322580645,0.32,0.3,0.3076923076923077,0.4,0.38461538461538464,0.3,0.47058823529411764,0.16666666666666666,0.3,0.2777777777777778,0.32,0.5,0.4666666666666667,0.4444444444444444,0.5,0.5,0.0,0.5,0.2222222222222222,0.16666666666666666,0.2857142857142857,0.0,0.0,0.0,0.0,-999.0,1.0,0.0,0.0,0.0,-999.0,1.0,1.0,-999.0,0.0,0.0,-999.0,-999.0,-999.0,-999.0,-999.0,1.0,-999.0,-999.0,-999.0,-999.0,-999.0,-999.0,-999.0,-999.0,-999.0,-999.0,-999.0,-999.0,-999,-999.0,-999,-999,-999
80,-999.0,-999,-999,-999.0,-999.0,-999.0,-999.0,-999.0,-999.0,-999.0,-999.0,-999.0,-999.0,-999.0,-999.0,0.0,-999.0,-999.0,-999.0,-999.0,-999.0,0.0,-999.0,0.0,1.0,0.0,-999.0,0.0,-999.0,0.0,0.25,1.0,-999.0,0.6666666666666666,0.0,1.0,0.0,0.4,0.0,0.4,0.125,0.3333333333333333,0.1111111111111111,0.5555555555555556,0.42857142857142855,0.4090909090909091,0.5909090909090909,0.4,0.35,0.45,0.4166666666666667,0.4482758620689655,0.4,0.3181818181818182,0.6,0.4782608695652174,0.53125,0.34375,0.375,0.3902439024390244,0.45,0.3611111111111111,0.5806451612903226,0.6,0.36363636363636365,0.35294117647058826,0.4444444444444444,0.4186046511627907,0.5,0.45161290322580644,0.47058823529411764,0.4642857142857143,0.34375,0.30303030303030304,0.32142857142857145,0.25,0.3125,0.4,0.25,0.3333333333333333,0.5333333333333333,0.42857142857142855,0.2,0.2222222222222222,0.0,0.6,0.6,0.6666666666666666,0.2,0.0,0.3333333333333333,0.2,-999.0,0.25,1.0,1.0,-999.0,0.0,0.0,0.0,-999.0,-999.0,0.0,0.0,-999.0,-999.0,-999.0,-999.0,-999.0,-999.0,-999.0,-999.0,-999.0,-999.0,-999.0,-999.0,-999.0,-999.0,-999.0,-999.0,-999.0,-999.0,-999.0,-999.0,-999,-999.0,-999,-999,-999
81,-999.0,-999,-999,-999.0,-999.0,-999.0,-999.0,-999.0,-999.0,-999.0,-999.0,-999.0,-999.0,-999.0,-999.0,-999.0,-999.0,-999.0,-999.0,-999.0,-999.0,-999.0,-999.0,0.0,1.0,-999.0,-999.0,-999.0,-999.0,0.0,1.0,0.0,-999.0,0.3333333333333333,0.0,1.0,0.3333333333333333,0.5,1.0,0.2,0.42857142857142855,0.75,0.375,0.3333333333333333,0.5555555555555556,0.45454545454545453,0.4375,0.4,0.25,0.5238095238095238,0.43478260869565216,0.4375,0.35714285714285715,0.5,0.4117647058823529,0.5,0.2857142857142857,0.38461538461538464,0.36,0.4117647058823529,0.40476190476190477,0.375,0.41379310344827586,0.3953488372093023,0.425,0.42424242424242425,0.41379310344827586,0.37209302325581395,0.3888888888888889,0.38636363636363635,0.28,0.6333333333333333,0.5483870967741935,0.4782608695652174,0.52,0.3333333333333333,0.2777777777777778,0.375,0.4,0.4,0.45,0.3333333333333333,0.4117647058823529,0.18181818181818182,0.125,0.5,0.3333333333333333,0.2,0.2,0.3333333333333333,0.25,0.6,0.0,0.6666666666666666,1.0,0.5,0.3333333333333333,0.5,0.5,-999.0,0.5,-999.0,-999.0,-999.0,1.0,-999.0,-999.0,-999.0,-999.0,-999.0,-999.0,0.0,-999.0,-999.0,-999.0,-999.0,-999.0,-999.0,-999.0,-999.0,-999.0,-999.0,-999.0,-999.0,-999,-999.0,-999,-999,-999
82,-999.0,-999,-999,-999.0,-999.0,-999.0,-999.0,-999.0,-999.0,-999.0,-999.0,-999.0,-999.0,-999.0,-999.0,-999.0,-999.0,1.0,-999.0,-999.0,-999.0,-999.0,0.0,0.0,0.0,-999.0,0.0,-999.0,-999.0,0.0,-999.0,1.0,0.5,1.0,0.25,0.0,0.3333333333333333,0.6666666666666666,0.25,0.0,0.0,0.0,0.3333333333333333,0.6153846153846154,0.38461538461538464,0.5454545454545454,0.1875,0.35294117647058826,0.4117647058823529,0.42105263157894735,0.5,0.23529411764705882,0.35294117647058826,0.5,0.4827586206896552,0.375,0.5454545454545454,0.5151515151515151,0.40625,0.3333333333333333,0.4117647058823529,0.5,0.34146341463414637,0.3333333333333333,0.375,0.5116279069767442,0.46153846153846156,0.3611111111111111,0.28205128205128205,0.2962962962962963,0.36363636363636365,0.36,0.48484848484848486,0.4,0.38461538461538464,0.5,0.3448275862068966,0.2916666666666667,0.23809523809523808,0.5333333333333333,0.3333333333333333,0.5294117647058824,0.7,0.2222222222222222,0.45454545454545453,0.0,0.45454545454545453,0.5714285714285714,0.2857142857142857,0.5,0.75,1.0,0.5,0.0,0.6666666666666666,1.0,0.0,-999.0,0.0,-999.0,1.0,-999.0,-999.0,-999.0,-999.0,-999.0,-999.0,-999.0,-999.0,-999.0,-999.0,-999.0,-999.0,-999.0,-999.0,-999.0,-999.0,-999.0,-999.0,-999.0,-999.0,-999.0,-999.0,-999.0,-999,-999.0,-999,-999,-999
83,-999.0,-999,-999,-999.0,-999.0,-999.0,-999.0,-999.0,-999.0,-999.0,-999.0,-999.0,-999.0,-999.0,-999.0,-999.0,-999.0,-999.0,-999.0,-999.0,-999.0,-999.0,0.0,-999.0,-999.0,-999.0,-999.0,-999.0,0.0,-999.0,0.0,0.0,-999.0,0.0,1.0,0.0,-999.0,0.16666666666666666,0.5,1.0,0.16666666666666666,0.6,0.46153846153846156,0.0,0.6,0.5,0.3333333333333333,0.5714285714285714,0.5294117647058824,0.32,0.4117647058823529,0.47619047619047616,0.2222222222222222,0.13636363636363635,0.43478260869565216,0.56,0.4444444444444444,0.41025641025641024,0.3333333333333333,0.3142857142857143,0.4358974358974359,0.4117647058823529,0.45161290322580644,0.375,0.5405405405405406,0.41304347826086957,0.42424242424242425,0.3888888888888889,0.39285714285714285,0.36666666666666664,0.48484848484848486,0.3793103448275862,0.3333333333333333,0.23333333333333334,0.48,0.46153846153846156,0.35,0.36363636363636365,0.23529411764705882,0.5333333333333333,0.5384615384615384,0.3684210526315789,0.4666666666666667,0.5555555555555556,0.2857142857142857,0.36363636363636365,0.3333333333333333,1.0,0.5,0.4,0.0,0.4,0.25,0.0,0.0,-999.0,1.0,0.0,-999.0,0.0,0.0,-999.0,-999.0,-999.0,0.0,0.0,-999.0,-999.0,-999.0,0.0,-999.0,-999.0,-999.0,-999.0,-999.0,-999.0,-999.0,-999.0,-999.0,-999.0,-999.0,-999.0,-999.0,-999.0,-999,-999.0,-999,-999,-999
84,-999.0,-999,-999,-999.0,-999.0,-999.0,-999.0,-999.0,-999.0,-999.0,-999.0,-999.0,-999.0,-999.0,-999.0,-999.0,-999.0,0.0,-999.0,-999.0,-999.0,0.5,-999.0,-999.0,-999.0,-999.0,-999.0,0.0,-999.0,0.0,-999.0,0.0,1.0,0.4,0.8,0.25,0.6666666666666666,0.3333333333333333,0.25,0.6666666666666666,0.6666666666666666,1.0,0.5,0.5384615384615384,0.4444444444444444,0.25,0.5,0.30434782608695654,0.35714285714285715,0.4666666666666667,0.5882352941176471,0.2857142857142857,0.25925925925925924,0.3,0.375,0.30434782608695654,0.3448275862068966,0.4117647058823529,0.44,0.45714285714285713,0.2608695652173913,0.24528301886792453,0.42857142857142855,0.37142857142857144,0.3333333333333333,0.3783783783783784,0.42424242424242425,0.4444444444444444,0.42105263157894735,0.2702702702702703,0.4482758620689655,0.23529411764705882,0.4594594594594595,0.4,0.42857142857142855,0.25,0.3125,0.4375,0.4,0.3181818181818182,0.29411764705882354,0.5333333333333333,0.5,0.6,0.38461538461538464,0.375,0.3,0.6666666666666666,0.5714285714285714,0.0,0.5,0.3333333333333333,0.0,0.0,-999.0,-999.0,0.0,1.0,0.0,-999.0,1.0,-999.0,-999.0,1.0,-999.0,-999.0,-999.0,-999.0,-999.0,-999.0,-999.0,-999.0,-999.0,-999.0,-999.0,-999.0,-999.0,-999.0,-999.0,-999.0,-999.0,-999.0,-999.0,-999.0,-999,-999.0,-999,-999,-999
85,-999.0,-999,-999,-999.0,-999.0,-999.0,-999.0,-999.0,-999.0,-999.0,-999.0,-999.0,-999.0,-999.0,-999.0,-999.0,-999.0,-999.0,-999.0,-999.0,-999.0,-999.0,-999.0,-999.0,-999.0,-999.0,-999.0,1.0,0.5,0.0,0.0,0.0,-999.0,0.25,0.5,0.4,0.6666666666666666,1.0,0.5,0.6666666666666666,0.1111111111111111,0.6666666666666666,0.3,0.36363636363636365,0.5,0.4444444444444444,0.5833333333333334,0.5882352941176471,0.5714285714285714,0.5,0.4166666666666667,0.6666666666666666,0.42105263157894735,0.42105263157894735,0.25,0.4,0.4,0.4473684210526316,0.3888888888888889,0.42105263157894735,0.4375,0.3235294117647059,0.3611111111111111,0.43333333333333335,0.39215686274509803,0.28205128205128205,0.4230769230769231,0.3409090909090909,0.5135135135135135,0.4857142857142857,0.36363636363636365,0.41379310344827586,0.4444444444444444,0.4864864864864865,0.45,0.4166666666666667,0.5882352941176471,0.5384615384615384,0.3333333333333333,0.34782608695652173,0.5,0.3076923076923077,0.5333333333333333,0.25,0.2,0.3333333333333333,0.4444444444444444,0.2857142857142857,0.5,0.0,0.0,0.4,0.5,0.0,-999.0,0.5,0.0,0.0,0.0,-999.0,-999.0,-999.0,-999.0,0.0,-999.0,0.0,-999.0,-999.0,-999.0,0.0,-999.0,-999.0,-999.0,-999.0,-999.0,-999.0,-999.0,-999.0,-999.0,-999.0,-999.0,-999.0,-999.0,-999.0,-999,-999.0,-999,-999,-999
86,-999.0,-999,-999,-999.0,-999.0,-999.0,-999.0,-999.0,-999.0,-999.0,-999.0,-999.0,-999.0,-999.0,-999.0,-999.0,-999.0,0.0,-999.0,-999.0,-999.0,-999.0,-999.0,1.0,-999.0,-999.0,-999.0,-999.0,0.5,0.5,0.0,0.0,0.0,1.0,0.0,0.4,0.0,0.75,0.3333333333333333,0.5,0.25,0.5,0.6,0.6,0.5454545454545454,0.5,0.3333333333333333,0.5,0.45454545454545453,0.6153846153846154,0.42857142857142855,0.3684210526315789,0.5185185185185185,0.21739130434782608,0.5,0.3235294117647059,0.42857142857142855,0.3870967741935484,0.2647058823529412,0.36363636363636365,0.5454545454545454,0.38461538461538464,0.34375,0.4857142857142857,0.42857142857142855,0.4827586206896552,0.5,0.5833333333333334,0.5217391304347826,0.4074074074074074,0.4230769230769231,0.36666666666666664,0.2916666666666667,0.3870967741935484,0.5789473684210527,0.47619047619047616,0.41379310344827586,0.5238095238095238,0.25,0.26666666666666666,0.3333333333333333,0.2,0.5,0.45454545454545453,0.5,0.1111111111111111,0.16666666666666666,0.375,0.125,0.25,0.5,1.0,0.5,0.25,0.5,0.0,-999.0,1.0,0.5,-999.0,-999.0,-999.0,1.0,0.0,-999.0,0.0,-999.0,-999.0,-999.0,-999.0,-999.0,-999.0,-999.0,-999.0,-999.0,-999.0,-999.0,-999.0,-999.0,-999.0,-999.0,-999.0,-999.0,-999.0,-999,-999.0,-999,-999,-999
87,-999.0,-999,-999,-999.0,-999.0,-999.0,-999.0,-999.0,-999.0,-999.0,-999.0,-999.0,-999.0,-999.0,-999.0,-999.0,-999.0,-999.0,-999.0,-999.0,-999.0,-999.0,-999.0,-999.0,-999.0,-999.0,1.0,-999.0,0.5,0.0,0.0,0.5,0.0,0.5,0.3333333333333333,0.6,0.6666666666666666,0.3333333333333333,0.0,0.375,0.2,0.2727272727272727,0.5,0.6,0.5833333333333334,0.4444444444444444,0.5384615384615384,0.4,0.43478260869565216,0.35,0.2222222222222222,0.23076923076923078,0.5555555555555556,0.48148148148148145,0.4,0.38095238095238093,0.36666666666666664,0.48484848484848486,0.3684210526315789,0.3142857142857143,0.48148148148148145,0.36363636363636365,0.4,0.3548387096774194,0.3488372093023256,0.40625,0.35294117647058826,0.4444444444444444,0.3333333333333333,0.4,0.42105263157894735,0.3157894736842105,0.35,0.5833333333333334,0.38095238095238093,0.3333333333333333,0.5238095238095238,0.45454545454545453,0.52,0.5294117647058824,0.5,0.5384615384615384,0.38461538461538464,0.4,0.3333333333333333,0.625,0.0,0.0,0.42857142857142855,0.0,0.5,0.3333333333333333,0.3333333333333333,0.0,0.0,-999.0,1.0,-999.0,1.0,-999.0,0.0,-999.0,-999.0,0.0,-999.0,1.0,-999.0,-999.0,-999.0,-999.0,-999.0,0.0,-999.0,-999.0,-999.0,-999.0,-999.0,-999.0,-999.0,-999.0,-999.0,-999.0,-999.0,-999.0,-999,-999.0,-999,-999,-999
88,-999.0,-999,-999,-999.0,-999.0,-999.0,-999.0,-999.0,-999.0,-999.0,-999.0,-999.0,-999.0,-999.0,-999.0,-999.0,-999.0,1.0,-999.0,-999.0,-999.0,0.0,-999.0,-999.0,-999.0,1.0,0.0,-999.0,-999.0,-999.0,0.0,-999.0,0.5,1.0,0.0,0.5,1.0,0.6666666666666666,0.5,0.5,0.7142857142857143,0.3333333333333333,0.5,0.5555555555555556,0.5,0.25,0.5333333333333333,0.3157894736842105,0.3076923076923077,0.5882352941176471,0.5,0.43478260869565216,0.2777777777777778,0.36363636363636365,0.4444444444444444,0.3125,0.22727272727272727,0.3333333333333333,0.5116279069767442,0.25,0.25925925925925924,0.43243243243243246,0.39473684210526316,0.6060606060606061,0.26666666666666666,0.46153846153846156,0.34210526315789475,0.3170731707317073,0.3793103448275862,0.5151515151515151,0.36363636363636365,0.4146341463414634,0.4,0.34782608695652173,0.38461538461538464,0.4375,0.35714285714285715,0.5384615384615384,0.3793103448275862,0.42857142857142855,0.3125,0.6666666666666666,0.15384615384615385,0.5714285714285714,0.3333333333333333,0.1111111111111111,0.6666666666666666,1.0,0.2,0.25,0.5,0.5,0.3333333333333333,0.2,1.0,-999.0,-999.0,0.0,0.5,1.0,1.0,-999.0,-999.0,-999.0,-999.0,-999.0,-999.0,-999.0,-999.0,-999.0,-999.0,-999.0,-999.0,-999.0,-999.0,-999.0,-999.0,-999.0,-999.0,-999.0,-999.0,-999.0,-999.0,-999.0,-999,-999.0,-999,-999,-999
89,-999.0,-999,-999,-999.0,-999.0,-999.0,-999.0,-999.0,-999.0,-999.0,-999.0,-999.0,-999.0,-999.0,-999.0,-999.0,-999.0,-999.0,-999.0,-999.0,-999.0,-999.0,1.0,-999.0,-999.0,1.0,-999.0,-999.0,-999.0,1.0,0.5,0.5,1.0,0.5,0.14285714285714285,0.25,0.3333333333333333,0.5,0.5,0.6666666666666666,0.2857142857142857,0.6666666666666666,0.7777777777777778,0.3,0.125,0.5,0.35294117647058826,0.35714285714285715,0.2608695652173913,0.4,0.45454545454545453,0.23809523809523808,0.4782608695652174,0.4827586206896552,0.3448275862068966,0.23076923076923078,0.4482758620689655,0.3793103448275862,0.3142857142857143,0.2903225806451613,0.42857142857142855,0.4117647058823529,0.3877551020408163,0.3611111111111111,0.5116279069767442,0.3870967741935484,0.43333333333333335,0.5,0.4411764705882353,0.44,0.45454545454545453,0.3333333333333333,0.47619047619047616,0.4,0.36363636363636365,0.5185185185185185,0.2692307692307692,0.75,0.5714285714285714,0.23076923076923078,0.5714285714285714,0.23076923076923078,0.3333333333333333,0.38461538461538464,0.8,0.625,0.5,0.3333333333333333,0.5,0.0,0.5,0.3333333333333333,-999.0,0.3333333333333333,1.0,0.5,-999.0,1.0,-999.0,1.0,1.0,-999.0,0.0,-999.0,-999.0,-999.0,-999.0,1.0,-999.0,0.0,-999.0,-999.0,-999.0,-999.0,-999.0,-999.0,-999.0,-999.0,-999.0,-999.0,-999.0,-999.0,-999.0,-999.0,-999,-999.0,-999,-999,-999
90,-999.0,-999,-999,-999.0,-999.0,-999.0,-999.0,-999.0,-999.0,-999.0,-999.0,-999.0,-999.0,-999.0,-999.0,-999.0,-999.0,-999.0,1.0,1.0,-999.0,-999.0,-999.0,-999.0,-999.0,-999.0,-999.0,-999.0,0.0,0.0,0.0,0.5,0.0,0.0,1.0,0.0,0.75,1.0,0.0,-999.0,0.5,0.75,0.5,1.0,0.5714285714285714,0.36363636363636365,0.3333333333333333,0.5454545454545454,0.5,0.5454545454545454,0.2727272727272727,0.37037037037037035,0.2608695652173913,0.5,0.5,0.37142857142857144,0.41379310344827586,0.4074074074074074,0.4117647058823529,0.4594594594594595,0.2972972972972973,0.40476190476190477,0.30612244897959184,0.45454545454545453,0.4489795918367347,0.5263157894736842,0.25806451612903225,0.5333333333333333,0.6071428571428571,0.5,0.4827586206896552,0.5925925925925926,0.4642857142857143,0.2608695652173913,0.3,0.5,0.4230769230769231,0.375,0.3684210526315789,0.3333333333333333,0.42105263157894735,0.2,0.2,0.36363636363636365,0.36363636363636365,0.375,0.0,0.3333333333333333,0.625,0.0,0.0,0.0,0.0,0.6666666666666666,0.6666666666666666,0.0,-999.0,-999.0,0.5,-999.0,-999.0,-999.0,1.0,0.0,0.0,-999.0,-999.0,-999.0,-999.0,-999.0,-999.0,-999.0,-999.0,-999.0,-999.0,-999.0,-999.0,-999.0,-999.0,-999.0,-999.0,-999.0,-999.0,-999.0,-999,-999.0,-999,-999,-999
91,-999.0,-999,-999,-999.0,-999.0,-999.0,-999.0,-999.0,-999.0,-999.0,-999.0,-999.0,-999.0,-999.0,-999.0,-999.0,-999.0,-999.0,-999.0,-999.0,-999.0,-999.0,0.5,-999.0,-999.0,-999.0,1.0,-999.0,-999.0,-999.0,0.0,-999.0,0.0,0.0,0.3333333333333333,0.6666666666666666,0.0,0.0,0.16666666666666666,0.3333333333333333,0.42857142857142855,0.625,0.4166666666666667,0.3333333333333333,0.375,0.6666666666666666,0.38461538461538464,0.42857142857142855,0.46153846153846156,0.5,0.2857142857142857,0.2608695652173913,0.35,0.4,0.37037037037037035,0.34615384615384615,0.3888888888888889,0.5333333333333333,0.3939393939393939,0.38636363636363635,0.37142857142857144,0.46153846153846156,0.21052631578947367,0.40625,0.3333333333333333,0.375,0.5121951219512195,0.45161290322580644,0.475,0.3333333333333333,0.37142857142857144,0.45161290322580644,0.42857142857142855,0.3157894736842105,0.5833333333333334,0.4074074074074074,0.45161290322580644,0.5172413793103449,0.16666666666666666,0.23529411764705882,0.5,0.3333333333333333,0.6363636363636364,0.6666666666666666,0.16666666666666666,0.7777777777777778,0.0,1.0,0.5,0.25,0.0,0.5,0.75,0.0,-999.0,0.0,0.6666666666666666,0.5,-999.0,-999.0,0.0,-999.0,-999.0,-999.0,-999.0,-999.0,-999.0,0.0,0.0,-999.0,-999.0,-999.0,-999.0,-999.0,-999.0,-999.0,-999.0,-999.0,-999.0,-999.0,-999.0,-999.0,-999.0,-999.0,-999,-999.0,-999,-999,-999
92,-999.0,-999,-999,-999.0,-999.0,-999.0,-999.0,-999.0,-999.0,-999.0,-999.0,-999.0,-999.0,-999.0,-999.0,-999.0,-999.0,-999.0,-999.0,0.0,-999.0,-999.0,-999.0,-999.0,-999.0,-999.0,-999.0,-999.0,0.5,-999.0,1.0,0.3333333333333333,0.0,0.0,0.0,-999.0,0.3333333333333333,0.6666666666666666,0.5,1.0,0.6666666666666666,0.14285714285714285,0.5714285714285714,0.2857142857142857,0.6,0.4666666666666667,0.5,0.4666666666666667,0.5833333333333334,0.3888888888888889,0.2692307692307692,0.4074074074074074,0.29411764705882354,0.2727272727272727,0.36,0.5,0.3870967741935484,0.5151515151515151,0.4782608695652174,0.325,0.3783783783783784,0.575,0.5833333333333334,0.4,0.4722222222222222,0.2894736842105263,0.35555555555555557,0.5,0.375,0.36666666666666664,0.36666666666666664,0.5714285714285714,0.6,0.37037037037037035,0.3888888888888889,0.5,0.43478260869565216,0.38095238095238093,0.3333333333333333,0.35294117647058826,0.25,0.6363636363636364,0.2857142857142857,0.23076923076923078,0.3333333333333333,0.3333333333333333,0.5,0.4,0.6666666666666666,1.0,0.25,0.2,0.5,0.0,-999.0,0.0,0.0,-999.0,-999.0,-999.0,0.0,-999.0,-999.0,1.0,-999.0,-999.0,0.0,-999.0,1.0,-999.0,-999.0,-999.0,-999.0,-999.0,-999.0,-999.0,-999.0,-999.0,-999.0,-999.0,-999.0,-999.0,-999.0,-999.0,-999,-999.0,-999,-999,-999
93,-999.0,-999,-999,-999.0,-999.0,-999.0,-999.0,-999.0,-999.0,-999.0,-999.0,-999.0,-999.0,-999.0,-999.0,-999.0,-999.0,-999.0,0.0,-999.0,-999.0,-999.0,0.0,-999.0,-999.0,1.0,-999.0,-999.0,0.0,-999.0,0.5,0.0,-999.0,0.6,0.5,0.5,0.6666666666666666,0.75,0.8,-999.0,0.5,0.375,0.5454545454545454,0.375,0.3333333333333333,0.25,0.4444444444444444,0.5294117647058824,0.42857142857142855,0.4,0.5769230769230769,0.53125,0.3181818181818182,0.29411764705882354,0.5428571428571428,0.4,0.32142857142857145,0.59375,0.41935483870967744,0.4444444444444444,0.39285714285714285,0.4594594594594595,0.3333333333333333,0.43478260869565216,0.5,0.4166666666666667,0.575,0.5555555555555556,0.5,0.5789473684210527,0.41379310344827586,0.3448275862068966,0.46875,0.56,0.4117647058823529,0.4827586206896552,0.5625,0.40625,0.5652173913043478,0.5384615384615384,0.4117647058823529,0.3333333333333333,0.2857142857142857,0.3333333333333333,0.6,0.2857142857142857,0.42857142857142855,0.0,0.2,0.5,0.3333333333333333,1.0,-999.0,-999.0,0.6666666666666666,1.0,0.0,-999.0,0.0,-999.0,0.0,-999.0,-999.0,1.0,-999.0,-999.0,-999.0,-999.0,-999.0,1.0,-999.0,-999.0,-999.0,-999.0,-999.0,-999.0,-999.0,-999.0,-999.0,-999.0,-999.0,-999.0,-999.0,-999.0,-999,-999.0,-999,-999,-999
94,-999.0,-999,-999,-999.0,-999.0,-999.0,-999.0,-999.0,-999.0,-999.0,-999.0,-999.0,-999.0,-999.0,-999.0,-999.0,-999.0,0.0,-999.0,-999.0,-999.0,-999.0,-999.0,-999.0,-999.0,0.0,0.0,-999.0,-999.0,-999.0,0.0,-999.0,0.0,1.0,0.0,0.3333333333333333,0.3333333333333333,0.5,0.5,0.25,0.3333333333333333,0.0,0.42857142857142855,0.5833333333333334,0.0,0.25,0.23529411764705882,0.5,0.4666666666666667,0.3888888888888889,0.6,0.3,0.36363636363636365,0.5,0.35135135135135137,0.32,0.6153846153846154,0.42857142857142855,0.45161290322580644,0.3783783783783784,0.36,0.4375,0.47619047619047616,0.4411764705882353,0.3953488372093023,0.37777777777777777,0.48717948717948717,0.45454545454545453,0.2903225806451613,0.5454545454545454,0.45714285714285713,0.5,0.36666666666666664,0.42105263157894735,0.5833333333333334,0.3,0.34782608695652173,0.4090909090909091,0.43478260869565216,0.25,0.375,0.3333333333333333,0.2857142857142857,0.3333333333333333,0.3333333333333333,0.2857142857142857,0.375,0.75,0.25,-999.0,0.6666666666666666,0.0,0.6,0.5,0.0,0.3333333333333333,0.0,0.0,0.5,-999.0,-999.0,0.0,-999.0,-999.0,-999.0,-999.0,1.0,-999.0,0.0,-999.0,-999.0,-999.0,-999.0,-999.0,-999.0,-999.0,-999.0,-999.0,-999.0,-999.0,-999.0,-999.0,-999.0,-999.0,-999,-999.0,-999,-999,-999
95,-999.0,-999,-999,-999.0,-999.0,-999.0,-999.0,-999.0,-999.0,-999.0,-999.0,-999.0,-999.0,-999.0,-999.0,-999.0,-999.0,1.0,-999.0,-999.0,-999.0,-999.0,1.0,-999.0,-999.0,0.0,-999.0,0.0,0.0,-999.0,0.0,0.3333333333333333,0.0,0.25,0.0,0.3333333333333333,0.0,1.0,0.0,0.6666666666666666,0.25,0.5,0.42857142857142855,0.6666666666666666,0.375,0.25,0.46153846153846156,0.5333333333333333,0.3684210526315789,0.47619047619047616,0.45454545454545453,0.36,0.3157894736842105,0.5,0.4642857142857143,0.53125,0.5128205128205128,0.4375,0.4583333333333333,0.3333333333333333,0.375,0.475,0.4473684210526316,0.4,0.47619047619047616,0.2571428571428571,0.3157894736842105,0.3333333333333333,0.48484848484848486,0.3125,0.23529411764705882,0.35294117647058826,0.36666666666666664,0.4166666666666667,0.4642857142857143,0.48484848484848486,0.46153846153846156,0.5,0.42857142857142855,0.5238095238095238,0.3125,0.3333333333333333,0.4,0.3333333333333333,0.5,0.5,0.75,0.5,0.6,1.0,0.0,0.3333333333333333,0.4,1.0,0.0,1.0,-999.0,-999.0,-999.0,-999.0,1.0,0.0,-999.0,-999.0,-999.0,-999.0,-999.0,-999.0,-999.0,0.0,-999.0,-999.0,-999.0,-999.0,-999.0,-999.0,-999.0,-999.0,-999.0,-999.0,-999.0,-999.0,-999.0,-999.0,-999,-999.0,-999,-999,-999
96,-999.0,-999,-999,-999.0,-999.0,-999.0,-999.0,-999.0,-999.0,-999.0,-999.0,-999.0,-999.0,-999.0,-999.0,-999.0,-999.0,-999.0,-999.0,0.0,-999.0,-999.0,-999.0,-999.0,-999.0,-999.0,-999.0,-999.0,-999.0,0.0,-999.0,0.0,0.0,0.0,0.6666666666666666,0.0,0.0,0.6,0.0,0.0,0.3333333333333333,0.0,0.5,0.5714285714285714,0.3333333333333333,0.2777777777777778,0.5,0.3076923076923077,0.5,0.5882352941176471,0.6666666666666666,0.4642857142857143,0.4,0.391304347826087,0.27586206896551724,0.7,0.4583333333333333,0.3225806451612903,0.6206896551724138,0.4864864864864865,0.34210526315789475,0.4772727272727273,0.4,0.30303030303030304,0.3333333333333333,0.37209302325581395,0.42857142857142855,0.5625,0.56,0.4857142857142857,0.3142857142857143,0.5,0.4375,0.3235294117647059,0.47368421052631576,0.4583333333333333,0.4166666666666667,0.4444444444444444,0.3333333333333333,0.4090909090909091,0.2777777777777778,0.3333333333333333,0.4166666666666667,0.0,0.75,0.7142857142857143,0.5,0.5,1.0,0.2,0.2,-999.0,0.0,0.25,-999.0,0.25,-999.0,1.0,0.0,0.0,0.5,1.0,-999.0,1.0,-999.0,-999.0,-999.0,-999.0,-999.0,0.0,-999.0,-999.0,-999.0,-999.0,-999.0,-999.0,-999.0,-999.0,-999.0,-999.0,-999.0,-999.0,-999.0,-999.0,-999,-999.0,-999,-999,-999
97,-999.0,-999,-999,-999.0,-999.0,-999.0,-999.0,-999.0,-999.0,-999.0,-999.0,-999.0,-999.0,-999.0,-999.0,-999.0,1.0,-999.0,-999.0,-999.0,-999.0,-999.0,-999.0,-999.0,-999.0,1.0,-999.0,0.0,0.0,-999.0,1.0,0.0,0.0,0.5,0.0,1.0,0.0,0.3333333333333333,0.3333333333333333,0.0,0.5,0.0,0.6666666666666666,0.6,0.2857142857142857,0.36363636363636365,0.3076923076923077,0.4166666666666667,0.42857142857142855,0.4117647058823529,0.55,0.38461538461538464,0.391304347826087,0.38461538461538464,0.26666666666666666,0.2,0.36363636363636365,0.3076923076923077,0.4444444444444444,0.3939393939393939,0.52,0.4883720930232558,0.28205128205128205,0.35135135135135137,0.2727272727272727,0.3488372093023256,0.5,0.4827586206896552,0.42105263157894735,0.35135135135135137,0.3125,0.4,0.32432432432432434,0.3939393939393939,0.4642857142857143,0.34615384615384615,0.42857142857142855,0.34782608695652173,0.2777777777777778,0.5833333333333334,0.3333333333333333,0.3157894736842105,0.3076923076923077,0.4117647058823529,0.2,0.2,0.5,0.75,0.6666666666666666,0.25,0.5,0.5,-999.0,0.0,0.5,0.0,1.0,0.0,0.0,-999.0,-999.0,-999.0,-999.0,-999.0,-999.0,-999.0,-999.0,-999.0,-999.0,1.0,-999.0,-999.0,-999.0,-999.0,-999.0,-999.0,-999.0,-999.0,-999.0,-999.0,-999.0,-999.0,-999.0,-999.0,-999,-999.0,-999,-999,-999
98,-999.0,-999,-999,-999.0,-999.0,-999.0,-999.0,-999.0,-999.0,-999.0,-999.0,-999.0,-999.0,-999.0,-999.0,-999.0,-999.0,-999.0,-999.0,1.0,-999.0,-999.0,-999.0,-999.0,-999.0,-999.0,-999.0,-999.0,-999.0,-999.0,1.0,0.5,-999.0,1.0,0.5,1.0,0.3333333333333333,0.3333333333333333,0.0,0.6363636363636364,0.5,0.6666666666666666,0.6,0.5,0.3333333333333333,0.47368421052631576,0.25,0.5625,0.5,0.375,0.47619047619047616,0.5294117647058824,0.46153846153846156,0.3870967741935484,0.4444444444444444,0.4,0.38461538461538464,0.15384615384615385,0.34210526315789475,0.5806451612903226,0.32432432432432434,0.375,0.42857142857142855,0.4418604651162791,0.36363636363636365,0.375,0.3888888888888889,0.4166666666666667,0.28,0.4146341463414634,0.2857142857142857,0.2777777777777778,0.3888888888888889,0.55,0.3333333333333333,0.35714285714285715,0.5,0.28,0.3,0.5294117647058824,0.26666666666666666,0.5,0.6666666666666666,0.3333333333333333,0.3333333333333333,0.625,0.375,0.0,0.0,0.0,0.0,0.25,-999.0,0.6666666666666666,0.0,1.0,0.0,1.0,-999.0,-999.0,1.0,1.0,-999.0,-999.0,-999.0,-999.0,-999.0,-999.0,-999.0,1.0,-999.0,-999.0,-999.0,-999.0,-999.0,-999.0,-999.0,-999.0,-999.0,-999.0,-999.0,-999.0,-999.0,-999.0,-999,-999.0,-999,-999,-999
99,-999.0,-999,-999,-999.0,-999.0,-999.0,-999.0,-999.0,-999.0,-999.0,-999.0,-999.0,-999.0,-999.0,-999.0,-999.0,-999.0,-999.0,-999.0,0.5,-999.0,-999.0,-999.0,-999.0,0.0,-999.0,-999.0,-999.0,-999.0,0.0,0.0,1.0,1.0,0.0,1.0,0.0,0.0,0.5,1.0,0.2,1.0,0.2,0.25,0.5,0.45454545454545453,0.5454545454545454,0.4,0.5333333333333333,0.35714285714285715,0.5714285714285714,0.43478260869565216,0.3939393939393939,0.5,0.6785714285714286,0.4,0.5,0.4857142857142857,0.42857142857142855,0.3793103448275862,0.3888888888888889,0.3170731707317073,0.5294117647058824,0.4358974358974359,0.4375,0.30303030303030304,0.5227272727272727,0.5405405405405406,0.4878048780487805,0.5217391304347826,0.32432432432432434,0.3870967741935484,0.48484848484848486,0.4411764705882353,0.44,0.4583333333333333,0.38095238095238093,0.4583333333333333,0.38095238095238093,0.4090909090909091,0.35294117647058826,0.46153846153846156,0.35714285714285715,0.45454545454545453,0.4,0.0,0.5,0.8333333333333334,0.6666666666666666,0.3333333333333333,0.7777777777777778,0.6666666666666666,0.6666666666666666,-999.0,0.0,0.5,0.25,-999.0,-999.0,0.0,-999.0,-999.0,-999.0,-999.0,-999.0,-999.0,-999.0,-999.0,-999.0,-999.0,-999.0,-999.0,-999.0,-999.0,-999.0,-999.0,-999.0,-999.0,-999.0,-999.0,-999.0,-999.0,-999.0,-999.0,-999.0,-999,-999.0,-999,-999,-999
100,-999.0,-999,-999,-999.0,-999.0,-999.0,-999.0,-999.0,-999.0,-999.0,-999.0,-999.0,-999.0,-999.0,-999.0,-999.0,-999.0,-999.0,-999.0,-999.0,-999.0,-999.0,-999.0,-999.0,-999.0,-999.0,-999.0,-999.0,-999.0,-999.0,0.0,0.0,1.0,0.0,1.0,0.5,1.0,0.5,1.0,0.6666666666666666,0.5714285714285714,1.0,0.75,0.5,0.16666666666666666,0.42857142857142855,0.3333333333333333,0.45,0.5238095238095238,0.29411764705882354,0.5,0.4444444444444444,0.3684210526315789,0.3448275862068966,0.4838709677419355,0.2962962962962963,0.2682926829268293,0.32432432432432434,0.39285714285714285,0.6875,0.40476190476190477,0.42105263157894735,0.5,0.6086956521739131,0.5121951219512195,0.41025641025641024,0.46875,0.43902439024390244,0.5714285714285714,0.375,0.38095238095238093,0.5263157894736842,0.4722222222222222,0.4,0.6086956521739131,0.45161290322580644,0.4,0.4090909090909091,0.35294117647058826,0.375,0.3076923076923077,0.4,0.42857142857142855,0.45454545454545453,0.46153846153846156,0.0,0.3333333333333333,0.6666666666666666,0.0,0.25,1.0,0.5,1.0,0.0,0.3333333333333333,0.5,-999.0,-999.0,0.0,-999.0,-999.0,0.0,-999.0,-999.0,-999.0,-999.0,-999.0,0.0,-999.0,1.0,-999.0,-999.0,-999.0,-999.0,-999.0,-999.0,-999.0,-999.0,-999.0,-999.0,-999.0,-999.0,-999.0,-999.0,-999,-999.0,-999,-999,-999
101,-999.0,-999,-999,-999.0,-999.0,-999.0,-999.0,-999.0,-999.0,-999.0,-999.0,-999.0,-999.0,-999.0,-999.0,-999.0,-999.0,-999.0,-999.0,0.0,-999.0,1.0,-999.0,-999.0,1.0,-999.0,-999.0,-999.0,-999.0,0.0,0.3333333333333333,1.0,0.0,1.0,0.0,0.0,0.0,0.5,1.0,0.6,0.5,0.25,0.2857142857142857,0.6666666666666666,0.7,0.3333333333333333,0.16666666666666666,0.25,0.6,0.42105263157894735,0.5294117647058824,0.23076923076923078,0.2692307692307692,0.42857142857142855,0.5454545454545454,0.4444444444444444,0.4482758620689655,0.36666666666666664,0.5161290322580645,0.41379310344827586,0.4411764705882353,0.35714285714285715,0.4473684210526316,0.325,0.5,0.3953488372093023,0.4375,0.2903225806451613,0.5882352941176471,0.5428571428571428,0.375,0.375,0.5,0.4230769230769231,0.3333333333333333,0.375,0.3333333333333333,0.35,0.36,0.2631578947368421,0.5,0.23529411764705882,0.6,0.42857142857142855,0.7777777777777778,1.0,0.42857142857142855,0.4,0.375,1.0,0.0,1.0,0.0,0.0,0.0,0.5,-999.0,-999.0,-999.0,-999.0,-999.0,-999.0,-999.0,-999.0,-999.0,-999.0,-999.0,-999.0,-999.0,-999.0,-999.0,-999.0,-999.0,-999.0,-999.0,-999.0,-999.0,-999.0,-999.0,-999.0,-999.0,-999.0,-999.0,-999.0,-999,-999.0,-999,-999,-999
102,-999.0,-999,-999,-999.0,-999.0,-999.0,-999.0,-999.0,-999.0,-999.0,-999.0,-999.0,-999.0,-999.0,-999.0,-999.0,-999.0,-999.0,-999.0,-999.0,-999.0,-999.0,-999.0,-999.0,-999.0,-999.0,-999.0,-999.0,-999.0,0.5,-999.0,-999.0,0.0,-999.0,-999.0,0.6666666666666666,0.5,0.5,0.3333333333333333,0.5,0.375,0.2857142857142857,0.6666666666666666,0.75,0.6,0.46153846153846156,0.5555555555555556,0.35294117647058826,0.7777777777777778,0.3684210526315789,0.38095238095238093,0.4782608695652174,0.37037037037037035,0.6,0.36,0.29411764705882354,0.6,0.3181818181818182,0.34782608695652173,0.47368421052631576,0.46153846153846156,0.37209302325581395,0.5128205128205128,0.35,0.43902439024390244,0.28125,0.32653061224489793,0.5925925925925926,0.29411764705882354,0.4722222222222222,0.2857142857142857,0.5357142857142857,0.4444444444444444,0.4782608695652174,0.48484848484848486,0.35714285714285715,0.3333333333333333,0.4642857142857143,0.631578947368421,0.5,0.3888888888888889,0.5714285714285714,0.5714285714285714,0.1111111111111111,0.3333333333333333,0.75,0.2857142857142857,0.0,0.6666666666666666,0.0,0.3333333333333333,1.0,-999.0,0.0,0.0,0.14285714285714285,-999.0,-999.0,-999.0,-999.0,-999.0,1.0,-999.0,-999.0,1.0,-999.0,1.0,-999.0,-999.0,-999.0,-999.0,-999.0,-999.0,-999.0,-999.0,-999.0,-999.0,-999.0,-999.0,-999.0,-999.0,-999.0,-999.0,-999.0,-999,-999.0,-999,-999,-999
103,-999.0,-999,-999,-999.0,-999.0,-999.0,-999.0,-999.0,-999.0,-999.0,-999.0,-999.0,-999.0,-999.0,-999.0,-999.0,-999.0,-999.0,-999.0,-999.0,-999.0,-999.0,0.0,-999.0,-999.0,-999.0,-999.0,1.0,-999.0,0.0,-999.0,0.0,-999.0,0.0,1.0,0.6666666666666666,0.0,0.0,1.0,-999.0,0.8,0.2,0.25,0.42857142857142855,0.625,0.42857142857142855,0.125,0.5714285714285714,0.3333333333333333,0.6470588235294118,0.2777777777777778,0.43478260869565216,0.36,0.5238095238095238,0.3448275862068966,0.3157894736842105,0.4230769230769231,0.4482758620689655,0.48,0.48484848484848486,0.36666666666666664,0.3111111111111111,0.3404255319148936,0.32432432432432434,0.375,0.43902439024390244,0.4375,0.24242424242424243,0.3225806451612903,0.5277777777777778,0.45714285714285713,0.1875,0.5625,0.34375,0.41935483870967744,0.48484848484848486,0.44,0.25,0.4,0.45,0.8888888888888888,0.4166666666666667,1.0,0.42857142857142855,0.2857142857142857,0.5,0.14285714285714285,0.18181818181818182,0.5,1.0,0.5,0.25,-999.0,0.5,0.0,1.0,1.0,-999.0,-999.0,-999.0,-999.0,-999.0,-999.0,-999.0,-999.0,-999.0,-999.0,-999.0,-999.0,-999.0,-999.0,-999.0,-999.0,-999.0,-999.0,-999.0,-999.0,-999.0,-999.0,-999.0,-999.0,-999.0,-999.0,-999.0,-999,-999.0,-999,-999,-999
104,-999.0,-999,-999,-999.0,-999.0,-999.0,-999.0,-999.0,-999.0,-999.0,-999.0,-999.0,-999.0,-999.0,-999.0,-999.0,-999.0,-999.0,-999.0,-999.0,-999.0,-999.0,1.0,-999.0,-999.0,0.0,-999.0,-999.0,-999.0,-999.0,1.0,-999.0,-999.0,1.0,0.0,0.5,0.0,1.0,0.5,0.5,0.5714285714285714,0.375,0.2,0.4,0.42857142857142855,0.45454545454545453,0.5714285714285714,0.4,0.47619047619047616,0.6666666666666666,0.3888888888888889,0.3793103448275862,0.3870967741935484,0.4444444444444444,0.5652173913043478,0.45454545454545453,0.4117647058823529,0.45454545454545453,0.4,0.6086956521739131,0.3333333333333333,0.35714285714285715,0.4583333333333333,0.41304347826086957,0.4318181818181818,0.2857142857142857,0.5333333333333333,0.40625,0.3225806451612903,0.2682926829268293,0.3225806451612903,0.6666666666666666,0.34782608695652173,0.4090909090909091,0.32142857142857145,0.2608695652173913,0.45454545454545453,0.17391304347826086,0.6666666666666666,0.375,0.47368421052631576,0.46153846153846156,0.625,0.3,0.3076923076923077,0.4,0.125,1.0,0.6666666666666666,0.0,1.0,0.0,1.0,0.0,-999.0,0.3333333333333333,1.0,-999.0,-999.0,-999.0,-999.0,-999.0,-999.0,1.0,-999.0,-999.0,-999.0,-999.0,-999.0,-999.0,-999.0,-999.0,-999.0,-999.0,-999.0,-999.0,-999.0,-999.0,-999.0,-999.0,-999.0,-999.0,-999.0,-999.0,-999,-999.0,-999,-999,-999
105,-999.0,-999,-999,-999.0,-999.0,-999.0,-999.0,-999.0,-999.0,-999.0,-999.0,-999.0,-999.0,-999.0,-999.0,-999.0,-999.0,-999.0,-999.0,-999.0,-999.0,-999.0,0.0,0.0,-999.0,-999.0,-999.0,-999.0,-999.0,-999.0,0.0,0.0,0.5,0.0,0.0,-999.0,0.5,0.5,0.25,0.5,0.0,0.25,0.25,0.25,0.75,0.4,0.36363636363636365,0.46153846153846156,0.625,0.26666666666666666,0.43478260869565216,0.37037037037037035,0.47619047619047616,0.4090909090909091,0.4482758620689655,0.36,0.4838709677419355,0.36,0.5161290322580645,0.5161290322580645,0.4230769230769231,0.4,0.4318181818181818,0.375,0.4375,0.27906976744186046,0.2682926829268293,0.5925925925925926,0.34285714285714286,0.5757575757575758,0.47368421052631576,0.28125,0.5,0.35714285714285715,0.4722222222222222,0.2727272727272727,0.5,0.48148148148148145,0.4166666666666667,0.25,0.6470588235294118,0.4375,0.6,0.6,0.5,0.5714285714285714,0.16666666666666666,0.4,1.0,0.5,1.0,0.3333333333333333,1.0,0.0,0.0,0.6666666666666666,-999.0,-999.0,-999.0,-999.0,-999.0,-999.0,-999.0,-999.0,-999.0,-999.0,-999.0,-999.0,-999.0,-999.0,-999.0,-999.0,-999.0,-999.0,-999.0,-999.0,-999.0,-999.0,-999.0,-999.0,-999.0,-999.0,-999.0,-999.0,-999,-999.0,-999,-999,-999
106,-999.0,-999,-999,-999.0,-999.0,-999.0,-999.0,-999.0,-999.0,-999.0,-999.0,-999.0,-999.0,-999.0,-999.0,-999.0,-999.0,-999.0,-999.0,-999.0,-999.0,-999.0,1.0,1.0,-999.0,-999.0,-999.0,-999.0,0.0,-999.0,-999.0,-999.0,-999.0,0.6666666666666666,0.5,0.3333333333333333,0.0,0.0,0.0,0.6666666666666666,0.0,0.5,0.3,0.5555555555555556,0.42857142857142855,0.5,0.125,0.5,0.5238095238095238,0.4444444444444444,0.3333333333333333,0.4,0.48148148148148145,0.5,0.45454545454545453,0.4411764705882353,0.358974358974359,0.42424242424242425,0.4375,0.4166666666666667,0.3684210526315789,0.5,0.4,0.4634146341463415,0.34,0.2972972972972973,0.3888888888888889,0.46875,0.3,0.44,0.41935483870967744,0.3333333333333333,0.5517241379310345,0.6153846153846154,0.45714285714285713,0.3333333333333333,0.42857142857142855,0.47368421052631576,0.5,0.4444444444444444,0.4375,0.35714285714285715,0.3333333333333333,0.5,0.42857142857142855,0.14285714285714285,0.6666666666666666,0.75,0.5,0.75,0.0,0.5,1.0,1.0,0.3333333333333333,0.0,-999.0,-999.0,-999.0,-999.0,-999.0,-999.0,-999.0,-999.0,-999.0,0.0,-999.0,-999.0,-999.0,-999.0,-999.0,-999.0,-999.0,-999.0,-999.0,-999.0,-999.0,-999.0,-999.0,-999.0,-999.0,-999.0,-999.0,-999.0,-999,-999.0,-999,-999,-999
107,-999.0,-999,-999,-999.0,-999.0,-999.0,-999.0,-999.0,-999.0,-999.0,-999.0,-999.0,-999.0,-999.0,-999.0,-999.0,-999.0,-999.0,-999.0,-999.0,-999.0,-999.0,-999.0,0.0,-999.0,-999.0,-999.0,-999.0,-999.0,-999.0,-999.0,0.0,0.0,0.0,1.0,0.0,0.5,-999.0,0.5,0.2,0.5,0.2,0.3333333333333333,0.7142857142857143,0.2222222222222222,0.5,0.2,0.375,0.5714285714285714,0.6153846153846154,0.5,0.38095238095238093,0.32142857142857145,0.4,0.46511627906976744,0.2857142857142857,0.34615384615384615,0.36,0.4,0.48,0.4230769230769231,0.5263157894736842,0.375,0.46153846153846156,0.38235294117647056,0.4878048780487805,0.39473684210526316,0.4117647058823529,0.3548387096774194,0.6111111111111112,0.35714285714285715,0.5151515151515151,0.4594594594594595,0.5,0.4375,0.4230769230769231,0.5,0.3888888888888889,0.391304347826087,0.42857142857142855,0.8571428571428571,0.36363636363636365,0.5,0.5384615384615384,0.5,0.2857142857142857,0.3333333333333333,0.0,1.0,0.0,0.75,0.25,1.0,0.0,1.0,-999.0,-999.0,-999.0,0.0,-999.0,-999.0,-999.0,-999.0,-999.0,-999.0,-999.0,0.0,-999.0,-999.0,-999.0,-999.0,-999.0,-999.0,-999.0,-999.0,-999.0,-999.0,-999.0,-999.0,-999.0,-999.0,-999.0,-999.0,-999.0,-999,-999.0,-999,-999,-999
108,-999.0,-999,-999,-999.0,-999.0,-999.0,-999.0,-999.0,-999.0,-999.0,-999.0,-999.0,-999.0,-999.0,-999.0,-999.0,-999.0,-999.0,-999.0,-999.0,0.0,-999.0,-999.0,1.0,-999.0,-999.0,-999.0,-999.0,-999.0,-999.0,-999.0,1.0,1.0,0.5,0.5,0.5,0.5,0.0,0.0,0.5,0.25,0.25,0.0,0.3333333333333333,0.14285714285714285,0.5714285714285714,0.5,0.4166666666666667,0.3333333333333333,0.25,0.35,0.3333333333333333,0.24,0.5277777777777778,0.5142857142857142,0.4838709677419355,0.3333333333333333,0.4,0.38461538461538464,0.4166666666666667,0.4666666666666667,0.3409090909090909,0.3488372093023256,0.40476190476190477,0.24390243902439024,0.3617021276595745,0.5588235294117647,0.38461538461538464,0.2857142857142857,0.28,0.4117647058823529,0.36666666666666664,0.34375,0.4482758620689655,0.48484848484848486,0.30434782608695654,0.48148148148148145,0.7333333333333333,0.3333333333333333,0.6470588235294118,0.4,0.4444444444444444,0.5,0.5555555555555556,0.6666666666666666,0.3333333333333333,0.6,0.6666666666666666,0.3333333333333333,1.0,0.0,0.0,0.0,1.0,-999.0,0.0,0.0,-999.0,0.0,-999.0,-999.0,-999.0,-999.0,0.0,-999.0,-999.0,-999.0,-999.0,-999.0,-999.0,-999.0,-999.0,-999.0,-999.0,-999.0,-999.0,-999.0,-999.0,-999.0,-999.0,-999.0,-999.0,-999.0,-999.0,-999,-999.0,-999,-999,-999
109,-999.0,-999,-999,-999.0,-999.0,-999.0,-999.0,-999.0,-999.0,-999.0,-999.0,-999.0,-999.0,-999.0,-999.0,-999.0,-999.0,-999.0,-999.0,-999.0,-999.0,-999.0,-999.0,0.0,-999.0,0.0,-999.0,-999.0,-999.0,-999.0,0.0,-999.0,-999.0,1.0,-999.0,0.5,0.0,-999.0,1.0,0.6666666666666666,0.16666666666666666,0.25,0.4,0.2857142857142857,0.16666666666666666,0.1111111111111111,0.625,0.4166666666666667,0.21428571428571427,0.42857142857142855,0.44,0.3684210526315789,0.42857142857142855,0.5454545454545454,0.47058823529411764,0.41935483870967744,0.36363636363636365,0.4666666666666667,0.5833333333333334,0.36363636363636365,0.4523809523809524,0.4186046511627907,0.35135135135135137,0.44680851063829785,0.38461538461538464,0.47368421052631576,0.5142857142857142,0.4166666666666667,0.4230769230769231,0.17857142857142858,0.3,0.5555555555555556,0.28205128205128205,0.5,0.35714285714285715,0.40625,0.4,0.15384615384615385,0.23076923076923078,0.5833333333333334,0.4666666666666667,0.3333333333333333,0.4,0.0,0.25,0.625,0.5,1.0,1.0,0.3333333333333333,1.0,0.42857142857142855,0.3333333333333333,0.0,-999.0,-999.0,0.0,0.0,1.0,-999.0,-999.0,-999.0,-999.0,-999.0,-999.0,-999.0,0.0,-999.0,-999.0,-999.0,-999.0,-999.0,-999.0,-999.0,-999.0,-999.0,-999.0,-999.0,-999.0,-999.0,-999.0,-999.0,-999.0,-999.0,-999,-999.0,-999,-999,-999
110,-999.0,-999,-999,-999.0,-999.0,-999.0,-999.0,-999.0,-999.0,-999.0,-999.0,-999.0,-999.0,-999.0,-999.0,-999.0,-999.0,-999.0,-999.0,-999.0,-999.0,-999.0,-999.0,1.0,-999.0,-999.0,-999.0,1.0,-999.0,-999.0,-999.0,-999.0,-999.0,0.0,-999.0,0.3333333333333333,0.5,0.0,0.5,0.6,0.2,0.2,0.5,0.3333333333333333,0.0,0.4,0.4,0.48,0.5555555555555556,0.46153846153846156,0.5,0.45,0.4583333333333333,0.53125,0.5384615384615384,0.46153846153846156,0.47368421052631576,0.2903225806451613,0.37037037037037035,0.4166666666666667,0.4722222222222222,0.3125,0.45714285714285713,0.28205128205128205,0.43478260869565216,0.37209302325581395,0.41935483870967744,0.30303030303030304,0.5333333333333333,0.5434782608695652,0.6,0.30434782608695654,0.4523809523809524,0.36666666666666664,0.2631578947368421,0.4,0.4642857142857143,0.17647058823529413,0.2857142857142857,0.15384615384615385,0.29411764705882354,0.16666666666666666,0.2727272727272727,0.4,0.16666666666666666,0.3333333333333333,0.0,0.3333333333333333,0.5,1.0,0.6666666666666666,0.6666666666666666,0.5,-999.0,0.0,0.0,-999.0,-999.0,0.0,-999.0,-999.0,-999.0,-999.0,1.0,0.0,-999.0,-999.0,-999.0,-999.0,-999.0,-999.0,-999.0,-999.0,-999.0,-999.0,-999.0,-999.0,-999.0,-999.0,-999.0,-999.0,-999.0,-999.0,-999.0,-999,-999.0,-999,-999,-999
111,-999.0,-999,-999,-999.0,-999.0,-999.0,-999.0,-999.0,-999.0,-999.0,-999.0,-999.0,-999.0,-999.0,-999.0,-999.0,-999.0,-999.0,-999.0,-999.0,-999.0,1.0,-999.0,-999.0,-999.0,-999.0,-999.0,-999.0,-999.0,-999.0,1.0,-999.0,-999.0,1.0,0.6666666666666666,0.0,0.0,1.0,0.0,0.25,1.0,0.0,0.5,0.5,0.3333333333333333,0.5833333333333334,0.5384615384615384,0.4,0.5,0.2857142857142857,0.2413793103448276,0.21428571428571427,0.6,0.35714285714285715,0.3333333333333333,0.53125,0.5263157894736842,0.19230769230769232,0.3333333333333333,0.36585365853658536,0.4,0.3409090909090909,0.4186046511627907,0.5365853658536586,0.4634146341463415,0.3170731707317073,0.25925925925925924,0.45714285714285713,0.5625,0.5517241379310345,0.4857142857142857,0.43333333333333335,0.4594594594594595,0.5555555555555556,0.4375,0.5,0.35,0.6,0.42105263157894735,0.3333333333333333,0.45,0.2727272727272727,0.3333333333333333,0.6,0.75,0.4,0.6,0.25,0.0,1.0,0.5,0.3333333333333333,-999.0,0.0,-999.0,-999.0,-999.0,-999.0,1.0,-999.0,-999.0,0.0,-999.0,0.0,-999.0,-999.0,-999.0,-999.0,-999.0,-999.0,-999.0,-999.0,-999.0,-999.0,-999.0,-999.0,-999.0,-999.0,-999.0,-999.0,-999.0,-999.0,-999.0,-999.0,-999,-999.0,-999,-999,-999
112,-999.0,-999,-999,-999.0,-999.0,-999.0,-999.0,-999.0,-999.0,-999.0,-999.0,-999.0,-999.0,-999.0,-999.0,-999.0,-999.0,-999.0,-999.0,-999.0,-999.0,1.0,-999.0,-999.0,-999.0,0.0,-999.0,-999.0,-999.0,-999.0,-999.0,-999.0,-999.0,-999.0,-999.0,0.5,0.0,0.6666666666666666,0.25,0.5,1.0,0.6666666666666666,0.5,0.8,0.5,0.42857142857142855,0.38461538461538464,0.3076923076923077,0.3333333333333333,0.35294117647058826,0.46153846153846156,0.625,0.3684210526315789,0.3333333333333333,0.34375,0.38095238095238093,0.36666666666666664,0.30434782608695654,0.36666666666666664,0.4146341463414634,0.42857142857142855,0.3783783783783784,0.20930232558139536,0.4444444444444444,0.4186046511627907,0.3181818181818182,0.3902439024390244,0.5294117647058824,0.3333333333333333,0.5185185185185185,0.23529411764705882,0.5172413793103449,0.5128205128205128,0.3333333333333333,0.3181818181818182,0.4230769230769231,0.27586206896551724,0.3684210526315789,0.5384615384615384,0.4444444444444444,0.375,0.7692307692307693,0.5714285714285714,0.6666666666666666,0.5,0.25,0.3333333333333333,0.3333333333333333,0.5,0.0,0.5,0.5,0.5,-999.0,1.0,-999.0,0.0,-999.0,1.0,-999.0,-999.0,-999.0,-999.0,0.0,-999.0,-999.0,-999.0,-999.0,-999.0,-999.0,-999.0,-999.0,-999.0,-999.0,-999.0,-999.0,-999.0,-999.0,-999.0,-999.0,-999.0,-999.0,-999.0,-999.0,-999,-999.0,-999,-999,-999
113,-999.0,-999,-999,-999.0,-999.0,-999.0,-999.0,-999.0,-999.0,-999.0,-999.0,-999.0,-999.0,-999.0,-999.0,-999.0,-999.0,-999.0,-999.0,-999.0,-999.0,-999.0,-999.0,-999.0,-999.0,-999.0,-999.0,-999.0,-999.0,-999.0,0.0,-999.0,-999.0,1.0,-999.0,0.3333333333333333,0.5,0.0,0.4,0.6666666666666666,0.25,0.3333333333333333,0.5,0.0,0.375,0.2,0.4,0.625,0.6153846153846154,0.38095238095238093,0.3793103448275862,0.48,0.43478260869565216,0.3225806451612903,0.45454545454545453,0.5681818181818182,0.5,0.3333333333333333,0.3170731707317073,0.4,0.4074074074074074,0.5,0.4489795918367347,0.43902439024390244,0.3157894736842105,0.5,0.4444444444444444,0.48484848484848486,0.36585365853658536,0.5416666666666666,0.35135135135135137,0.42857142857142855,0.5357142857142857,0.2777777777777778,0.5806451612903226,0.47368421052631576,0.375,0.29411764705882354,0.5,0.21428571428571427,0.36363636363636365,0.5,0.46153846153846156,0.375,0.4,0.5,0.3333333333333333,0.6666666666666666,-999.0,0.0,0.5,0.6666666666666666,-999.0,-999.0,-999.0,1.0,0.0,-999.0,-999.0,-999.0,-999.0,-999.0,-999.0,0.0,-999.0,-999.0,-999.0,1.0,-999.0,-999.0,-999.0,-999.0,-999.0,-999.0,-999.0,-999.0,-999.0,-999.0,-999.0,-999.0,-999.0,-999.0,-999.0,-999.0,-999,-999.0,-999,-999,-999
114,-999.0,-999,-999,-999.0,-999.0,-999.0,-999.0,-999.0,-999.0,-999.0,-999.0,-999.0,-999.0,-999.0,-999.0,-999.0,-999.0,-999.0,-999.0,0.0,-999.0,-999.0,-999.0,-999.0,-999.0,-999.0,-999.0,-999.0,-999.0,-999.0,0.0,-999.0,-999.0,-999.0,-999.0,-999.0,0.0,0.5,0.6666666666666666,0.5,0.25,0.5,0.6,0.6666666666666666,0.625,0.5,0.5833333333333334,0.4117647058823529,0.7777777777777778,0.625,0.5789473684210527,0.34782608695652173,0.4375,0.24324324324324326,0.3235294117647059,0.43243243243243246,0.4666666666666667,0.3783783783783784,0.425,0.3125,0.45454545454545453,0.375,0.47619047619047616,0.28888888888888886,0.44,0.4857142857142857,0.42857142857142855,0.3783783783783784,0.3055555555555556,0.4444444444444444,0.3877551020408163,0.3,0.4827586206896552,0.5185185185185185,0.4074074074074074,0.25,0.3888888888888889,0.3333333333333333,0.4230769230769231,0.38461538461538464,0.14285714285714285,0.4166666666666667,0.42857142857142855,0.0,0.3333333333333333,0.5,0.0,0.5,0.6666666666666666,1.0,0.6,-999.0,1.0,0.6666666666666666,0.0,1.0,-999.0,0.0,-999.0,-999.0,1.0,-999.0,1.0,-999.0,-999.0,-999.0,-999.0,-999.0,-999.0,-999.0,-999.0,-999.0,-999.0,-999.0,-999.0,-999.0,-999.0,-999.0,-999.0,-999.0,-999.0,-999.0,-999.0,-999.0,-999,-999.0,-999,-999,-999
115,-999.0,-999,-999,-999.0,-999.0,-999.0,-999.0,-999.0,-999.0,-999.0,-999.0,-999.0,-999.0,-999.0,-999.0,-999.0,-999.0,-999.0,-999.0,1.0,-999.0,-999.0,-999.0,-999.0,-999.0,-999.0,-999.0,-999.0,-999.0,-999.0,-999.0,-999.0,0.0,-999.0,-999.0,0.0,0.4,0.75,0.6,-999.0,1.0,1.0,0.3333333333333333,0.0,0.2857142857142857,0.2857142857142857,0.36363636363636365,0.18181818181818182,0.45,0.5882352941176471,0.46153846153846156,0.47368421052631576,0.47368421052631576,0.3783783783783784,0.4473684210526316,0.375,0.24242424242424243,0.38461538461538464,0.37209302325581395,0.5428571428571428,0.42857142857142855,0.4117647058823529,0.45,0.3076923076923077,0.3953488372093023,0.5,0.40476190476190477,0.4146341463414634,0.4444444444444444,0.48,0.37777777777777777,0.38095238095238093,0.4411764705882353,0.42857142857142855,0.6363636363636364,0.5294117647058824,0.5217391304347826,0.2857142857142857,0.6111111111111112,0.5555555555555556,0.5384615384615384,0.21428571428571427,0.5,0.3333333333333333,0.16666666666666666,0.5,0.5,0.3333333333333333,-999.0,0.4,0.0,0.0,-999.0,-999.0,-999.0,1.0,-999.0,1.0,0.0,-999.0,-999.0,-999.0,-999.0,-999.0,-999.0,-999.0,-999.0,-999.0,-999.0,-999.0,-999.0,-999.0,-999.0,-999.0,-999.0,-999.0,-999.0,-999.0,-999.0,-999.0,-999.0,-999.0,-999.0,-999.0,-999,-999.0,-999,-999,-999
116,-999.0,-999,-999,-999.0,-999.0,-999.0,-999.0,-999.0,-999.0,-999.0,-999.0,-999.0,-999.0,-999.0,-999.0,-999.0,-999.0,-999.0,-999.0,-999.0,-999.0,-999.0,-999.0,-999.0,-999.0,-999.0,-999.0,-999.0,-999.0,-999.0,-999.0,0.0,0.0,0.0,-999.0,-999.0,-999.0,0.0,0.6666666666666666,0.4,-999.0,0.75,0.3333333333333333,0.6666666666666666,0.625,0.5555555555555556,0.36363636363636365,0.46153846153846156,0.5714285714285714,0.391304347826087,0.5,0.4117647058823529,0.46153846153846156,0.3611111111111111,0.5,0.34375,0.3793103448275862,0.40625,0.3225806451612903,0.3783783783783784,0.35294117647058826,0.4838709677419355,0.4,0.2564102564102564,0.5454545454545454,0.35135135135135137,0.5555555555555556,0.5128205128205128,0.37209302325581395,0.47619047619047616,0.4166666666666667,0.36585365853658536,0.53125,0.3125,0.41379310344827586,0.3333333333333333,0.6111111111111112,0.47619047619047616,0.3157894736842105,0.42857142857142855,0.23076923076923078,0.6363636363636364,0.45454545454545453,0.5,0.2857142857142857,0.4,0.0,0.2,0.3333333333333333,0.5,0.6666666666666666,0.0,1.0,-999.0,0.0,-999.0,-999.0,1.0,-999.0,-999.0,-999.0,1.0,-999.0,-999.0,-999.0,-999.0,-999.0,-999.0,-999.0,-999.0,-999.0,-999.0,-999.0,-999.0,-999.0,-999.0,-999.0,-999.0,-999.0,-999.0,-999.0,-999.0,-999.0,-999.0,-999,-999.0,-999,-999,-999
117,-999.0,-999,-999,-999.0,-999.0,-999.0,-999.0,-999.0,-999.0,-999.0,-999.0,-999.0,-999.0,-999.0,-999.0,-999.0,-999.0,-999.0,-999.0,-999.0,-999.0,-999.0,-999.0,-999.0,-999.0,-999.0,-999.0,-999.0,-999.0,0.0,-999.0,0.0,-999.0,-999.0,1.0,0.0,0.0,0.5,0.0,0.6666666666666666,-999.0,0.6666666666666666,0.3333333333333333,0.5,0.4444444444444444,0.4444444444444444,0.5,0.5,0.25,0.4166666666666667,0.4,0.30434782608695654,0.47368421052631576,0.34615384615384615,0.3888888888888889,0.42424242424242425,0.5121951219512195,0.30434782608695654,0.5135135135135135,0.5142857142857142,0.5135135135135135,0.275,0.3684210526315789,0.3888888888888889,0.35294117647058826,0.4,0.4418604651162791,0.3,0.4473684210526316,0.2857142857142857,0.5,0.325,0.4358974358974359,0.34210526315789475,0.391304347826087,0.4444444444444444,0.42857142857142855,0.4782608695652174,0.4,0.5789473684210527,0.45454545454545453,0.16666666666666666,0.3333333333333333,0.5,0.5454545454545454,0.2,0.6666666666666666,0.16666666666666666,0.5,0.25,0.0,-999.0,-999.0,-999.0,0.5,0.0,-999.0,-999.0,-999.0,-999.0,1.0,0.0,-999.0,-999.0,-999.0,0.0,-999.0,-999.0,-999.0,-999.0,-999.0,-999.0,-999.0,-999.0,-999.0,-999.0,-999.0,-999.0,-999.0,-999.0,-999.0,-999.0,-999.0,-999.0,-999,-999.0,-999,-999,-999
118,-999.0,-999,-999,-999.0,-999.0,-999.0,-999.0,-999.0,-999.0,-999.0,-999.0,-999.0,-999.0,-999.0,-999.0,-999.0,-999.0,-999.0,-999.0,-999.0,-999.0,-999.0,-999.0,1.0,-999.0,-999.0,-999.0,-999.0,-999.0,-999.0,-999.0,0.0,0.0,-999.0,-999.0,-999.0,1.0,-999.0,0.5,0.3333333333333333,-999.0,0.6666666666666666,0.5,0.3333333333333333,0.6666666666666666,0.42857142857142855,0.3333333333333333,0.5882352941176471,0.42857142857142855,0.3684210526315789,0.4782608695652174,0.35,0.42857142857142855,0.45454545454545453,0.40625,0.21875,0.375,0.5172413793103449,0.358974358974359,0.41304347826086957,0.43902439024390244,0.4444444444444444,0.425,0.42105263157894735,0.5714285714285714,0.35294117647058826,0.3888888888888889,0.47368421052631576,0.4090909090909091,0.5263157894736842,0.42857142857142855,0.425,0.23809523809523808,0.25,0.48,0.36363636363636365,0.7222222222222222,0.47058823529411764,0.3,0.4666666666666667,0.6666666666666666,0.6,0.25,0.42857142857142855,0.6666666666666666,0.75,0.8,0.42857142857142855,0.0,0.4,1.0,0.0,0.0,-999.0,-999.0,-999.0,-999.0,0.0,-999.0,-999.0,-999.0,1.0,-999.0,-999.0,-999.0,-999.0,-999.0,-999.0,-999.0,-999.0,-999.0,-999.0,-999.0,-999.0,-999.0,-999.0,-999.0,-999.0,-999.0,-999.0,-999.0,-999.0,-999.0,-999.0,-999,-999.0,-999,-999,-999
119,-999.0,-999,-999,-999.0,-999.0,-999.0,-999.0,-999.0,-999.0,-999.0,-999.0,-999.0,-999.0,-999.0,-999.0,-999.0,-999.0,-999.0,-999.0,-999.0,-999.0,-999.0,-999.0,-999.0,-999.0,-999.0,-999.0,0.0,1.0,-999.0,-999.0,-999.0,-999.0,-999.0,-999.0,-999.0,-999.0,0.3333333333333333,0.0,0.3333333333333333,0.0,0.5,0.5,0.75,0.3333333333333333,0.45454545454545453,0.36363636363636365,0.4166666666666667,0.3333333333333333,0.3888888888888889,0.2857142857142857,0.29411764705882354,0.5833333333333334,0.4444444444444444,0.3333333333333333,0.3783783783783784,0.4418604651162791,0.47058823529411764,0.3829787234042553,0.5789473684210527,0.4444444444444444,0.35714285714285715,0.34,0.5,0.25,0.375,0.4166666666666667,0.34375,0.3695652173913043,0.5128205128205128,0.4074074074074074,0.3939393939393939,0.5277777777777778,0.3333333333333333,0.5945945945945946,0.5833333333333334,0.44,0.5384615384615384,0.5555555555555556,0.47619047619047616,0.4166666666666667,0.5714285714285714,0.4444444444444444,0.4,0.75,0.16666666666666666,0.25,0.2,0.0,0.3333333333333333,0.0,-999.0,1.0,-999.0,0.0,0.0,1.0,-999.0,-999.0,-999.0,-999.0,-999.0,-999.0,-999.0,-999.0,0.0,-999.0,-999.0,-999.0,-999.0,-999.0,-999.0,-999.0,-999.0,-999.0,-999.0,-999.0,-999.0,-999.0,-999.0,-999.0,-999.0,-999.0,-999.0,-999,-999.0,-999,-999,-999
120,-999.0,-999,-999,-999.0,-999.0,-999.0,-999.0,-999.0,-999.0,-999.0,-999.0,-999.0,-999.0,-999.0,-999.0,-999.0,-999.0,-999.0,-999.0,-999.0,-999.0,-999.0,-999.0,1.0,-999.0,-999.0,-999.0,-999.0,0.0,-999.0,-999.0,0.0,1.0,-999.0,1.0,-999.0,0.5,0.0,-999.0,0.5,0.8333333333333334,0.2,0.3333333333333333,0.4,0.6666666666666666,0.25,0.6,0.25,0.2,0.3333333333333333,0.3333333333333333,0.42105263157894735,0.42857142857142855,0.34615384615384615,0.5,0.42857142857142855,0.4444444444444444,0.39473684210526316,0.23684210526315788,0.375,0.40384615384615385,0.3793103448275862,0.3333333333333333,0.5714285714285714,0.4146341463414634,0.40540540540540543,0.5,0.37209302325581395,0.4146341463414634,0.36666666666666664,0.358974358974359,0.375,0.46511627906976744,0.35294117647058826,0.3333333333333333,0.46153846153846156,0.42857142857142855,0.45,0.47368421052631576,0.29411764705882354,0.4117647058823529,0.8,0.625,0.3333333333333333,0.75,0.375,0.4,0.0,0.25,0.0,0.0,1.0,-999.0,-999.0,-999.0,0.0,-999.0,-999.0,-999.0,0.0,-999.0,-999.0,-999.0,-999.0,-999.0,-999.0,-999.0,-999.0,-999.0,-999.0,-999.0,-999.0,-999.0,-999.0,-999.0,-999.0,-999.0,-999.0,-999.0,-999.0,-999.0,-999.0,-999.0,-999.0,-999,-999.0,-999,-999,-999
121,-999.0,-999,-999,-999.0,-999.0,-999.0,-999.0,-999.0,-999.0,-999.0,-999.0,-999.0,-999.0,-999.0,-999.0,-999.0,-999.0,-999.0,-999.0,-999.0,-999.0,-999.0,-999.0,-999.0,-999.0,-999.0,-999.0,-999.0,1.0,-999.0,1.0,-999.0,-999.0,-999.0,-999.0,-999.0,0.0,-999.0,0.0,0.5,0.5,0.0,0.5,0.16666666666666666,0.3333333333333333,0.6363636363636364,0.4666666666666667,0.5263157894736842,0.5294117647058824,0.3333333333333333,0.4090909090909091,0.4,0.391304347826087,0.3870967741935484,0.5,0.4146341463414634,0.3611111111111111,0.3333333333333333,0.4117647058823529,0.3611111111111111,0.3902439024390244,0.45454545454545453,0.5128205128205128,0.40476190476190477,0.42105263157894735,0.45454545454545453,0.5263157894736842,0.2222222222222222,0.3829787234042553,0.5238095238095238,0.2619047619047619,0.41379310344827586,0.2903225806451613,0.5,0.4827586206896552,0.375,0.5238095238095238,0.35294117647058826,0.35714285714285715,0.4375,0.4444444444444444,0.6,0.25,0.5555555555555556,0.4,0.2,0.25,0.0,0.5,0.0,0.0,0.3333333333333333,0.0,-999.0,1.0,-999.0,-999.0,1.0,-999.0,0.0,-999.0,-999.0,-999.0,0.0,-999.0,-999.0,-999.0,-999.0,-999.0,-999.0,-999.0,-999.0,-999.0,-999.0,-999.0,-999.0,-999.0,-999.0,-999.0,-999.0,-999.0,-999.0,-999.0,-999.0,-999,-999.0,-999,-999,-999
122,-999.0,-999,-999,-999.0,-999.0,-999.0,-999.0,-999.0,-999.0,-999.0,-999.0,-999.0,-999.0,-999.0,-999.0,-999.0,-999.0,-999.0,-999.0,-999.0,-999.0,-999.0,-999.0,-999.0,-999.0,1.0,-999.0,-999.0,-999.0,0.0,-999.0,-999.0,0.5,-999.0,-999.0,0.0,-999.0,0.5,1.0,1.0,0.4,0.6666666666666666,0.6666666666666666,0.0,0.3333333333333333,0.5,0.5,0.7272727272727273,0.46153846153846156,0.5333333333333333,0.3333333333333333,0.5,0.4,0.41935483870967744,0.4642857142857143,0.40540540540540543,0.20512820512820512,0.625,0.34285714285714286,0.43902439024390244,0.3469387755102041,0.4117647058823529,0.4166666666666667,0.4375,0.42857142857142855,0.5,0.43902439024390244,0.45714285714285713,0.4146341463414634,0.4146341463414634,0.4166666666666667,0.3333333333333333,0.48,0.4838709677419355,0.39285714285714285,0.2857142857142857,0.2727272727272727,0.35294117647058826,0.42857142857142855,0.5263157894736842,0.42105263157894735,0.5555555555555556,0.4,0.2857142857142857,0.25,0.2,0.5,0.75,0.5,0.75,-999.0,-999.0,1.0,-999.0,-999.0,1.0,-999.0,-999.0,0.0,1.0,-999.0,-999.0,-999.0,-999.0,-999.0,-999.0,-999.0,-999.0,-999.0,-999.0,-999.0,-999.0,-999.0,-999.0,-999.0,-999.0,-999.0,-999.0,-999.0,-999.0,-999.0,-999.0,-999.0,-999.0,-999,-999.0,-999,-999,-999
123,-999.0,-999,-999,-999.0,-999.0,-999.0,-999.0,-999.0,-999.0,-999.0,-999.0,-999.0,-999.0,-999.0,-999.0,-999.0,-999.0,-999.0,-999.0,-999.0,-999.0,-999.0,-999.0,-999.0,-999.0,-999.0,-999.0,-999.0,-999.0,-999.0,0.0,-999.0,-999.0,1.0,-999.0,-999.0,-999.0,0.0,0.0,0.5,0.2,0.5,0.42857142857142855,0.6,0.4,0.2727272727272727,0.2727272727272727,0.5,0.42857142857142855,0.4117647058823529,0.42857142857142855,0.42857142857142855,0.4090909090909091,0.5,0.24,0.575,0.4,0.45714285714285713,0.39473684210526316,0.34210526315789475,0.3409090909090909,0.5,0.375,0.5957446808510638,0.30303030303030304,0.4523809523809524,0.46,0.3829787234042553,0.38235294117647056,0.4,0.4166666666666667,0.425,0.5151515151515151,0.3,0.3225806451612903,0.391304347826087,0.29411764705882354,0.4090909090909091,0.36363636363636365,0.23076923076923078,0.3333333333333333,0.5,0.75,0.4,0.5,0.5,0.5,0.5,0.75,0.0,-999.0,0.0,0.0,0.5,0.0,-999.0,-999.0,0.0,-999.0,-999.0,-999.0,-999.0,-999.0,0.0,-999.0,-999.0,-999.0,-999.0,-999.0,-999.0,-999.0,-999.0,-999.0,-999.0,-999.0,-999.0,-999.0,-999.0,-999.0,-999.0,-999.0,-999.0,-999.0,-999.0,-999,-999.0,-999,-999,-999
124,-999.0,-999,-999,-999.0,-999.0,-999.0,-999.0,-999.0,-999.0,-999.0,-999.0,-999.0,-999.0,-999.0,-999.0,-999.0,-999.0,-999.0,-999.0,-999.0,-999.0,-999.0,-999.0,-999.0,-999.0,-999.0,-999.0,-999.0,-999.0,0.0,-999.0,0.0,-999.0,-999.0,0.0,0.5,-999.0,0.0,1.0,0.25,1.0,0.0,0.75,0.0,0.45454545454545453,0.7142857142857143,0.3,0.5,0.5333333333333333,0.35294117647058826,0.4666666666666667,0.4666666666666667,0.48717948717948717,0.29411764705882354,0.30303030303030304,0.3076923076923077,0.19230769230769232,0.47058823529411764,0.4146341463414634,0.36,0.3695652173913043,0.4411764705882353,0.5,0.35714285714285715,0.35135135135135137,0.4146341463414634,0.42105263157894735,0.42857142857142855,0.5128205128205128,0.4878048780487805,0.35714285714285715,0.5,0.45454545454545453,0.5,0.46153846153846156,0.52,0.4,0.05263157894736842,0.3333333333333333,0.46153846153846156,0.46153846153846156,0.3,0.3333333333333333,0.5,0.375,0.5,0.0,0.2,0.3333333333333333,-999.0,1.0,0.0,0.0,-999.0,-999.0,1.0,-999.0,-999.0,1.0,-999.0,-999.0,0.0,-999.0,-999.0,-999.0,-999.0,-999.0,-999.0,-999.0,-999.0,-999.0,-999.0,-999.0,-999.0,-999.0,-999.0,-999.0,-999.0,-999.0,-999.0,-999.0,-999.0,-999.0,-999.0,-999,-999.0,-999,-999,-999
125,-999.0,-999,-999,-999.0,-999.0,-999.0,-999.0,-999.0,-999.0,-999.0,-999.0,-999.0,-999.0,-999.0,-999.0,-999.0,-999.0,-999.0,-999.0,-999.0,-999.0,-999.0,-999.0,-999.0,-999.0,-999.0,-999.0,1.0,0.0,-999.0,-999.0,1.0,-999.0,1.0,-999.0,0.0,-999.0,0.3333333333333333,-999.0,0.3333333333333333,1.0,0.6666666666666666,0.25,0.0,0.5,0.5,0.18181818181818182,0.25,0.5,0.46153846153846156,0.45,0.4666666666666667,0.47619047619047616,0.3,0.42857142857142855,0.525,0.34375,0.21428571428571427,0.3333333333333333,0.36,0.4222222222222222,0.43902439024390244,0.40476190476190477,0.3333333333333333,0.3235294117647059,0.38235294117647056,0.43243243243243246,0.5217391304347826,0.5128205128205128,0.5238095238095238,0.6774193548387096,0.5172413793103449,0.4583333333333333,0.5,0.3548387096774194,0.23076923076923078,0.42857142857142855,0.5789473684210527,0.25,0.26666666666666666,0.5833333333333334,0.5625,0.3333333333333333,0.2,0.42857142857142855,0.0,0.5,0.3333333333333333,-999.0,0.5,1.0,0.0,-999.0,-999.0,-999.0,-999.0,-999.0,0.0,-999.0,-999.0,-999.0,-999.0,-999.0,-999.0,-999.0,-999.0,-999.0,-999.0,-999.0,-999.0,-999.0,-999.0,-999.0,-999.0,-999.0,-999.0,-999.0,-999.0,-999.0,-999.0,-999.0,-999.0,-999.0,-999.0,-999,-999.0,-999,-999,-999
126,-999.0,-999,-999,-999.0,-999.0,-999.0,-999.0,-999.0,-999.0,-999.0,-999.0,-999.0,-999.0,-999.0,-999.0,-999.0,-999.0,-999.0,-999.0,-999.0,-999.0,-999.0,-999.0,-999.0,-999.0,-999.0,-999.0,-999.0,0.0,-999.0,-999.0,0.0,-999.0,-999.0,-999.0,0.0,1.0,-999.0,1.0,1.0,1.0,1.0,0.2,0.14285714285714285,0.5714285714285714,0.375,0.4,0.5,0.2727272727272727,0.6153846153846154,0.5416666666666666,0.42857142857142855,0.5,0.2647058823529412,0.5294117647058824,0.41025641025641024,0.6341463414634146,0.40816326530612246,0.42424242424242425,0.4791666666666667,0.38636363636363635,0.41304347826086957,0.3870967741935484,0.40476190476190477,0.40625,0.3939393939393939,0.38461538461538464,0.40384615384615385,0.5,0.4883720930232558,0.5925925925925926,0.2727272727272727,0.5172413793103449,0.46875,0.42105263157894735,0.32,0.3793103448275862,0.5625,0.23529411764705882,0.3333333333333333,0.5,0.6666666666666666,0.3,0.6666666666666666,0.25,0.2857142857142857,-999.0,0.0,1.0,0.0,-999.0,1.0,-999.0,0.0,1.0,-999.0,-999.0,0.0,1.0,-999.0,-999.0,-999.0,-999.0,-999.0,-999.0,-999.0,-999.0,-999.0,-999.0,-999.0,-999.0,-999.0,-999.0,-999.0,-999.0,-999.0,-999.0,-999.0,-999.0,-999.0,-999.0,-999.0,-999.0,-999.0,-999,-999.0,-999,-999,-999
127,-999.0,-999,-999,-999.0,-999.0,-999.0,-999.0,-999.0,-999.0,-999.0,-999.0,-999.0,-999.0,-999.0,-999.0,-999.0,-999.0,-999.0,-999.0,-999.0,-999.0,-999.0,-999.0,-999.0,-999.0,-999.0,-999.0,-999.0,-999.0,0.0,-999.0,-999.0,0.0,-999.0,1.0,1.0,-999.0,0.0,0.0,1.0,-999.0,0.5,0.0,0.6666666666666666,0.14285714285714285,0.25,0.2727272727272727,0.625,0.0,0.375,0.3333333333333333,0.21739130434782608,0.5,0.46153846153846156,0.20833333333333334,0.25806451612903225,0.2857142857142857,0.38095238095238093,0.3888888888888889,0.44680851063829785,0.4594594594594595,0.5,0.3055555555555556,0.325,0.4827586206896552,0.43478260869565216,0.48214285714285715,0.5238095238095238,0.5675675675675675,0.5,0.41304347826086957,0.3617021276595745,0.5945945945945946,0.40540540540540543,0.3333333333333333,0.4782608695652174,0.38461538461538464,0.2777777777777778,0.48,0.38461538461538464,0.4444444444444444,0.46153846153846156,0.16666666666666666,0.2222222222222222,0.0,0.3333333333333333,0.25,0.0,-999.0,-999.0,-999.0,-999.0,-999.0,0.0,-999.0,1.0,-999.0,-999.0,0.0,-999.0,-999.0,-999.0,-999.0,-999.0,-999.0,-999.0,-999.0,-999.0,-999.0,-999.0,-999.0,-999.0,-999.0,-999.0,-999.0,-999.0,-999.0,-999.0,-999.0,-999.0,-999.0,-999.0,-999.0,-999.0,-999,-999.0,-999,-999,-999
128,-999.0,-999,-999,-999.0,-999.0,-999.0,-999.0,-999.0,-999.0,-999.0,-999.0,-999.0,-999.0,-999.0,-999.0,-999.0,-999.0,-999.0,-999.0,-999.0,-999.0,-999.0,-999.0,-999.0,-999.0,-999.0,-999.0,-999.0,0.0,-999.0,0.0,-999.0,-999.0,0.0,-999.0,1.0,-999.0,0.0,-999.0,1.0,0.0,0.6666666666666666,0.25,0.0,0.3333333333333333,0.4444444444444444,0.4,0.36363636363636365,0.3076923076923077,0.4444444444444444,0.53125,0.3888888888888889,0.35,0.2727272727272727,0.41025641025641024,0.48484848484848486,0.6153846153846154,0.3684210526315789,0.41025641025641024,0.4878048780487805,0.3673469387755102,0.2857142857142857,0.3111111111111111,0.3783783783783784,0.3870967741935484,0.4230769230769231,0.4375,0.3142857142857143,0.425,0.32432432432432434,0.3055555555555556,0.3333333333333333,0.4166666666666667,0.29411764705882354,0.5714285714285714,0.4,0.22727272727272727,0.4444444444444444,0.5714285714285714,0.4444444444444444,0.14285714285714285,0.46153846153846156,0.8333333333333334,0.5,0.14285714285714285,0.42857142857142855,1.0,0.3333333333333333,0.0,-999.0,1.0,0.0,0.0,-999.0,0.0,-999.0,-999.0,0.0,-999.0,-999.0,-999.0,-999.0,-999.0,-999.0,-999.0,-999.0,-999.0,-999.0,-999.0,-999.0,-999.0,-999.0,-999.0,-999.0,-999.0,-999.0,-999.0,-999.0,-999.0,-999.0,-999.0,-999.0,-999.0,-999.0,-999,-999.0,-999,-999,-999
129,-999.0,-999,-999,-999.0,-999.0,-999.0,-999.0,-999.0,-999.0,-999.0,-999.0,-999.0,-999.0,-999.0,-999.0,-999.0,-999.0,-999.0,-999.0,-999.0,-999.0,-999.0,-999.0,-999.0,-999.0,-999.0,-999.0,-999.0,0.0,0.0,-999.0,-999.0,0.0,-999.0,-999.0,1.0,0.0,1.0,0.0,0.0,1.0,0.2,0.0,0.2857142857142857,0.375,0.3,0.5,0.6363636363636364,0.6,0.47058823529411764,0.631578947368421,0.42105263157894735,0.3888888888888889,0.32142857142857145,0.5,0.42857142857142855,0.41935483870967744,0.5128205128205128,0.3,0.5365853658536586,0.39622641509433965,0.3157894736842105,0.5172413793103449,0.4878048780487805,0.3783783783783784,0.45098039215686275,0.46153846153846156,0.36585365853658536,0.38095238095238093,0.45,0.42857142857142855,0.3076923076923077,0.40625,0.3103448275862069,0.2962962962962963,0.4090909090909091,0.38095238095238093,0.4,0.631578947368421,0.21428571428571427,0.5,0.45454545454545453,0.5,0.5,0.25,0.5,1.0,0.0,1.0,-999.0,-999.0,1.0,0.0,0.0,-999.0,1.0,-999.0,-999.0,-999.0,-999.0,-999.0,-999.0,-999.0,-999.0,-999.0,-999.0,-999.0,-999.0,-999.0,-999.0,-999.0,-999.0,-999.0,-999.0,-999.0,-999.0,-999.0,-999.0,-999.0,-999.0,-999.0,-999.0,-999.0,-999.0,-999,-999.0,-999,-999,-999
130,-999.0,-999,-999,-999.0,-999.0,-999.0,-999.0,-999.0,-999.0,-999.0,-999.0,-999.0,-999.0,-999.0,-999.0,-999.0,-999.0,-999.0,-999.0,-999.0,-999.0,-999.0,-999.0,-999.0,-999.0,-999.0,-999.0,-999.0,-999.0,0.0,-999.0,-999.0,-999.0,-999.0,-999.0,0.5,-999.0,0.5,0.5,0.5,0.0,0.6,0.6666666666666666,0.75,0.0,0.4,0.3333333333333333,0.3333333333333333,0.42857142857142855,0.5,0.5,0.631578947368421,0.5185185185185185,0.4230769230769231,0.45,0.4722222222222222,0.375,0.5294117647058824,0.3783783783783784,0.43243243243243246,0.3488372093023256,0.5365853658536586,0.42857142857142855,0.3333333333333333,0.41935483870967744,0.29411764705882354,0.32558139534883723,0.5,0.5555555555555556,0.43243243243243246,0.5,0.4,0.38461538461538464,0.3103448275862069,0.5,0.4166666666666667,0.35714285714285715,0.42857142857142855,0.47058823529411764,0.25,0.6153846153846154,0.2222222222222222,0.46153846153846156,0.5,0.5714285714285714,0.25,0.6666666666666666,1.0,0.0,0.5,-999.0,-999.0,-999.0,1.0,-999.0,1.0,-999.0,-999.0,-999.0,-999.0,0.0,-999.0,-999.0,-999.0,-999.0,-999.0,-999.0,-999.0,-999.0,-999.0,-999.0,-999.0,-999.0,-999.0,-999.0,-999.0,-999.0,-999.0,-999.0,-999.0,-999.0,-999.0,-999.0,-999.0,-999,-999.0,-999,-999,-999
131,-999.0,-999,-999,-999.0,-999.0,-999.0,-999.0,-999.0,-999.0,-999.0,-999.0,-999.0,-999.0,-999.0,-999.0,-999.0,-999.0,-999.0,-999.0,-999.0,-999.0,-999.0,-999.0,-999.0,-999.0,-999.0,0.5,-999.0,-999.0,-999.0,-999.0,-999.0,-999.0,-999.0,-999.0,0.3333333333333333,1.0,0.0,-999.0,0.0,1.0,0.6,0.75,0.2,0.5,0.4,0.4375,0.42857142857142855,0.5217391304347826,0.2727272727272727,0.46153846153846156,0.42105263157894735,0.35,0.41935483870967744,0.21428571428571427,0.4838709677419355,0.4523809523809524,0.475,0.40476190476190477,0.5185185185185185,0.47368421052631576,0.47058823529411764,0.42857142857142855,0.42857142857142855,0.5625,0.5526315789473685,0.3333333333333333,0.38461538461538464,0.375,0.40625,0.4166666666666667,0.4864864864864865,0.3333333333333333,0.375,0.30434782608695654,0.2777777777777778,0.5263157894736842,0.36363636363636365,0.3333333333333333,0.42857142857142855,0.5384615384615384,0.5454545454545454,0.6666666666666666,0.25,0.5,0.14285714285714285,1.0,0.0,0.5,1.0,1.0,0.0,-999.0,0.5,-999.0,-999.0,-999.0,-999.0,-999.0,-999.0,-999.0,-999.0,-999.0,-999.0,-999.0,-999.0,-999.0,-999.0,-999.0,-999.0,-999.0,-999.0,-999.0,-999.0,-999.0,-999.0,-999.0,-999.0,-999.0,-999.0,-999.0,-999.0,-999.0,-999.0,-999,-999.0,-999,-999,-999
132,-999.0,-999,-999,-999.0,-999.0,-999.0,-999.0,-999.0,-999.0,-999.0,-999.0,-999.0,-999.0,-999.0,-999.0,-999.0,-999.0,-999.0,-999.0,-999.0,-999.0,-999.0,-999.0,-999.0,-999.0,-999.0,0.0,-999.0,-999.0,-999.0,-999.0,-999.0,1.0,-999.0,-999.0,0.0,-999.0,-999.0,1.0,0.3333333333333333,0.5,1.0,0.3333333333333333,0.5,0.0,0.25,0.45454545454545453,0.42857142857142855,0.4444444444444444,0.375,0.3157894736842105,0.4444444444444444,0.3157894736842105,0.4827586206896552,0.5,0.32432432432432434,0.42105263157894735,0.25806451612903225,0.49019607843137253,0.2926829268292683,0.2702702702702703,0.23333333333333334,0.4418604651162791,0.3170731707317073,0.5428571428571428,0.4473684210526316,0.3404255319148936,0.42592592592592593,0.5294117647058824,0.4,0.4,0.4166666666666667,0.53125,0.3076923076923077,0.4090909090909091,0.5,0.42105263157894735,0.45454545454545453,0.3157894736842105,0.75,0.38461538461538464,0.5555555555555556,0.4666666666666667,0.0,0.5,0.0,1.0,1.0,0.0,0.3333333333333333,0.5,0.0,-999.0,-999.0,-999.0,-999.0,-999.0,-999.0,-999.0,-999.0,-999.0,-999.0,-999.0,-999.0,-999.0,-999.0,-999.0,-999.0,-999.0,-999.0,-999.0,-999.0,-999.0,-999.0,-999.0,-999.0,-999.0,-999.0,-999.0,-999.0,-999.0,-999.0,-999.0,-999.0,-999,-999.0,-999,-999,-999
133,-999.0,-999,-999,-999.0,-999.0,-999.0,-999.0,-999.0,-999.0,-999.0,-999.0,-999.0,-999.0,-999.0,-999.0,-999.0,-999.0,-999.0,-999.0,-999.0,-999.0,-999.0,-999.0,-999.0,-999.0,-999.0,-999.0,-999.0,-999.0,-999.0,-999.0,-999.0,0.0,-999.0,-999.0,-999.0,-999.0,0.6666666666666666,-999.0,0.5,0.3333333333333333,0.0,0.0,0.5714285714285714,0.4,0.14285714285714285,0.16666666666666666,0.3,0.375,0.45454545454545453,0.4230769230769231,0.5555555555555556,0.42857142857142855,0.4117647058823529,0.16666666666666666,0.3235294117647059,0.3235294117647059,0.4594594594594595,0.3488372093023256,0.4523809523809524,0.5,0.40816326530612246,0.358974358974359,0.38461538461538464,0.3783783783783784,0.4634146341463415,0.52,0.38,0.425531914893617,0.5581395348837209,0.5,0.4883720930232558,0.4838709677419355,0.20588235294117646,0.3684210526315789,0.4827586206896552,0.6428571428571429,0.4,0.875,0.2222222222222222,0.25,0.2857142857142857,0.6363636363636364,0.6,0.0,0.6666666666666666,-999.0,0.25,0.0,-999.0,0.0,0.6666666666666666,-999.0,-999.0,-999.0,-999.0,-999.0,-999.0,-999.0,0.5,-999.0,-999.0,-999.0,-999.0,-999.0,-999.0,-999.0,-999.0,-999.0,-999.0,-999.0,-999.0,-999.0,-999.0,-999.0,-999.0,-999.0,-999.0,-999.0,-999.0,-999.0,-999.0,-999.0,-999.0,-999,-999.0,-999,-999,-999
134,-999.0,-999,-999,-999.0,-999.0,-999.0,-999.0,-999.0,-999.0,-999.0,-999.0,-999.0,-999.0,-999.0,-999.0,-999.0,-999.0,-999.0,-999.0,-999.0,-999.0,-999.0,-999.0,-999.0,-999.0,-999.0,-999.0,-999.0,-999.0,1.0,-999.0,-999.0,-999.0,-999.0,1.0,-999.0,-999.0,-999.0,1.0,-999.0,1.0,0.5,1.0,0.6666666666666666,0.2857142857142857,0.2857142857142857,0.3,0.2222222222222222,0.6666666666666666,0.38461538461538464,0.36363636363636365,0.4583333333333333,0.2857142857142857,0.4,0.34782608695652173,0.3333333333333333,0.42857142857142855,0.46875,0.4888888888888889,0.3333333333333333,0.42,0.5897435897435898,0.5121951219512195,0.4864864864864865,0.5263157894736842,0.4186046511627907,0.5869565217391305,0.3333333333333333,0.3,0.36363636363636365,0.4146341463414634,0.5,0.2903225806451613,0.47619047619047616,0.52,0.5,0.52,0.3125,0.4583333333333333,0.3,0.3076923076923077,1.0,0.5,0.75,0.2,0.6666666666666666,0.25,0.0,0.3333333333333333,0.5,-999.0,0.0,-999.0,-999.0,-999.0,-999.0,1.0,-999.0,-999.0,-999.0,-999.0,-999.0,-999.0,-999.0,-999.0,-999.0,-999.0,-999.0,-999.0,-999.0,-999.0,-999.0,-999.0,-999.0,-999.0,-999.0,-999.0,-999.0,-999.0,-999.0,-999.0,-999.0,-999.0,-999.0,-999,-999.0,-999,-999,-999
135,-999.0,-999,-999,-999.0,-999.0,-999.0,-999.0,-999.0,-999.0,-999.0,-999.0,-999.0,-999.0,-999.0,-999.0,-999.0,-999.0,-999.0,-999.0,-999.0,-999.0,-999.0,-999.0,-999.0,-999.0,-999.0,-999.0,-999.0,-999.0,0.0,-999.0,-999.0,1.0,-999.0,-999.0,-999.0,-999.0,0.0,0.3333333333333333,1.0,0.6666666666666666,0.25,0.0,0.5,0.375,0.2,0.5,0.4166666666666667,0.3684210526315789,0.3333333333333333,0.35,0.3333333333333333,0.5,0.34782608695652173,0.3333333333333333,0.4117647058823529,0.25,0.3611111111111111,0.55,0.37254901960784315,0.49019607843137253,0.4375,0.5,0.43478260869565216,0.4482758620689655,0.6,0.5813953488372093,0.5,0.36363636363636365,0.35,0.43333333333333335,0.45714285714285713,0.5,0.35,0.2857142857142857,0.4827586206896552,0.4,0.5714285714285714,0.4,0.45454545454545453,0.7,0.42857142857142855,0.3333333333333333,0.625,0.2,1.0,0.0,0.5,1.0,1.0,-999.0,1.0,-999.0,-999.0,-999.0,-999.0,-999.0,0.0,-999.0,-999.0,-999.0,-999.0,-999.0,-999.0,-999.0,-999.0,-999.0,-999.0,-999.0,-999.0,-999.0,-999.0,-999.0,-999.0,-999.0,-999.0,-999.0,-999.0,-999.0,-999.0,-999.0,-999.0,-999.0,-999.0,-999,-999.0,-999,-999,-999
136,-999.0,-999,-999,-999.0,-999.0,-999.0,-999.0,-999.0,-999.0,-999.0,-999.0,-999.0,-999.0,-999.0,-999.0,-999.0,-999.0,-999.0,-999.0,-999.0,-999.0,-999.0,-999.0,-999.0,-999.0,-999.0,-999.0,-999.0,-999.0,-999.0,-999.0,1.0,-999.0,-999.0,-999.0,-999.0,-999.0,1.0,-999.0,-999.0,0.5,0.0,0.0,0.5,0.2857142857142857,0.5555555555555556,0.36363636363636365,0.4,0.42105263157894735,0.25,0.5555555555555556,0.3181818181818182,0.42857142857142855,0.35714285714285715,0.3333333333333333,0.3125,0.5333333333333333,0.42857142857142855,0.35,0.32075471698113206,0.4222222222222222,0.4186046511627907,0.5121951219512195,0.5116279069767442,0.35,0.4772727272727273,0.3333333333333333,0.391304347826087,0.4489795918367347,0.3181818181818182,0.46511627906976744,0.4666666666666667,0.41025641025641024,0.4642857142857143,0.4166666666666667,0.5833333333333334,0.4166666666666667,0.631578947368421,0.375,0.5,0.0,0.7272727272727273,0.2222222222222222,0.6666666666666666,0.75,0.5,0.3333333333333333,1.0,0.0,-999.0,0.5,0.5,-999.0,1.0,-999.0,-999.0,-999.0,-999.0,-999.0,-999.0,-999.0,-999.0,-999.0,-999.0,-999.0,-999.0,-999.0,-999.0,-999.0,-999.0,-999.0,-999.0,-999.0,-999.0,-999.0,-999.0,-999.0,-999.0,-999.0,-999.0,-999.0,-999.0,-999.0,-999.0,-999,-999.0,-999,-999,-999
137,-999.0,-999,-999,-999.0,-999.0,-999.0,-999.0,-999.0,-999.0,-999.0,-999.0,-999.0,-999.0,-999.0,-999.0,-999.0,-999.0,-999.0,-999.0,-999.0,-999.0,-999.0,-999.0,-999.0,-999.0,-999.0,-999.0,-999.0,-999.0,-999.0,-999.0,1.0,-999.0,-999.0,-999.0,1.0,-999.0,1.0,0.0,1.0,0.0,0.75,0.0,0.4,0.4,0.4166666666666667,0.2727272727272727,0.375,0.45454545454545453,0.2857142857142857,0.35714285714285715,0.391304347826087,0.4090909090909091,0.42105263157894735,0.48148148148148145,0.5,0.3157894736842105,0.39473684210526316,0.37209302325581395,0.42857142857142855,0.4523809523809524,0.2631578947368421,0.5208333333333334,0.4,0.4,0.5348837209302325,0.3877551020408163,0.4090909090909091,0.5,0.4166666666666667,0.4473684210526316,0.43333333333333335,0.4878048780487805,0.4090909090909091,0.4642857142857143,0.42857142857142855,0.3333333333333333,0.6,0.5384615384615384,0.26666666666666666,0.3333333333333333,0.5,0.25,0.6666666666666666,0.0,0.5,0.3333333333333333,-999.0,0.0,0.3333333333333333,-999.0,0.0,-999.0,1.0,1.0,-999.0,-999.0,-999.0,-999.0,-999.0,-999.0,-999.0,-999.0,-999.0,-999.0,-999.0,-999.0,-999.0,-999.0,-999.0,-999.0,-999.0,-999.0,-999.0,-999.0,-999.0,-999.0,-999.0,-999.0,-999.0,-999.0,-999.0,-999.0,-999.0,-999,-999.0,-999,-999,-999
138,-999.0,-999,-999,-999.0,-999.0,-999.0,-999.0,-999.0,-999.0,-999.0,-999.0,-999.0,-999.0,-999.0,-999.0,-999.0,-999.0,-999.0,-999.0,-999.0,-999.0,-999.0,-999.0,-999.0,-999.0,-999.0,-999.0,-999.0,-999.0,-999.0,-999.0,-999.0,0.0,-999.0,-999.0,-999.0,1.0,1.0,0.0,0.0,0.5,-999.0,1.0,0.3333333333333333,0.125,0.3333333333333333,0.16666666666666666,0.4,0.47058823529411764,0.2777777777777778,0.3333333333333333,0.4117647058823529,0.2631578947368421,0.45,0.42857142857142855,0.3939393939393939,0.5434782608695652,0.25925925925925924,0.3684210526315789,0.38461538461538464,0.5142857142857142,0.425531914893617,0.41304347826086957,0.5128205128205128,0.4727272727272727,0.32558139534883723,0.38181818181818183,0.43243243243243246,0.42,0.3191489361702128,0.5,0.34782608695652173,0.425,0.5217391304347826,0.26666666666666666,0.20833333333333334,0.5333333333333333,0.4,0.5294117647058824,0.6923076923076923,0.5384615384615384,0.21428571428571427,0.2,0.3333333333333333,0.25,0.6666666666666666,1.0,0.3333333333333333,0.0,0.0,-999.0,0.0,-999.0,0.5,1.0,-999.0,-999.0,-999.0,-999.0,-999.0,-999.0,-999.0,-999.0,-999.0,-999.0,-999.0,-999.0,-999.0,-999.0,-999.0,-999.0,-999.0,-999.0,-999.0,-999.0,-999.0,-999.0,-999.0,-999.0,-999.0,-999.0,-999.0,-999.0,-999.0,-999,-999.0,-999,-999,-999
139,-999.0,-999,-999,-999.0,-999.0,-999.0,-999.0,-999.0,-999.0,-999.0,-999.0,-999.0,-999.0,-999.0,-999.0,-999.0,-999.0,-999.0,-999.0,-999.0,-999.0,-999.0,-999.0,-999.0,-999.0,-999.0,-999.0,-999.0,-999.0,-999.0,-999.0,1.0,-999.0,-999.0,-999.0,1.0,-999.0,0.0,-999.0,-999.0,0.0,0.25,0.0,0.0,0.75,0.4,0.2857142857142857,0.3333333333333333,0.5555555555555556,0.5714285714285714,0.5555555555555556,0.4117647058823529,0.2916666666666667,0.3888888888888889,0.18181818181818182,0.5555555555555556,0.390625,0.358974358974359,0.30303030303030304,0.3333333333333333,0.375,0.4444444444444444,0.5192307692307693,0.38636363636363635,0.4915254237288136,0.4074074074074074,0.5471698113207547,0.5365853658536586,0.3333333333333333,0.52,0.5277777777777778,0.5357142857142857,0.46153846153846156,0.40425531914893614,0.43478260869565216,0.125,0.5,0.42857142857142855,0.4444444444444444,0.42105263157894735,0.6666666666666666,0.375,0.5,0.3333333333333333,0.4,0.5,0.5,-999.0,0.0,0.75,0.5,0.0,-999.0,-999.0,0.0,-999.0,-999.0,-999.0,-999.0,-999.0,-999.0,-999.0,-999.0,-999.0,-999.0,-999.0,-999.0,-999.0,-999.0,-999.0,-999.0,-999.0,-999.0,-999.0,-999.0,-999.0,-999.0,-999.0,-999.0,-999.0,-999.0,-999.0,-999.0,-999.0,-999,-999.0,-999,-999,-999
140,-999.0,-999,-999,-999.0,-999.0,-999.0,-999.0,-999.0,-999.0,-999.0,-999.0,-999.0,-999.0,-999.0,-999.0,-999.0,-999.0,-999.0,-999.0,-999.0,-999.0,-999.0,-999.0,-999.0,-999.0,-999.0,-999.0,-999.0,-999.0,-999.0,-999.0,-999.0,-999.0,-999.0,1.0,-999.0,0.6666666666666666,1.0,1.0,1.0,0.0,0.3333333333333333,0.3333333333333333,0.0,0.0,0.5714285714285714,0.25,0.25,0.4166666666666667,0.5294117647058824,0.4444444444444444,0.7647058823529411,0.4782608695652174,0.37142857142857144,0.3888888888888889,0.3225806451612903,0.4722222222222222,0.34375,0.375,0.40540540540540543,0.4888888888888889,0.42,0.574468085106383,0.4791666666666667,0.5,0.3695652173913043,0.5208333333333334,0.5227272727272727,0.36585365853658536,0.5098039215686274,0.32,0.4411764705882353,0.5714285714285714,0.45454545454545453,0.5416666666666666,0.4,0.3,0.47058823529411764,0.16666666666666666,0.5,0.3333333333333333,0.3333333333333333,0.3333333333333333,0.3333333333333333,0.75,0.0,0.0,1.0,1.0,-999.0,1.0,-999.0,-999.0,-999.0,-999.0,-999.0,-999.0,0.0,-999.0,-999.0,-999.0,-999.0,-999.0,-999.0,-999.0,-999.0,-999.0,-999.0,-999.0,-999.0,-999.0,-999.0,-999.0,-999.0,-999.0,-999.0,-999.0,-999.0,-999.0,-999.0,-999.0,-999.0,-999.0,-999.0,-999,-999.0,-999,-999,-999
141,-999.0,-999,-999,-999.0,-999.0,-999.0,-999.0,-999.0,-999.0,-999.0,-999.0,-999.0,-999.0,-999.0,-999.0,-999.0,-999.0,-999.0,-999.0,-999.0,-999.0,-999.0,-999.0,-999.0,-999.0,-999.0,-999.0,-999.0,-999.0,0.0,-999.0,-999.0,-999.0,-999.0,-999.0,-999.0,-999.0,-999.0,0.3333333333333333,-999.0,-999.0,0.0,0.0,0.5,0.42857142857142855,0.6666666666666666,0.6,0.3333333333333333,0.4,0.5,0.5,0.42857142857142855,0.4090909090909091,0.17391304347826086,0.27586206896551724,0.55,0.45454545454545453,0.5,0.5238095238095238,0.45454545454545453,0.4883720930232558,0.3953488372093023,0.48148148148148145,0.3111111111111111,0.39655172413793105,0.38461538461538464,0.35714285714285715,0.3404255319148936,0.2702702702702703,0.43859649122807015,0.37209302325581395,0.43902439024390244,0.5625,0.4583333333333333,0.4,0.5714285714285714,0.23529411764705882,0.16666666666666666,0.47058823529411764,0.4,0.6923076923076923,0.4444444444444444,0.25,0.5,0.4,0.0,1.0,-999.0,1.0,0.6666666666666666,0.0,-999.0,-999.0,-999.0,1.0,-999.0,-999.0,-999.0,-999.0,-999.0,-999.0,-999.0,-999.0,-999.0,-999.0,-999.0,-999.0,-999.0,-999.0,-999.0,-999.0,-999.0,-999.0,-999.0,-999.0,-999.0,-999.0,-999.0,-999.0,-999.0,-999.0,-999.0,-999.0,-999.0,-999,-999.0,-999,-999,-999
142,-999.0,-999,-999,-999.0,-999.0,-999.0,-999.0,-999.0,-999.0,-999.0,-999.0,-999.0,-999.0,-999.0,-999.0,-999.0,-999.0,-999.0,-999.0,-999.0,-999.0,-999.0,-999.0,-999.0,-999.0,-999.0,-999.0,-999.0,-999.0,-999.0,-999.0,-999.0,-999.0,-999.0,-999.0,-999.0,-999.0,-999.0,0.6666666666666666,0.6666666666666666,1.0,0.5,0.4,0.0,0.5,0.16666666666666666,0.2857142857142857,0.25,0.5625,0.4375,0.5294117647058824,0.4,0.6875,0.4782608695652174,0.325,0.47368421052631576,0.4838709677419355,0.45714285714285713,0.4772727272727273,0.40425531914893614,0.41025641025641024,0.4791666666666667,0.4117647058823529,0.48717948717948717,0.47058823529411764,0.47619047619047616,0.38235294117647056,0.46551724137931033,0.41304347826086957,0.4666666666666667,0.4473684210526316,0.5714285714285714,0.4666666666666667,0.46153846153846156,0.4444444444444444,0.5263157894736842,0.3333333333333333,0.2777777777777778,0.46153846153846156,0.3333333333333333,0.14285714285714285,0.5384615384615384,0.5,0.6666666666666666,-999.0,0.0,0.5,-999.0,1.0,-999.0,0.0,-999.0,-999.0,-999.0,1.0,-999.0,1.0,-999.0,-999.0,-999.0,-999.0,-999.0,-999.0,-999.0,-999.0,-999.0,-999.0,-999.0,-999.0,-999.0,-999.0,-999.0,-999.0,-999.0,-999.0,-999.0,-999.0,-999.0,-999.0,-999.0,-999.0,-999.0,-999.0,-999.0,-999,-999.0,-999,-999,-999
143,-999.0,-999,-999,-999.0,-999.0,-999.0,-999.0,-999.0,-999.0,-999.0,-999.0,-999.0,-999.0,-999.0,-999.0,-999.0,-999.0,-999.0,-999.0,-999.0,-999.0,-999.0,-999.0,-999.0,-999.0,-999.0,-999.0,-999.0,-999.0,-999.0,0.0,-999.0,-999.0,-999.0,-999.0,-999.0,-999.0,-999.0,0.0,0.5,0.3333333333333333,0.0,1.0,0.3333333333333333,1.0,0.75,0.2,0.6153846153846154,0.38461538461538464,0.5789473684210527,0.38461538461538464,0.44,0.25,0.52,0.28,0.24324324324324326,0.47368421052631576,0.3870967741935484,0.45714285714285713,0.47058823529411764,0.4339622641509434,0.38596491228070173,0.44680851063829785,0.4473684210526316,0.40476190476190477,0.3584905660377358,0.46875,0.5094339622641509,0.40816326530612246,0.40540540540540543,0.36363636363636365,0.68,0.4642857142857143,0.631578947368421,0.5882352941176471,0.35714285714285715,0.4666666666666667,0.42857142857142855,0.4,0.75,0.5,0.36363636363636365,0.4,0.3333333333333333,0.0,0.3333333333333333,0.0,0.0,0.3333333333333333,0.5,1.0,-999.0,-999.0,-999.0,-999.0,-999.0,-999.0,-999.0,-999.0,-999.0,-999.0,-999.0,-999.0,-999.0,-999.0,-999.0,-999.0,-999.0,-999.0,-999.0,-999.0,-999.0,-999.0,-999.0,-999.0,-999.0,-999.0,-999.0,-999.0,-999.0,-999.0,-999.0,-999.0,-999.0,-999,-999.0,-999,-999,-999
144,-999.0,-999,-999,-999.0,-999.0,-999.0,-999.0,-999.0,-999.0,-999.0,-999.0,-999.0,-999.0,-999.0,-999.0,-999.0,-999.0,-999.0,-999.0,-999.0,-999.0,-999.0,-999.0,-999.0,-999.0,-999.0,-999.0,-999.0,-999.0,-999.0,-999.0,-999.0,-999.0,-999.0,0.0,-999.0,1.0,-999.0,0.0,-999.0,0.3333333333333333,1.0,0.0,0.0,0.2857142857142857,0.6,0.42857142857142855,0.25,0.6,0.3333333333333333,0.25,0.3888888888888889,0.10526315789473684,0.43478260869565216,0.38461538461538464,0.4642857142857143,0.4375,0.5,0.5238095238095238,0.509090909090909,0.5,0.33962264150943394,0.4318181818181818,0.5238095238095238,0.37037037037037035,0.49019607843137253,0.32142857142857145,0.5263157894736842,0.48936170212765956,0.4166666666666667,0.47368421052631576,0.40625,0.5185185185185185,0.48148148148148145,0.5517241379310345,0.3157894736842105,0.4,0.3888888888888889,0.45454545454545453,0.6428571428571429,0.375,0.46153846153846156,1.0,0.6,0.25,0.75,1.0,-999.0,1.0,0.5,-999.0,-999.0,-999.0,-999.0,-999.0,-999.0,-999.0,-999.0,0.0,-999.0,-999.0,-999.0,-999.0,-999.0,-999.0,-999.0,-999.0,-999.0,-999.0,-999.0,-999.0,-999.0,-999.0,-999.0,-999.0,-999.0,-999.0,-999.0,-999.0,-999.0,-999.0,-999.0,-999.0,-999.0,-999,-999.0,-999,-999,-999
145,-999.0,-999,-999,-999.0,-999.0,-999.0,-999.0,-999.0,-999.0,-999.0,-999.0,-999.0,-999.0,-999.0,-999.0,-999.0,-999.0,-999.0,-999.0,-999.0,-999.0,-999.0,-999.0,-999.0,-999.0,-999.0,-999.0,-999.0,-999.0,-999.0,-999.0,-999.0,-999.0,-999.0,1.0,-999.0,0.0,0.0,0.0,0.0,0.6666666666666666,0.6666666666666666,1.0,0.5,0.2,0.2857142857142857,0.0,0.375,0.4666666666666667,0.375,0.2631578947368421,0.5625,0.38095238095238093,0.2857142857142857,0.4166666666666667,0.36666666666666664,0.5,0.43333333333333335,0.39473684210526316,0.375,0.4745762711864407,0.45454545454545453,0.4444444444444444,0.35135135135135137,0.4339622641509434,0.38,0.5961538461538461,0.5102040816326531,0.48214285714285715,0.46511627906976744,0.41935483870967744,0.5625,0.375,0.4230769230769231,0.391304347826087,0.23809523809523808,0.47058823529411764,0.5,0.5,0.8,0.2727272727272727,0.375,0.0,0.5,0.5,1.0,0.0,-999.0,-999.0,1.0,1.0,-999.0,-999.0,-999.0,-999.0,-999.0,-999.0,-999.0,0.0,-999.0,-999.0,-999.0,-999.0,-999.0,-999.0,-999.0,-999.0,-999.0,-999.0,-999.0,-999.0,-999.0,-999.0,-999.0,-999.0,-999.0,-999.0,-999.0,-999.0,-999.0,-999.0,-999.0,-999.0,-999.0,-999,-999.0,-999,-999,-999
146,-999.0,-999,-999,-999.0,-999.0,-999.0,-999.0,-999.0,-999.0,-999.0,-999.0,-999.0,-999.0,-999.0,-999.0,-999.0,-999.0,-999.0,-999.0,-999.0,-999.0,-999.0,-999.0,-999.0,-999.0,-999.0,-999.0,-999.0,-999.0,-999.0,-999.0,-999.0,-999.0,-999.0,-999.0,-999.0,1.0,1.0,-999.0,1.0,0.0,0.0,1.0,-999.0,0.2,0.42857142857142855,0.25,0.4166666666666667,0.625,0.75,0.4666666666666667,0.5555555555555556,0.5833333333333334,0.4642857142857143,0.28125,0.5555555555555556,0.3902439024390244,0.4722222222222222,0.425531914893617,0.48936170212765956,0.4642857142857143,0.45714285714285713,0.391304347826087,0.49056603773584906,0.5957446808510638,0.4666666666666667,0.42592592592592593,0.2857142857142857,0.48717948717948717,0.4222222222222222,0.4117647058823529,0.4411764705882353,0.34375,0.38095238095238093,0.28,0.48,0.6666666666666666,0.4375,0.46153846153846156,0.3333333333333333,0.6923076923076923,0.42857142857142855,0.375,0.5,1.0,0.5,0.6666666666666666,0.0,0.5,-999.0,-999.0,0.0,-999.0,-999.0,-999.0,-999.0,0.0,-999.0,-999.0,-999.0,-999.0,-999.0,-999.0,-999.0,-999.0,-999.0,-999.0,-999.0,-999.0,-999.0,-999.0,-999.0,-999.0,-999.0,-999.0,-999.0,-999.0,-999.0,-999.0,-999.0,-999.0,-999.0,-999.0,-999.0,-999,-999.0,-999,-999,-999
147,-999.0,-999,-999,-999.0,-999.0,-999.0,-999.0,-999.0,-999.0,-999.0,-999.0,-999.0,-999.0,-999.0,-999.0,-999.0,-999.0,-999.0,-999.0,-999.0,-999.0,-999.0,-999.0,-999.0,-999.0,-999.0,-999.0,-999.0,-999.0,-999.0,-999.0,-999.0,-999.0,-999.0,-999.0,-999.0,-999.0,0.0,0.0,-999.0,-999.0,0.5,1.0,0.75,0.3333333333333333,0.2,0.3333333333333333,0.5833333333333334,0.2857142857142857,0.8181818181818182,0.3333333333333333,0.5,0.625,0.5555555555555556,0.5882352941176471,0.42857142857142855,0.4666666666666667,0.4166666666666667,0.3829787234042553,0.3953488372093023,0.42424242424242425,0.2978723404255319,0.45,0.45614035087719296,0.46808510638297873,0.509090909090909,0.37037037037037035,0.4583333333333333,0.5217391304347826,0.3409090909090909,0.3939393939393939,0.2903225806451613,0.5,0.5454545454545454,0.3888888888888889,0.36,0.3333333333333333,0.75,0.7777777777777778,0.6923076923076923,0.5454545454545454,0.5,0.5,0.0,0.5,-999.0,1.0,-999.0,0.5,1.0,-999.0,0.0,-999.0,-999.0,-999.0,-999.0,-999.0,-999.0,-999.0,-999.0,-999.0,-999.0,-999.0,-999.0,-999.0,-999.0,-999.0,-999.0,-999.0,-999.0,-999.0,-999.0,-999.0,-999.0,-999.0,-999.0,-999.0,-999.0,-999.0,-999.0,-999.0,-999.0,-999.0,-999.0,-999,-999.0,-999,-999,-999
148,-999.0,-999,-999,-999.0,-999.0,-999.0,-999.0,-999.0,-999.0,-999.0,-999.0,-999.0,-999.0,-999.0,-999.0,-999.0,-999.0,-999.0,-999.0,-999.0,-999.0,-999.0,-999.0,-999.0,-999.0,-999.0,-999.0,-999.0,-999.0,-999.0,-999.0,-999.0,-999.0,-999.0,-999.0,-999.0,-999.0,1.0,0.0,0.0,0.0,1.0,-999.0,0.3333333333333333,0.3333333333333333,1.0,0.4,0.42857142857142855,0.5333333333333333,0.35294117647058826,0.5333333333333333,0.42857142857142855,0.375,0.30434782608695654,0.5238095238095238,0.2962962962962963,0.4166666666666667,0.4642857142857143,0.4716981132075472,0.4583333333333333,0.3333333333333333,0.4117647058823529,0.47540983606557374,0.39344262295081966,0.43137254901960786,0.5319148936170213,0.39655172413793105,0.4807692307692308,0.5,0.475,0.32558139534883723,0.5416666666666666,0.47619047619047616,0.3333333333333333,0.46153846153846156,0.52,0.5714285714285714,0.36363636363636365,0.45454545454545453,0.18181818181818182,0.16666666666666666,0.25,0.3333333333333333,-999.0,0.5,0.5,-999.0,0.0,-999.0,0.0,-999.0,0.0,-999.0,-999.0,-999.0,-999.0,-999.0,-999.0,0.0,-999.0,-999.0,-999.0,-999.0,-999.0,-999.0,-999.0,-999.0,-999.0,-999.0,-999.0,-999.0,-999.0,-999.0,-999.0,-999.0,-999.0,-999.0,-999.0,-999.0,-999.0,-999.0,-999.0,-999.0,-999.0,-999,-999.0,-999,-999,-999
149,-999.0,-999,-999,-999.0,-999.0,-999.0,-999.0,-999.0,-999.0,-999.0,-999.0,-999.0,-999.0,-999.0,-999.0,-999.0,-999.0,-999.0,-999.0,-999.0,-999.0,-999.0,-999.0,-999.0,-999.0,-999.0,-999.0,-999.0,0.0,-999.0,-999.0,-999.0,-999.0,-999.0,-999.0,0.0,-999.0,0.0,-999.0,-999.0,0.3333333333333333,0.0,-999.0,0.3333333333333333,0.6,0.0,0.625,0.16666666666666666,0.4,0.4375,0.3333333333333333,0.25,0.4074074074074074,0.43478260869565216,0.39473684210526316,0.5652173913043478,0.3617021276595745,0.3225806451612903,0.5405405405405406,0.42857142857142855,0.4772727272727273,0.4074074074074074,0.4576271186440678,0.42105263157894735,0.5172413793103449,0.5,0.38181818181818183,0.40476190476190477,0.375,0.525,0.5128205128205128,0.53125,0.38461538461538464,0.4,0.3333333333333333,0.46153846153846156,0.5333333333333333,0.3076923076923077,0.0,0.3076923076923077,0.09090909090909091,0.42857142857142855,0.5,0.5,-999.0,0.3333333333333333,1.0,-999.0,1.0,0.0,1.0,-999.0,-999.0,-999.0,-999.0,-999.0,-999.0,-999.0,-999.0,-999.0,-999.0,-999.0,-999.0,-999.0,-999.0,-999.0,-999.0,-999.0,-999.0,-999.0,-999.0,-999.0,-999.0,-999.0,-999.0,-999.0,-999.0,-999.0,-999.0,-999.0,-999.0,-999.0,-999.0,-999.0,-999,-999.0,-999,-999,-999
150,-999.0,-999,-999,-999.0,-999.0,-999.0,-999.0,-999.0,-999.0,-999.0,-999.0,-999.0,-999.0,-999.0,-999.0,-999.0,-999.0,-999.0,-999.0,-999.0,-999.0,-999.0,-999.0,-999.0,-999.0,-999.0,-999.0,-999.0,-999.0,-999.0,-999.0,-999.0,-999.0,-999.0,-999.0,1.0,-999.0,0.0,1.0,-999.0,0.0,0.5,-999.0,0.5,1.0,0.4,0.3333333333333333,0.375,0.5555555555555556,0.6428571428571429,0.5714285714285714,0.25,0.2608695652173913,0.5,0.46153846153846156,0.4583333333333333,0.3888888888888889,0.43333333333333335,0.32432432432432434,0.5319148936170213,0.2702702702702703,0.44680851063829785,0.42857142857142855,0.45454545454545453,0.40350877192982454,0.37735849056603776,0.3333333333333333,0.3392857142857143,0.35714285714285715,0.4523809523809524,0.225,0.4722222222222222,0.36666666666666664,0.34615384615384615,0.4642857142857143,0.47368421052631576,0.2727272727272727,0.5,0.5,0.4,0.25,0.5714285714285714,0.5555555555555556,0.0,0.5,0.5,0.0,-999.0,1.0,1.0,-999.0,-999.0,-999.0,-999.0,-999.0,-999.0,-999.0,-999.0,0.0,-999.0,-999.0,-999.0,-999.0,-999.0,-999.0,-999.0,-999.0,-999.0,-999.0,-999.0,-999.0,-999.0,-999.0,-999.0,-999.0,-999.0,-999.0,-999.0,-999.0,-999.0,-999.0,-999.0,-999.0,-999.0,-999,-999.0,-999,-999,-999
151,-999.0,-999,-999,-999.0,-999.0,-999.0,-999.0,-999.0,-999.0,-999.0,-999.0,-999.0,-999.0,-999.0,-999.0,-999.0,-999.0,-999.0,-999.0,-999.0,-999.0,-999.0,-999.0,-999.0,-999.0,-999.0,-999.0,-999.0,-999.0,-999.0,-999.0,-999.0,-999.0,-999.0,-999.0,-999.0,-999.0,0.0,0.0,-999.0,-999.0,0.5,0.0,0.6666666666666666,0.0,0.0,0.42857142857142855,0.6,0.5,0.4,0.3333333333333333,0.5454545454545454,0.35294117647058826,0.32,0.27586206896551724,0.56,0.5769230769230769,0.45,0.3488372093023256,0.3953488372093023,0.5,0.47692307692307695,0.3698630136986301,0.46153846153846156,0.3235294117647059,0.42592592592592593,0.4782608695652174,0.3673469387755102,0.4722222222222222,0.2857142857142857,0.358974358974359,0.40625,0.42424242424242425,0.65,0.42857142857142855,0.5714285714285714,0.47619047619047616,0.4166666666666667,0.38461538461538464,0.5714285714285714,0.2727272727272727,0.5,0.5,0.5,1.0,1.0,-999.0,1.0,0.0,0.0,1.0,-999.0,-999.0,-999.0,-999.0,-999.0,-999.0,-999.0,-999.0,-999.0,-999.0,-999.0,-999.0,-999.0,-999.0,-999.0,-999.0,-999.0,-999.0,-999.0,-999.0,-999.0,-999.0,-999.0,-999.0,-999.0,-999.0,-999.0,-999.0,-999.0,-999.0,-999.0,-999.0,-999.0,-999,-999.0,-999,-999,-999
152,-999.0,-999,-999,-999.0,-999.0,-999.0,-999.0,-999.0,-999.0,-999.0,-999.0,-999.0,-999.0,-999.0,-999.0,-999.0,-999.0,-999.0,-999.0,-999.0,-999.0,-999.0,-999.0,-999.0,-999.0,-999.0,-999.0,-999.0,-999.0,-999.0,-999.0,-999.0,-999.0,-999.0,-999.0,-999.0,-999.0,-999.0,-999.0,0.5,1.0,-999.0,0.5,0.5,0.3333333333333333,0.3333333333333333,0.2,0.5555555555555556,0.5714285714285714,0.4444444444444444,0.46153846153846156,0.4,0.7272727272727273,0.6363636363636364,0.46875,0.45161290322580644,0.3333333333333333,0.46808510638297873,0.46511627906976744,0.3333333333333333,0.3333333333333333,0.425531914893617,0.4067796610169492,0.4857142857142857,0.47761194029850745,0.5510204081632653,0.5227272727272727,0.43103448275862066,0.4666666666666667,0.3902439024390244,0.38235294117647056,0.5333333333333333,0.43333333333333335,0.55,0.5,0.23809523809523808,0.3333333333333333,0.2857142857142857,0.3076923076923077,0.2727272727272727,0.2857142857142857,0.5555555555555556,0.6666666666666666,1.0,1.0,0.0,1.0,1.0,-999.0,-999.0,1.0,-999.0,-999.0,-999.0,-999.0,-999.0,1.0,-999.0,-999.0,-999.0,-999.0,-999.0,-999.0,-999.0,-999.0,-999.0,-999.0,-999.0,-999.0,-999.0,-999.0,-999.0,-999.0,-999.0,-999.0,-999.0,-999.0,-999.0,-999.0,-999.0,-999.0,-999.0,-999.0,-999.0,-999,-999.0,-999,-999,-999
153,-999.0,-999,-999,-999.0,-999.0,-999.0,-999.0,-999.0,-999.0,-999.0,-999.0,-999.0,-999.0,-999.0,-999.0,-999.0,-999.0,-999.0,-999.0,-999.0,-999.0,-999.0,-999.0,-999.0,-999.0,-999.0,-999.0,-999.0,-999.0,-999.0,-999.0,-999.0,-999.0,-999.0,-999.0,-999.0,-999.0,0.0,-999.0,-999.0,-999.0,0.4,-999.0,0.0,0.0,0.0,0.25,0.4444444444444444,0.5,0.3333333333333333,0.375,0.30434782608695654,0.3888888888888889,0.46153846153846156,0.38461538461538464,0.42857142857142855,0.4482758620689655,0.358974358974359,0.5227272727272727,0.32558139534883723,0.3617021276595745,0.48148148148148145,0.45161290322580644,0.5238095238095238,0.42028985507246375,0.45,0.391304347826087,0.41304347826086957,0.45652173913043476,0.3829787234042553,0.5945945945945946,0.43902439024390244,0.5,0.35,0.3333333333333333,0.4,0.4,0.8,0.2857142857142857,0.3,0.6666666666666666,0.5,0.3333333333333333,1.0,0.0,-999.0,0.0,0.0,-999.0,-999.0,0.0,-999.0,-999.0,-999.0,-999.0,-999.0,1.0,-999.0,-999.0,-999.0,-999.0,-999.0,-999.0,-999.0,-999.0,-999.0,-999.0,-999.0,-999.0,-999.0,-999.0,-999.0,-999.0,-999.0,-999.0,-999.0,-999.0,-999.0,-999.0,-999.0,-999.0,-999.0,-999.0,-999.0,-999,-999.0,-999,-999,-999
154,-999.0,-999,-999,-999.0,-999.0,-999.0,-999.0,-999.0,-999.0,-999.0,-999.0,-999.0,-999.0,-999.0,-999.0,-999.0,-999.0,-999.0,-999.0,-999.0,-999.0,-999.0,-999.0,-999.0,-999.0,-999.0,-999.0,-999.0,-999.0,-999.0,-999.0,-999.0,1.0,-999.0,-999.0,-999.0,-999.0,-999.0,-999.0,0.0,-999.0,0.0,1.0,-999.0,0.6666666666666666,1.0,0.5,0.7142857142857143,0.4,0.2,0.5882352941176471,0.5625,0.3684210526315789,0.47368421052631576,0.4166666666666667,0.45454545454545453,0.34285714285714286,0.30952380952380953,0.40384615384615385,0.4634146341463415,0.3684210526315789,0.47058823529411764,0.4383561643835616,0.41379310344827586,0.34545454545454546,0.40298507462686567,0.4827586206896552,0.35555555555555557,0.5510204081632653,0.4791666666666667,0.42857142857142855,0.45454545454545453,0.2727272727272727,0.3333333333333333,0.2916666666666667,0.5,0.36363636363636365,0.5,0.4444444444444444,0.25,0.5555555555555556,0.42857142857142855,0.0,0.3333333333333333,0.6666666666666666,0.0,-999.0,1.0,-999.0,0.0,-999.0,-999.0,-999.0,-999.0,-999.0,-999.0,-999.0,-999.0,-999.0,-999.0,-999.0,-999.0,-999.0,-999.0,-999.0,-999.0,-999.0,-999.0,-999.0,-999.0,-999.0,-999.0,-999.0,-999.0,-999.0,-999.0,-999.0,-999.0,-999.0,-999.0,-999.0,-999.0,-999.0,-999.0,-999,-999.0,-999,-999,-999
155,-999.0,-999,-999,-999.0,-999.0,-999.0,-999.0,-999.0,-999.0,-999.0,-999.0,-999.0,-999.0,-999.0,-999.0,-999.0,-999.0,-999.0,-999.0,-999.0,-999.0,-999.0,-999.0,-999.0,-999.0,-999.0,-999.0,-999.0,-999.0,-999.0,-999.0,-999.0,-999.0,-999.0,-999.0,-999.0,-999.0,-999.0,0.0,0.5,0.0,0.0,0.5,0.0,1.0,0.3333333333333333,0.6,0.4,0.45454545454545453,0.4,0.38461538461538464,0.6666666666666666,0.2777777777777778,0.5416666666666666,0.36,0.3,0.5588235294117647,0.35135135135135137,0.3673469387755102,0.48214285714285715,0.5555555555555556,0.5,0.4027777777777778,0.4520547945205479,0.359375,0.5576923076923077,0.44,0.5294117647058824,0.3488372093023256,0.4375,0.4222222222222222,0.5151515151515151,0.47619047619047616,0.5,0.5,0.26666666666666666,0.4090909090909091,0.36363636363636365,0.631578947368421,0.75,0.5,0.2857142857142857,0.0,0.5,0.0,-999.0,-999.0,0.0,-999.0,-999.0,-999.0,-999.0,-999.0,1.0,-999.0,-999.0,-999.0,-999.0,-999.0,-999.0,-999.0,-999.0,-999.0,-999.0,-999.0,-999.0,-999.0,-999.0,-999.0,-999.0,-999.0,-999.0,-999.0,-999.0,-999.0,-999.0,-999.0,-999.0,-999.0,-999.0,-999.0,-999.0,-999.0,-999.0,-999,-999.0,-999,-999,-999
156,-999.0,-999,-999,-999.0,-999.0,-999.0,-999.0,-999.0,-999.0,-999.0,-999.0,-999.0,-999.0,-999.0,-999.0,-999.0,-999.0,-999.0,-999.0,-999.0,-999.0,-999.0,-999.0,-999.0,-999.0,-999.0,-999.0,-999.0,-999.0,-999.0,-999.0,-999.0,-999.0,0.0,-999.0,-999.0,-999.0,-999.0,-999.0,-999.0,0.0,-999.0,1.0,0.0,1.0,0.5,0.75,0.0,0.45454545454545453,0.375,0.5,0.5,0.5333333333333333,0.6666666666666666,0.4090909090909091,0.6,0.4375,0.42857142857142855,0.4166666666666667,0.42857142857142855,0.4318181818181818,0.32,0.4909090909090909,0.4142857142857143,0.40298507462686567,0.4393939393939394,0.4423076923076923,0.4,0.40540540540540543,0.4727272727272727,0.3902439024390244,0.4864864864864865,0.48,0.4583333333333333,0.5384615384615384,0.3333333333333333,0.19047619047619047,0.25,0.3,0.4,0.625,0.6,0.5,0.0,0.5,-999.0,-999.0,1.0,0.0,0.0,-999.0,-999.0,-999.0,-999.0,-999.0,-999.0,-999.0,-999.0,-999.0,-999.0,-999.0,-999.0,-999.0,-999.0,-999.0,-999.0,-999.0,-999.0,-999.0,-999.0,-999.0,-999.0,-999.0,-999.0,-999.0,-999.0,-999.0,-999.0,-999.0,-999.0,-999.0,-999.0,-999.0,-999.0,-999,-999.0,-999,-999,-999
157,-999.0,-999,-999,-999.0,-999.0,-999.0,-999.0,-999.0,-999.0,-999.0,-999.0,-999.0,-999.0,-999.0,-999.0,-999.0,-999.0,-999.0,-999.0,-999.0,-999.0,-999.0,-999.0,-999.0,-999.0,-999.0,-999.0,-999.0,-999.0,-999.0,-999.0,-999.0,-999.0,-999.0,-999.0,-999.0,1.0,-999.0,1.0,-999.0,0.0,1.0,0.0,0.0,0.0,0.0,0.6666666666666666,0.5,0.4,0.25,0.07142857142857142,0.631578947368421,0.2777777777777778,0.43478260869565216,0.75,0.3548387096774194,0.25,0.3333333333333333,0.4634146341463415,0.4166666666666667,0.3148148148148148,0.5178571428571429,0.43661971830985913,0.5192307692307693,0.45454545454545453,0.47692307692307695,0.5272727272727272,0.5454545454545454,0.5,0.3333333333333333,0.5454545454545454,0.39285714285714285,0.3333333333333333,0.5,0.375,0.5217391304347826,0.3,0.3076923076923077,0.6363636363636364,0.25,0.3,0.7,1.0,-999.0,0.5,-999.0,-999.0,-999.0,0.0,-999.0,-999.0,-999.0,1.0,-999.0,-999.0,-999.0,-999.0,-999.0,-999.0,-999.0,-999.0,-999.0,-999.0,-999.0,-999.0,-999.0,-999.0,-999.0,-999.0,-999.0,-999.0,-999.0,-999.0,-999.0,-999.0,-999.0,-999.0,-999.0,-999.0,-999.0,-999.0,-999.0,-999.0,-999.0,-999,-999.0,-999,-999,-999
158,-999.0,-999,-999,-999.0,-999.0,-999.0,-999.0,-999.0,-999.0,-999.0,-999.0,-999.0,-999.0,-999.0,-999.0,-999.0,-999.0,-999.0,-999.0,-999.0,-999.0,-999.0,-999.0,-999.0,-999.0,-999.0,-999.0,-999.0,-999.0,-999.0,-999.0,-999.0,-999.0,-999.0,-999.0,-999.0,0.0,-999.0,1.0,-999.0,1.0,-999.0,-999.0,0.5,0.4,0.0,0.0,0.4,0.3333333333333333,0.5555555555555556,0.5833333333333334,0.45,0.3888888888888889,0.38095238095238093,0.3,0.4444444444444444,0.47619047619047616,0.2631578947368421,0.4090909090909091,0.42857142857142855,0.4444444444444444,0.45901639344262296,0.38333333333333336,0.47761194029850745,0.4482758620689655,0.5254237288135594,0.46153846153846156,0.46,0.4,0.3469387755102041,0.45454545454545453,0.41935483870967744,0.5483870967741935,0.5517241379310345,0.47368421052631576,0.2631578947368421,0.29411764705882354,0.375,0.45454545454545453,0.25,0.2,0.3333333333333333,0.3333333333333333,1.0,0.0,-999.0,-999.0,0.0,-999.0,-999.0,-999.0,-999.0,-999.0,-999.0,-999.0,-999.0,-999.0,-999.0,-999.0,-999.0,-999.0,-999.0,-999.0,-999.0,-999.0,-999.0,-999.0,-999.0,-999.0,-999.0,-999.0,-999.0,-999.0,-999.0,-999.0,-999.0,-999.0,-999.0,-999.0,-999.0,-999.0,-999.0,-999.0,-999.0,-999,-999.0,-999,-999,-999
159,-999.0,-999,-999,-999.0,-999.0,-999.0,-999.0,-999.0,-999.0,-999.0,-999.0,-999.0,-999.0,-999.0,-999.0,-999.0,-999.0,-999.0,-999.0,-999.0,-999.0,-999.0,-999.0,-999.0,-999.0,-999.0,-999.0,-999.0,-999.0,-999.0,-999.0,-999.0,-999.0,-999.0,-999.0,-999.0,-999.0,-999.0,-999.0,-999.0,1.0,-999.0,1.0,0.0,0.0,0.0,0.5,1.0,0.3333333333333333,0.375,0.18181818181818182,0.4444444444444444,0.5714285714285714,0.23529411764705882,0.3793103448275862,0.5555555555555556,0.40476190476190477,0.47619047619047616,0.5344827586206896,0.5116279069767442,0.38461538461538464,0.46551724137931033,0.39285714285714285,0.39344262295081966,0.532258064516129,0.3835616438356164,0.3333333333333333,0.5833333333333334,0.43103448275862066,0.5319148936170213,0.4827586206896552,0.3611111111111111,0.6176470588235294,0.5714285714285714,0.5909090909090909,0.5454545454545454,0.45454545454545453,0.4,0.6,0.4,0.5,0.25,0.4,-999.0,0.6666666666666666,0.0,-999.0,1.0,-999.0,1.0,-999.0,-999.0,-999.0,1.0,-999.0,-999.0,-999.0,-999.0,-999.0,-999.0,-999.0,-999.0,-999.0,-999.0,-999.0,-999.0,-999.0,-999.0,-999.0,-999.0,-999.0,-999.0,-999.0,-999.0,-999.0,-999.0,-999.0,-999.0,-999.0,-999.0,-999.0,-999.0,-999.0,-999.0,-999,-999.0,-999,-999,-999
160,-999.0,-999,-999,-999.0,-999.0,-999.0,-999.0,-999.0,-999.0,-999.0,-999.0,-999.0,-999.0,-999.0,-999.0,-999.0,-999.0,-999.0,-999.0,-999.0,-999.0,-999.0,-999.0,-999.0,-999.0,-999.0,-999.0,-999.0,-999.0,-999.0,-999.0,-999.0,-999.0,-999.0,-999.0,0.0,-999.0,-999.0,-999.0,1.0,-999.0,0.3333333333333333,-999.0,1.0,0.0,1.0,0.6666666666666666,0.0,0.5,0.5,0.3333333333333333,0.4166666666666667,0.36363636363636365,0.5,0.6111111111111112,0.22727272727272727,0.32432432432432434,0.3684210526315789,0.39215686274509803,0.4423076923076923,0.41818181818181815,0.42857142857142855,0.4918032786885246,0.5,0.4032258064516129,0.46153846153846156,0.4166666666666667,0.5254237288135594,0.37735849056603776,0.4,0.4838709677419355,0.7,0.6129032258064516,0.2,0.5384615384615384,0.4583333333333333,0.5,0.6923076923076923,0.125,0.2857142857142857,0.7142857142857143,0.3333333333333333,0.3333333333333333,-999.0,0.0,-999.0,-999.0,-999.0,1.0,-999.0,-999.0,-999.0,-999.0,-999.0,-999.0,-999.0,-999.0,-999.0,-999.0,-999.0,-999.0,-999.0,-999.0,-999.0,-999.0,-999.0,-999.0,-999.0,-999.0,-999.0,-999.0,-999.0,-999.0,-999.0,-999.0,-999.0,-999.0,-999.0,-999.0,-999.0,-999.0,-999.0,-999.0,-999.0,-999,-999.0,-999,-999,-999
161,-999.0,-999,-999,-999.0,-999.0,-999.0,-999.0,-999.0,-999.0,-999.0,-999.0,-999.0,-999.0,-999.0,-999.0,-999.0,-999.0,-999.0,-999.0,-999.0,-999.0,-999.0,-999.0,-999.0,-999.0,-999.0,-999.0,-999.0,-999.0,-999.0,-999.0,-999.0,-999.0,-999.0,-999.0,-999.0,-999.0,-999.0,0.0,-999.0,-999.0,1.0,1.0,-999.0,0.5,0.6666666666666666,0.4,0.6666666666666666,0.5,0.375,0.625,0.25,0.4,0.4444444444444444,0.5,0.5294117647058824,0.4482758620689655,0.45454545454545453,0.40425531914893614,0.3469387755102041,0.5161290322580645,0.48214285714285715,0.3114754098360656,0.390625,0.4666666666666667,0.4444444444444444,0.4657534246575342,0.42857142857142855,0.5365853658536586,0.5,0.46875,0.3870967741935484,0.35294117647058826,0.36,0.56,0.42105263157894735,0.55,0.6,0.5555555555555556,0.5,1.0,0.0,0.3333333333333333,0.3333333333333333,1.0,-999.0,1.0,0.6666666666666666,-999.0,-999.0,-999.0,-999.0,-999.0,1.0,-999.0,-999.0,-999.0,-999.0,-999.0,-999.0,-999.0,-999.0,-999.0,-999.0,-999.0,-999.0,-999.0,-999.0,-999.0,-999.0,-999.0,-999.0,-999.0,-999.0,-999.0,-999.0,-999.0,-999.0,-999.0,-999.0,-999.0,-999.0,-999.0,-999.0,-999,-999.0,-999,-999,-999
162,-999.0,-999,-999,-999.0,-999.0,-999.0,-999.0,-999.0,-999.0,-999.0,-999.0,-999.0,-999.0,-999.0,-999.0,-999.0,-999.0,-999.0,-999.0,-999.0,-999.0,-999.0,-999.0,-999.0,-999.0,-999.0,-999.0,-999.0,-999.0,-999.0,-999.0,-999.0,-999.0,-999.0,-999.0,-999.0,-999.0,-999.0,0.0,0.0,-999.0,-999.0,-999.0,1.0,0.5,0.25,-999.0,0.25,0.45454545454545453,0.375,0.7142857142857143,0.26666666666666666,0.5416666666666666,0.5555555555555556,0.4,0.41379310344827586,0.3023255813953488,0.2702702702702703,0.6521739130434783,0.43636363636363634,0.559322033898305,0.45,0.3333333333333333,0.35384615384615387,0.4230769230769231,0.3382352941176471,0.4067796610169492,0.42857142857142855,0.35185185185185186,0.47619047619047616,0.5121951219512195,0.46875,0.3888888888888889,0.34782608695652173,0.38461538461538464,0.35714285714285715,0.47058823529411764,0.125,0.2857142857142857,0.75,0.4,-999.0,0.6666666666666666,0.5,0.5,0.0,0.0,-999.0,-999.0,-999.0,1.0,-999.0,-999.0,0.0,-999.0,-999.0,-999.0,-999.0,-999.0,-999.0,-999.0,-999.0,-999.0,-999.0,-999.0,-999.0,-999.0,-999.0,-999.0,-999.0,-999.0,-999.0,-999.0,-999.0,-999.0,-999.0,-999.0,-999.0,-999.0,-999.0,-999.0,-999.0,-999.0,-999.0,-999,-999.0,-999,-999,-999
163,-999.0,-999,-999,-999.0,-999.0,-999.0,-999.0,-999.0,-999.0,-999.0,-999.0,-999.0,-999.0,-999.0,-999.0,-999.0,-999.0,-999.0,-999.0,-999.0,-999.0,-999.0,-999.0,-999.0,-999.0,-999.0,-999.0,-999.0,-999.0,-999.0,-999.0,-999.0,-999.0,-999.0,-999.0,-999.0,-999.0,-999.0,1.0,-999.0,-999.0,0.0,1.0,-999.0,0.0,0.4,1.0,0.5,0.3333333333333333,0.6666666666666666,0.5555555555555556,0.7,0.5263157894736842,0.5,0.5,0.375,0.4358974358974359,0.4358974358974359,0.4358974358974359,0.5227272727272727,0.38181818181818183,0.32857142857142857,0.43037974683544306,0.4426229508196721,0.4583333333333333,0.43478260869565216,0.3898305084745763,0.34782608695652173,0.3888888888888889,0.5789473684210527,0.4772727272727273,0.40540540540540543,0.5806451612903226,0.38461538461538464,0.48148148148148145,0.2222222222222222,0.46153846153846156,0.6,0.45454545454545453,0.5,0.25,0.0,0.0,0.5,0.3333333333333333,1.0,-999.0,0.0,-999.0,-999.0,-999.0,0.0,-999.0,-999.0,-999.0,-999.0,-999.0,-999.0,-999.0,-999.0,-999.0,-999.0,-999.0,-999.0,-999.0,-999.0,-999.0,-999.0,-999.0,-999.0,-999.0,-999.0,-999.0,-999.0,-999.0,-999.0,-999.0,-999.0,-999.0,-999.0,-999.0,-999.0,-999.0,-999.0,-999,-999.0,-999,-999,-999
164,-999.0,-999,-999,-999.0,-999.0,-999.0,-999.0,-999.0,-999.0,-999.0,-999.0,-999.0,-999.0,-999.0,-999.0,-999.0,-999.0,-999.0,-999.0,-999.0,-999.0,-999.0,-999.0,-999.0,-999.0,-999.0,-999.0,-999.0,-999.0,-999.0,-999.0,-999.0,-999.0,-999.0,-999.0,-999.0,-999.0,1.0,0.0,0.0,-999.0,-999.0,0.5,1.0,1.0,0.5,1.0,1.0,0.125,0.0,0.4,0.42857142857142855,0.3125,0.3684210526315789,0.4074074074074074,0.3888888888888889,0.38,0.5142857142857142,0.3076923076923077,0.44680851063829785,0.5223880597014925,0.43333333333333335,0.4528301886792453,0.4126984126984127,0.4745762711864407,0.43661971830985913,0.40625,0.48148148148148145,0.4166666666666667,0.3620689655172414,0.375,0.5151515151515151,0.4444444444444444,0.43333333333333335,0.38461538461538464,0.1875,0.5833333333333334,0.375,0.8571428571428571,0.5,0.2,0.3333333333333333,-999.0,1.0,1.0,-999.0,-999.0,1.0,-999.0,-999.0,-999.0,-999.0,-999.0,-999.0,-999.0,-999.0,-999.0,-999.0,-999.0,-999.0,-999.0,-999.0,-999.0,-999.0,-999.0,-999.0,-999.0,-999.0,-999.0,-999.0,-999.0,-999.0,-999.0,-999.0,-999.0,-999.0,-999.0,-999.0,-999.0,-999.0,-999.0,-999.0,-999.0,-999.0,-999,-999.0,-999,-999,-999
165,-999.0,-999,-999,-999.0,-999.0,-999.0,-999.0,-999.0,-999.0,-999.0,-999.0,-999.0,-999.0,-999.0,-999.0,-999.0,-999.0,-999.0,-999.0,-999.0,-999.0,-999.0,-999.0,-999.0,-999.0,-999.0,-999.0,-999.0,-999.0,-999.0,-999.0,-999.0,-999.0,-999.0,-999.0,-999.0,-999.0,-999.0,-999.0,0.0,-999.0,-999.0,-999.0,1.0,0.0,-999.0,1.0,-999.0,0.4,0.42857142857142855,0.3333333333333333,0.7,0.4117647058823529,0.5217391304347826,0.4230769230769231,0.45,0.5365853658536586,0.5454545454545454,0.4864864864864865,0.4074074074074074,0.4528301886792453,0.35384615384615387,0.5166666666666667,0.46875,0.4,0.38961038961038963,0.3835616438356164,0.391304347826087,0.6296296296296297,0.46,0.4523809523809524,0.5,0.4,0.5185185185185185,0.375,0.3684210526315789,0.08333333333333333,0.5,0.375,0.3333333333333333,0.5,0.2,0.0,0.5,-999.0,-999.0,1.0,0.0,0.0,0.0,-999.0,-999.0,-999.0,-999.0,-999.0,-999.0,-999.0,-999.0,-999.0,-999.0,-999.0,-999.0,-999.0,-999.0,-999.0,-999.0,-999.0,-999.0,-999.0,-999.0,-999.0,-999.0,-999.0,-999.0,-999.0,-999.0,-999.0,-999.0,-999.0,-999.0,-999.0,-999.0,-999.0,-999.0,-999,-999.0,-999,-999,-999
166,-999.0,-999,-999,-999.0,-999.0,-999.0,-999.0,-999.0,-999.0,-999.0,-999.0,-999.0,-999.0,-999.0,-999.0,-999.0,-999.0,-999.0,-999.0,-999.0,-999.0,-999.0,-999.0,-999.0,-999.0,-999.0,-999.0,-999.0,-999.0,-999.0,-999.0,-999.0,-999.0,-999.0,-999.0,-999.0,-999.0,-999.0,-999.0,0.6666666666666666,0.0,-999.0,-999.0,-999.0,-999.0,0.0,0.4,1.0,0.6666666666666666,0.8,0.7777777777777778,0.4375,0.4375,0.3684210526315789,0.4782608695652174,0.4583333333333333,0.3888888888888889,0.35555555555555557,0.4318181818181818,0.574468085106383,0.3877551020408163,0.484375,0.5333333333333333,0.4626865671641791,0.3188405797101449,0.49230769230769234,0.35384615384615387,0.4393939393939394,0.43859649122807015,0.4318181818181818,0.3076923076923077,0.34615384615384615,0.5555555555555556,0.46875,0.2857142857142857,0.5909090909090909,0.3333333333333333,0.2857142857142857,0.2222222222222222,1.0,0.3333333333333333,1.0,1.0,1.0,1.0,-999.0,1.0,1.0,-999.0,-999.0,-999.0,-999.0,-999.0,-999.0,-999.0,-999.0,-999.0,-999.0,-999.0,-999.0,-999.0,-999.0,-999.0,-999.0,-999.0,-999.0,-999.0,-999.0,-999.0,-999.0,-999.0,-999.0,-999.0,-999.0,-999.0,-999.0,-999.0,-999.0,-999.0,-999.0,-999.0,-999.0,-999.0,-999.0,-999,-999.0,-999,-999,-999
167,-999.0,-999,-999,-999.0,-999.0,-999.0,-999.0,-999.0,-999.0,-999.0,-999.0,-999.0,-999.0,-999.0,-999.0,-999.0,-999.0,-999.0,-999.0,-999.0,-999.0,-999.0,-999.0,-999.0,-999.0,-999.0,-999.0,-999.0,-999.0,-999.0,-999.0,-999.0,-999.0,-999.0,-999.0,-999.0,-999.0,-999.0,-999.0,0.0,-999.0,-999.0,1.0,-999.0,1.0,0.0,0.0,1.0,0.5,0.3333333333333333,0.5454545454545454,0.16666666666666666,0.5,0.2857142857142857,0.45,0.35294117647058826,0.42424242424242425,0.4117647058823529,0.4230769230769231,0.46938775510204084,0.453125,0.45454545454545453,0.4126984126984127,0.421875,0.47368421052631576,0.35135135135135137,0.44285714285714284,0.5,0.5,0.38,0.34146341463414637,0.46153846153846156,0.30434782608695654,0.4074074074074074,0.65,0.47058823529411764,0.36363636363636365,0.3333333333333333,0.6666666666666666,0.6666666666666666,0.0,0.8,0.0,0.0,-999.0,1.0,0.0,-999.0,-999.0,0.0,-999.0,-999.0,-999.0,-999.0,-999.0,-999.0,-999.0,-999.0,-999.0,-999.0,-999.0,-999.0,-999.0,-999.0,-999.0,-999.0,-999.0,-999.0,-999.0,-999.0,-999.0,-999.0,-999.0,-999.0,-999.0,-999.0,-999.0,-999.0,-999.0,-999.0,-999.0,-999.0,-999.0,-999.0,-999,-999.0,-999,-999,-999
168,-999.0,-999,-999,-999.0,-999.0,-999.0,-999.0,-999.0,-999.0,-999.0,-999.0,-999.0,-999.0,-999.0,-999.0,-999.0,-999.0,-999.0,-999.0,-999.0,-999.0,-999.0,-999.0,-999.0,-999.0,-999.0,-999.0,-999.0,-999.0,-999.0,-999.0,-999.0,-999.0,-999.0,-999.0,-999.0,-999.0,0.0,-999.0,-999.0,-999.0,1.0,-999.0,0.0,-999.0,0.0,0.6666666666666666,0.0,0.3333333333333333,0.2857142857142857,0.0,0.7,0.6470588235294118,0.375,0.4444444444444444,0.5,0.3076923076923077,0.38,0.34615384615384615,0.34782608695652173,0.5185185185185185,0.45454545454545453,0.35526315789473684,0.3875,0.4657534246575342,0.44285714285714284,0.43333333333333335,0.4230769230769231,0.3333333333333333,0.35714285714285715,0.34782608695652173,0.2558139534883721,0.40625,0.32,0.4230769230769231,0.2,0.1111111111111111,0.4,0.42857142857142855,0.5714285714285714,0.0,0.0,0.5,0.0,0.0,-999.0,1.0,-999.0,-999.0,-999.0,-999.0,-999.0,-999.0,-999.0,-999.0,-999.0,-999.0,-999.0,-999.0,-999.0,-999.0,-999.0,-999.0,-999.0,-999.0,-999.0,-999.0,-999.0,-999.0,-999.0,-999.0,-999.0,-999.0,-999.0,-999.0,-999.0,-999.0,-999.0,-999.0,-999.0,-999.0,-999.0,-999.0,-999.0,-999,-999.0,-999,-999,-999
169,-999.0,-999,-999,-999.0,-999.0,-999.0,-999.0,-999.0,-999.0,-999.0,-999.0,-999.0,-999.0,-999.0,-999.0,-999.0,-999.0,-999.0,-999.0,-999.0,-999.0,-999.0,-999.0,-999.0,-999.0,-999.0,-999.0,-999.0,-999.0,-999.0,-999.0,-999.0,-999.0,-999.0,-999.0,-999.0,-999.0,-999.0,-999.0,-999.0,-999.0,-999.0,0.0,-999.0,0.5,-999.0,0.5,-999.0,0.16666666666666666,0.2857142857142857,0.5,0.4444444444444444,0.3,0.375,0.35,0.3076923076923077,0.5,0.391304347826087,0.4090909090909091,0.3829787234042553,0.4305555555555556,0.37142857142857144,0.328125,0.5064935064935064,0.475,0.37662337662337664,0.3968253968253968,0.34782608695652173,0.5660377358490566,0.42857142857142855,0.28205128205128205,0.30303030303030304,0.4838709677419355,0.6666666666666666,0.4,0.5,0.6,0.3333333333333333,0.0,0.6666666666666666,0.5,0.5,0.0,0.0,1.0,-999.0,-999.0,-999.0,-999.0,-999.0,-999.0,-999.0,-999.0,-999.0,-999.0,-999.0,-999.0,-999.0,-999.0,-999.0,-999.0,-999.0,-999.0,-999.0,-999.0,-999.0,-999.0,-999.0,-999.0,-999.0,-999.0,-999.0,-999.0,-999.0,-999.0,-999.0,-999.0,-999.0,-999.0,-999.0,-999.0,-999.0,-999.0,-999.0,-999,-999.0,-999,-999,-999
170,-999.0,-999,-999,-999.0,-999.0,-999.0,-999.0,-999.0,-999.0,-999.0,-999.0,-999.0,-999.0,-999.0,-999.0,-999.0,-999.0,-999.0,-999.0,-999.0,-999.0,-999.0,-999.0,-999.0,-999.0,-999.0,-999.0,-999.0,-999.0,-999.0,-999.0,-999.0,-999.0,-999.0,-999.0,-999.0,-999.0,-999.0,-999.0,0.0,-999.0,-999.0,-999.0,-999.0,0.0,1.0,0.3333333333333333,0.5,0.25,0.25,0.375,0.2857142857142857,0.5454545454545454,0.4,0.36363636363636365,0.36666666666666664,0.23529411764705882,0.5609756097560976,0.375,0.4489795918367347,0.46153846153846156,0.45569620253164556,0.38461538461538464,0.4444444444444444,0.45454545454545453,0.5,0.36065573770491804,0.2641509433962264,0.39344262295081966,0.3389830508474576,0.45,0.36363636363636365,0.64,0.5,0.5294117647058824,0.3,0.4166666666666667,0.25,0.5,1.0,1.0,1.0,1.0,0.0,0.5,-999.0,-999.0,-999.0,-999.0,-999.0,-999.0,-999.0,-999.0,-999.0,-999.0,-999.0,-999.0,-999.0,-999.0,-999.0,-999.0,-999.0,-999.0,-999.0,-999.0,-999.0,-999.0,-999.0,-999.0,-999.0,-999.0,-999.0,-999.0,-999.0,-999.0,-999.0,-999.0,-999.0,-999.0,-999.0,-999.0,-999.0,-999.0,-999.0,-999,-999.0,-999,-999,-999
171,-999.0,-999,-999,-999.0,-999.0,-999.0,-999.0,-999.0,-999.0,-999.0,-999.0,-999.0,-999.0,-999.0,-999.0,-999.0,-999.0,-999.0,-999.0,-999.0,-999.0,-999.0,-999.0,-999.0,-999.0,-999.0,-999.0,-999.0,-999.0,-999.0,-999.0,-999.0,-999.0,-999.0,-999.0,-999.0,-999.0,-999.0,-999.0,-999.0,-999.0,-999.0,-999.0,0.0,0.5,-999.0,0.6,0.0,0.6666666666666666,0.5,0.2,0.4,0.2,0.3125,0.36666666666666664,0.375,0.40540540540540543,0.36585365853658536,0.43478260869565216,0.36,0.45588235294117646,0.4461538461538462,0.52,0.3880597014925373,0.4431818181818182,0.4647887323943662,0.4166666666666667,0.4772727272727273,0.3064516129032258,0.3888888888888889,0.28888888888888886,0.40476190476190477,0.25925925925925924,0.6363636363636364,0.5,0.5384615384615384,0.8888888888888888,0.6666666666666666,0.375,0.75,-999.0,0.5,0.5,0.6666666666666666,0.0,-999.0,1.0,-999.0,-999.0,-999.0,-999.0,-999.0,-999.0,-999.0,-999.0,-999.0,-999.0,-999.0,-999.0,-999.0,-999.0,-999.0,-999.0,-999.0,-999.0,-999.0,-999.0,-999.0,-999.0,-999.0,-999.0,-999.0,-999.0,-999.0,-999.0,-999.0,-999.0,-999.0,-999.0,-999.0,-999.0,-999.0,-999.0,-999.0,-999,-999.0,-999,-999,-999
172,-999.0,-999,-999,-999.0,-999.0,-999.0,-999.0,-999.0,-999.0,-999.0,-999.0,-999.0,-999.0,-999.0,-999.0,-999.0,-999.0,-999.0,-999.0,-999.0,-999.0,-999.0,-999.0,-999.0,-999.0,-999.0,-999.0,-999.0,-999.0,-999.0,-999.0,-999.0,-999.0,-999.0,-999.0,-999.0,-999.0,-999.0,-999.0,-999.0,-999.0,-999.0,-999.0,0.0,0.0,0.5,0.5,-999.0,0.8,0.5,0.5,0.5,0.46153846153846156,0.2,0.5238095238095238,0.3793103448275862,0.5,0.43243243243243246,0.37254901960784315,0.42592592592592593,0.45454545454545453,0.4838709677419355,0.5662650602409639,0.45,0.42696629213483145,0.323943661971831,0.36923076923076925,0.5070422535211268,0.3898305084745763,0.425531914893617,0.43902439024390244,0.42105263157894735,0.32142857142857145,0.5652173913043478,0.5454545454545454,0.46153846153846156,0.6153846153846154,0.25,0.0,1.0,0.0,1.0,0.6666666666666666,1.0,0.5,1.0,0.0,-999.0,-999.0,-999.0,-999.0,-999.0,-999.0,-999.0,-999.0,-999.0,-999.0,-999.0,-999.0,-999.0,-999.0,-999.0,-999.0,-999.0,-999.0,-999.0,-999.0,-999.0,-999.0,-999.0,-999.0,-999.0,-999.0,-999.0,-999.0,-999.0,-999.0,-999.0,-999.0,-999.0,-999.0,-999.0,-999.0,-999.0,-999,-999.0,-999,-999,-999
173,-999.0,-999,-999,-999.0,-999.0,-999.0,-999.0,-999.0,-999.0,-999.0,-999.0,-999.0,-999.0,-999.0,-999.0,-999.0,-999.0,-999.0,-999.0,-999.0,-999.0,-999.0,-999.0,-999.0,-999.0,-999.0,-999.0,-999.0,-999.0,-999.0,-999.0,-999.0,-999.0,-999.0,-999.0,-999.0,-999.0,-999.0,-999.0,-999.0,-999.0,-999.0,-999.0,1.0,0.5,0.5,0.5,0.6666666666666666,0.0,0.4,0.16666666666666666,0.2857142857142857,0.5,0.6875,0.4375,0.3333333333333333,0.3157894736842105,0.4473684210526316,0.5581395348837209,0.38596491228070173,0.47692307692307695,0.36486486486486486,0.2716049382716049,0.4857142857142857,0.3764705882352941,0.3972602739726027,0.2676056338028169,0.391304347826087,0.4897959183673469,0.4716981132075472,0.475,0.24242424242424243,0.4444444444444444,0.38095238095238093,0.3684210526315789,0.3076923076923077,0.5,0.5,0.25,0.3333333333333333,1.0,-999.0,1.0,0.5,0.0,-999.0,-999.0,-999.0,-999.0,-999.0,-999.0,-999.0,-999.0,-999.0,-999.0,-999.0,-999.0,-999.0,-999.0,-999.0,-999.0,-999.0,-999.0,-999.0,-999.0,-999.0,-999.0,-999.0,-999.0,-999.0,-999.0,-999.0,-999.0,-999.0,-999.0,-999.0,-999.0,-999.0,-999.0,-999.0,-999.0,-999.0,-999.0,-999.0,-999,-999.0,-999,-999,-999
174,-999.0,-999,-999,-999.0,-999.0,-999.0,-999.0,-999.0,-999.0,-999.0,-999.0,-999.0,-999.0,-999.0,-999.0,-999.0,-999.0,-999.0,-999.0,-999.0,-999.0,-999.0,-999.0,-999.0,-999.0,-999.0,-999.0,-999.0,-999.0,-999.0,-999.0,-999.0,-999.0,-999.0,-999.0,-999.0,-999.0,-999.0,-999.0,-999.0,-999.0,-999.0,-999.0,0.0,0.0,1.0,1.0,-999.0,0.0,0.25,0.25,0.6,0.4444444444444444,0.3181818181818182,0.2857142857142857,0.42857142857142855,0.4444444444444444,0.3,0.46511627906976744,0.36065573770491804,0.3770491803278688,0.46153846153846156,0.5,0.47435897435897434,0.3879310344827586,0.4050632911392405,0.45588235294117646,0.3055555555555556,0.38636363636363635,0.2916666666666667,0.38095238095238093,0.35135135135135137,0.45,0.2727272727272727,0.2,0.5,0.3333333333333333,0.6666666666666666,0.6,0.3333333333333333,0.5,-999.0,0.6666666666666666,1.0,-999.0,0.5,-999.0,-999.0,-999.0,-999.0,-999.0,-999.0,-999.0,-999.0,-999.0,-999.0,-999.0,-999.0,-999.0,-999.0,-999.0,-999.0,-999.0,-999.0,-999.0,-999.0,-999.0,-999.0,-999.0,-999.0,-999.0,-999.0,-999.0,-999.0,-999.0,-999.0,-999.0,-999.0,-999.0,-999.0,-999.0,-999.0,-999.0,-999.0,-999,-999.0,-999,-999,-999
175,-999.0,-999,-999,-999.0,-999.0,-999.0,-999.0,-999.0,-999.0,-999.0,-999.0,-999.0,-999.0,-999.0,-999.0,-999.0,-999.0,-999.0,-999.0,-999.0,-999.0,-999.0,-999.0,-999.0,-999.0,-999.0,-999.0,-999.0,-999.0,-999.0,-999.0,-999.0,-999.0,-999.0,-999.0,-999.0,-999.0,-999.0,-999.0,-999.0,-999.0,0.0,-999.0,0.5,0.3333333333333333,0.0,1.0,-999.0,0.3333333333333333,-999.0,0.2857142857142857,0.4444444444444444,0.5,0.42857142857142855,0.35,0.5,0.3235294117647059,0.3870967741935484,0.38461538461538464,0.2698412698412698,0.49056603773584906,0.49333333333333335,0.3684210526315789,0.4675324675324675,0.49137931034482757,0.40625,0.33783783783783783,0.4444444444444444,0.49019607843137253,0.45454545454545453,0.45161290322580644,0.52,0.37037037037037035,0.3157894736842105,0.3333333333333333,0.2222222222222222,0.6666666666666666,0.8,1.0,0.8,0.0,1.0,0.0,-999.0,-999.0,1.0,-999.0,-999.0,-999.0,-999.0,-999.0,-999.0,-999.0,-999.0,-999.0,-999.0,-999.0,-999.0,-999.0,-999.0,-999.0,-999.0,-999.0,-999.0,-999.0,-999.0,-999.0,-999.0,-999.0,-999.0,-999.0,-999.0,-999.0,-999.0,-999.0,-999.0,-999.0,-999.0,-999.0,-999.0,-999.0,-999.0,-999.0,-999.0,-999,-999.0,-999,-999,-999
176,-999.0,-999,-999,-999.0,-999.0,-999.0,-999.0,-999.0,-999.0,-999.0,-999.0,-999.0,-999.0,-999.0,-999.0,-999.0,-999.0,-999.0,-999.0,-999.0,-999.0,-999.0,-999.0,-999.0,-999.0,-999.0,-999.0,-999.0,-999.0,-999.0,-999.0,-999.0,-999.0,-999.0,-999.0,-999.0,-999.0,-999.0,-999.0,-999.0,1.0,-999.0,-999.0,0.0,-999.0,0.0,-999.0,1.0,0.5,0.6666666666666666,0.0,0.5714285714285714,0.2222222222222222,0.3684210526315789,0.6,0.2857142857142857,0.4375,0.3142857142857143,0.38636363636363635,0.36764705882352944,0.3787878787878788,0.36363636363636365,0.2621359223300971,0.475,0.4,0.6031746031746031,0.4666666666666667,0.36923076923076925,0.3673469387755102,0.35714285714285715,0.41025641025641024,0.35,0.3333333333333333,0.42105263157894735,0.21428571428571427,0.3333333333333333,1.0,0.25,0.6666666666666666,0.5,0.0,0.0,0.5,0.0,0.0,0.0,-999.0,-999.0,-999.0,-999.0,-999.0,-999.0,-999.0,-999.0,-999.0,-999.0,-999.0,-999.0,-999.0,-999.0,-999.0,-999.0,-999.0,-999.0,-999.0,-999.0,-999.0,-999.0,-999.0,-999.0,-999.0,-999.0,-999.0,-999.0,-999.0,-999.0,-999.0,-999.0,-999.0,-999.0,-999.0,-999.0,-999.0,-999.0,-999,-999.0,-999,-999,-999
177,-999.0,-999,-999,-999.0,-999.0,-999.0,-999.0,-999.0,-999.0,-999.0,-999.0,-999.0,-999.0,-999.0,-999.0,-999.0,-999.0,-999.0,-999.0,-999.0,-999.0,-999.0,-999.0,-999.0,-999.0,-999.0,-999.0,-999.0,-999.0,-999.0,-999.0,-999.0,-999.0,-999.0,-999.0,-999.0,-999.0,-999.0,-999.0,-999.0,-999.0,-999.0,-999.0,0.6666666666666666,0.0,1.0,0.5,1.0,0.2,0.3333333333333333,0.5,0.5555555555555556,0.16666666666666666,0.5333333333333333,0.45454545454545453,0.5862068965517241,0.30303030303030304,0.42424242424242425,0.4883720930232558,0.4642857142857143,0.24528301886792453,0.4024390243902439,0.41935483870967744,0.5,0.3888888888888889,0.4166666666666667,0.3977272727272727,0.3877551020408163,0.47058823529411764,0.42857142857142855,0.29411764705882354,0.4583333333333333,0.4583333333333333,0.3888888888888889,0.6666666666666666,0.5714285714285714,0.3333333333333333,0.5,0.0,1.0,1.0,0.0,1.0,1.0,-999.0,-999.0,0.0,-999.0,-999.0,-999.0,-999.0,-999.0,-999.0,-999.0,-999.0,-999.0,-999.0,-999.0,-999.0,-999.0,-999.0,-999.0,-999.0,-999.0,-999.0,-999.0,-999.0,-999.0,-999.0,-999.0,-999.0,-999.0,-999.0,-999.0,-999.0,-999.0,-999.0,-999.0,-999.0,-999.0,-999.0,-999.0,-999.0,-999.0,-999,-999.0,-999,-999,-999
178,-999.0,-999,-999,-999.0,-999.0,-999.0,-999.0,-999.0,-999.0,-999.0,-999.0,-999.0,-999.0,-999.0,-999.0,-999.0,-999.0,-999.0,-999.0,-999.0,-999.0,-999.0,-999.0,-999.0,-999.0,-999.0,-999.0,-999.0,-999.0,-999.0,-999.0,-999.0,-999.0,-999.0,-999.0,-999.0,-999.0,-999.0,-999.0,-999.0,-999.0,-999.0,0.0,-999.0,-999.0,0.5,0.6666666666666666,1.0,0.3333333333333333,1.0,0.3333333333333333,0.5,0.0,0.16666666666666666,0.5,0.38095238095238093,0.3939393939393939,0.48484848484848486,0.4166666666666667,0.66,0.3333333333333333,0.2857142857142857,0.38461538461538464,0.30120481927710846,0.34710743801652894,0.358974358974359,0.4166666666666667,0.35384615384615387,0.4444444444444444,0.46808510638297873,0.375,0.3125,0.55,0.4166666666666667,0.3,0.5384615384615384,0.3333333333333333,0.3333333333333333,0.0,0.0,1.0,-999.0,0.0,1.0,1.0,1.0,-999.0,-999.0,-999.0,-999.0,-999.0,-999.0,-999.0,-999.0,-999.0,-999.0,-999.0,-999.0,-999.0,-999.0,-999.0,-999.0,-999.0,-999.0,-999.0,-999.0,-999.0,-999.0,-999.0,-999.0,-999.0,-999.0,-999.0,-999.0,-999.0,-999.0,-999.0,-999.0,-999.0,-999.0,-999.0,-999.0,-999.0,-999.0,-999,-999.0,-999,-999,-999
179,-999.0,-999,-999,-999.0,-999.0,-999.0,-999.0,-999.0,-999.0,-999.0,-999.0,-999.0,-999.0,-999.0,-999.0,-999.0,-999.0,-999.0,-999.0,-999.0,-999.0,-999.0,-999.0,-999.0,-999.0,-999.0,-999.0,-999.0,-999.0,-999.0,-999.0,-999.0,-999.0,-999.0,-999.0,-999.0,-999.0,-999.0,-999.0,-999.0,-999.0,-999.0,0.0,0.3333333333333333,-999.0,1.0,0.0,0.0,0.0,0.6666666666666666,0.5,0.25,0.2,0.5,0.3333333333333333,0.29411764705882354,0.3103448275862069,0.3548387096774194,0.46551724137931033,0.3902439024390244,0.463768115942029,0.35714285714285715,0.3617021276595745,0.45121951219512196,0.36,0.4936708860759494,0.4861111111111111,0.25,0.49056603773584906,0.4358974358974359,0.2972972972972973,0.26666666666666666,0.5,0.2857142857142857,0.42857142857142855,0.4,-999.0,0.75,0.5,0.0,0.5,0.0,-999.0,-999.0,0.0,-999.0,-999.0,-999.0,-999.0,-999.0,-999.0,-999.0,-999.0,-999.0,-999.0,-999.0,-999.0,-999.0,-999.0,-999.0,-999.0,-999.0,-999.0,-999.0,-999.0,-999.0,-999.0,-999.0,-999.0,-999.0,-999.0,-999.0,-999.0,-999.0,-999.0,-999.0,-999.0,-999.0,-999.0,-999.0,-999.0,-999.0,-999.0,-999.0,-999,-999.0,-999,-999,-999
180,-999.0,-999,-999,-999.0,-999.0,-999.0,-999.0,-999.0,-999.0,-999.0,-999.0,-999.0,-999.0,-999.0,-999.0,-999.0,-999.0,-999.0,-999.0,-999.0,-999.0,-999.0,-999.0,-999.0,-999.0,-999.0,-999.0,-999.0,-999.0,-999.0,-999.0,-999.0,-999.0,-999.0,-999.0,-999.0,-999.0,-999.0,-999.0,-999.0,-999.0,-999.0,-999.0,0.0,0.0,0.5,0.0,1.0,0.0,0.0,0.3333333333333333,0.3333333333333333,0.0,0.6363636363636364,0.5384615384615384,0.3333333333333333,0.34782608695652173,0.525,0.4375,0.43478260869565216,0.38333333333333336,0.3424657534246575,0.38317757009345793,0.40476190476190477,0.45794392523364486,0.475,0.4155844155844156,0.4482758620689655,0.46296296296296297,0.36,0.44,0.45454545454545453,0.42857142857142855,0.11764705882352941,0.2222222222222222,0.16666666666666666,0.2,1.0,0.6666666666666666,0.8,1.0,-999.0,-999.0,0.3333333333333333,-999.0,-999.0,-999.0,-999.0,-999.0,-999.0,-999.0,-999.0,-999.0,-999.0,-999.0,-999.0,-999.0,-999.0,-999.0,-999.0,-999.0,-999.0,-999.0,-999.0,-999.0,-999.0,-999.0,-999.0,-999.0,-999.0,-999.0,-999.0,-999.0,-999.0,-999.0,-999.0,-999.0,-999.0,-999.0,-999.0,-999.0,-999.0,-999.0,-999.0,-999,-999.0,-999,-999,-999
181,-999.0,-999,-999,-999.0,-999.0,-999.0,-999.0,-999.0,-999.0,-999.0,-999.0,-999.0,-999.0,-999.0,-999.0,-999.0,-999.0,-999.0,-999.0,-999.0,-999.0,-999.0,-999.0,-999.0,-999.0,-999.0,-999.0,-999.0,-999.0,-999.0,-999.0,-999.0,-999.0,-999.0,-999.0,-999.0,-999.0,-999.0,-999.0,-999.0,-999.0,-999.0,-999.0,1.0,-999.0,1.0,0.0,0.5,0.0,0.6666666666666666,0.3333333333333333,0.3333333333333333,0.2857142857142857,0.3333333333333333,0.5454545454545454,0.6111111111111112,0.41935483870967744,0.5483870967741935,0.4888888888888889,0.525,0.5,0.5217391304347826,0.4186046511627907,0.43023255813953487,0.39166666666666666,0.4666666666666667,0.4418604651162791,0.4482758620689655,0.40816326530612246,0.35,0.3125,0.52,0.2222222222222222,0.15384615384615385,0.0,0.25,0.5,0.4,0.6666666666666666,0.5,1.0,0.5,-999.0,-999.0,-999.0,-999.0,-999.0,-999.0,-999.0,-999.0,-999.0,-999.0,-999.0,-999.0,-999.0,-999.0,-999.0,-999.0,-999.0,-999.0,-999.0,-999.0,-999.0,-999.0,-999.0,-999.0,-999.0,-999.0,-999.0,-999.0,-999.0,-999.0,-999.0,-999.0,-999.0,-999.0,-999.0,-999.0,-999.0,-999.0,-999.0,-999.0,-999.0,-999.0,-999,-999.0,-999,-999,-999
182,-999.0,-999,-999,-999.0,-999.0,-999.0,-999.0,-999.0,-999.0,-999.0,-999.0,-999.0,-999.0,-999.0,-999.0,-999.0,-999.0,-999.0,-999.0,-999.0,-999.0,-999.0,-999.0,-999.0,-999.0,-999.0,-999.0,-999.0,-999.0,-999.0,-999.0,-999.0,-999.0,-999.0,-999.0,-999.0,-999.0,-999.0,-999.0,-999.0,-999.0,-999.0,-999.0,-999.0,-999.0,1.0,-999.0,0.0,0.3333333333333333,0.5,0.5,0.4,0.5,0.5,0.6666666666666666,0.29411764705882354,0.4090909090909091,0.34782608695652173,0.36585365853658536,0.32608695652173914,0.3387096774193548,0.4918032786885246,0.48,0.42168674698795183,0.39669421487603307,0.38,0.4266666666666667,0.5961538461538461,0.36,0.38461538461538464,0.3333333333333333,0.34782608695652173,0.5263157894736842,0.3,0.36363636363636365,0.5,0.6666666666666666,0.5,0.3333333333333333,0.5,1.0,1.0,-999.0,0.0,-999.0,1.0,-999.0,-999.0,-999.0,-999.0,-999.0,-999.0,-999.0,-999.0,-999.0,-999.0,-999.0,-999.0,-999.0,-999.0,-999.0,-999.0,-999.0,-999.0,-999.0,-999.0,-999.0,-999.0,-999.0,-999.0,-999.0,-999.0,-999.0,-999.0,-999.0,-999.0,-999.0,-999.0,-999.0,-999.0,-999.0,-999.0,-999.0,-999.0,-999,-999.0,-999,-999,-999
183,-999.0,-999,-999,-999.0,-999.0,-999.0,-999.0,-999.0,-999.0,-999.0,-999.0,-999.0,-999.0,-999.0,-999.0,-999.0,-999.0,-999.0,-999.0,-999.0,-999.0,-999.0,-999.0,-999.0,-999.0,-999.0,-999.0,-999.0,-999.0,-999.0,-999.0,-999.0,-999.0,-999.0,-999.0,-999.0,-999.0,-999.0,-999.0,-999.0,-999.0,-999.0,-999.0,0.5,-999.0,-999.0,0.0,1.0,0.0,-999.0,0.6666666666666666,0.0,0.5,0.36363636363636365,0.375,0.29411764705882354,0.5238095238095238,0.6,0.34285714285714286,0.4098360655737705,0.5,0.3333333333333333,0.47674418604651164,0.3448275862068966,0.3828125,0.45348837209302323,0.4329896907216495,0.5576923076923077,0.23404255319148937,0.21052631578947367,0.5357142857142857,0.5909090909090909,0.45454545454545453,0.25,0.5,0.5,1.0,0.6666666666666666,1.0,0.5,1.0,0.0,-999.0,1.0,-999.0,-999.0,-999.0,-999.0,-999.0,-999.0,-999.0,-999.0,-999.0,-999.0,-999.0,-999.0,-999.0,-999.0,-999.0,-999.0,-999.0,-999.0,-999.0,-999.0,-999.0,-999.0,-999.0,-999.0,-999.0,-999.0,-999.0,-999.0,-999.0,-999.0,-999.0,-999.0,-999.0,-999.0,-999.0,-999.0,-999.0,-999.0,-999.0,-999.0,-999,-999.0,-999,-999,-999
184,-999.0,-999,-999,-999.0,-999.0,-999.0,-999.0,-999.0,-999.0,-999.0,-999.0,-999.0,-999.0,-999.0,-999.0,-999.0,-999.0,-999.0,-999.0,-999.0,-999.0,-999.0,-999.0,-999.0,-999.0,-999.0,-999.0,-999.0,-999.0,-999.0,-999.0,-999.0,-999.0,-999.0,-999.0,-999.0,-999.0,-999.0,-999.0,-999.0,-999.0,-999.0,-999.0,0.0,-999.0,-999.0,0.0,0.6666666666666666,0.6666666666666666,0.5,1.0,0.0,0.75,0.42857142857142855,0.4166666666666667,0.36363636363636365,0.34615384615384615,0.375,0.25,0.3076923076923077,0.5079365079365079,0.3835616438356164,0.42592592592592593,0.43373493975903615,0.3253968253968254,0.38571428571428573,0.35555555555555557,0.3090909090909091,0.4318181818181818,0.40476190476190477,0.5416666666666666,0.45,0.4,0.4166666666666667,0.2857142857142857,0.5555555555555556,0.5,0.0,0.0,-999.0,1.0,-999.0,-999.0,-999.0,-999.0,-999.0,-999.0,-999.0,-999.0,-999.0,-999.0,-999.0,-999.0,-999.0,-999.0,-999.0,-999.0,-999.0,-999.0,-999.0,-999.0,-999.0,-999.0,-999.0,-999.0,-999.0,-999.0,-999.0,-999.0,-999.0,-999.0,-999.0,-999.0,-999.0,-999.0,-999.0,-999.0,-999.0,-999.0,-999.0,-999.0,-999.0,-999.0,-999.0,-999,-999.0,-999,-999,-999
185,-999.0,-999,-999,-999.0,-999.0,-999.0,-999.0,-999.0,-999.0,-999.0,-999.0,-999.0,-999.0,-999.0,-999.0,-999.0,-999.0,-999.0,-999.0,-999.0,-999.0,-999.0,-999.0,-999.0,-999.0,-999.0,-999.0,-999.0,-999.0,-999.0,-999.0,-999.0,-999.0,-999.0,-999.0,-999.0,-999.0,-999.0,-999.0,-999.0,-999.0,-999.0,0.0,-999.0,-999.0,-999.0,-999.0,0.5,0.5,1.0,0.75,0.0,0.25,0.6,0.42857142857142855,0.6666666666666666,0.46153846153846156,0.6,0.45454545454545453,0.41379310344827586,0.3877551020408163,0.3918918918918919,0.5,0.3076923076923077,0.4,0.5223880597014925,0.3333333333333333,0.46551724137931033,0.4166666666666667,0.4722222222222222,0.2916666666666667,0.3333333333333333,0.45454545454545453,0.3333333333333333,0.5555555555555556,0.3333333333333333,0.0,0.5,0.3333333333333333,1.0,-999.0,-999.0,-999.0,-999.0,-999.0,-999.0,-999.0,-999.0,-999.0,-999.0,-999.0,-999.0,-999.0,-999.0,-999.0,-999.0,-999.0,-999.0,-999.0,-999.0,-999.0,-999.0,-999.0,-999.0,-999.0,-999.0,-999.0,-999.0,-999.0,-999.0,-999.0,-999.0,-999.0,-999.0,-999.0,-999.0,-999.0,-999.0,-999.0,-999.0,-999.0,-999.0,-999.0,-999.0,-999,-999.0,-999,-999,-999
186,-999.0,-999,-999,-999.0,-999.0,-999.0,-999.0,-999.0,-999.0,-999.0,-999.0,-999.0,-999.0,-999.0,-999.0,-999.0,-999.0,-999.0,-999.0,-999.0,-999.0,-999.0,-999.0,-999.0,-999.0,-999.0,-999.0,-999.0,-999.0,-999.0,-999.0,-999.0,-999.0,-999.0,-999.0,-999.0,-999.0,-999.0,-999.0,-999.0,-999.0,-999.0,0.0,-999.0,-999.0,0.0,-999.0,0.0,-999.0,0.0,0.6666666666666666,1.0,0.5,0.42857142857142855,0.2,0.4166666666666667,0.3333333333333333,0.4,0.34615384615384615,0.3684210526315789,0.38,0.47058823529411764,0.47126436781609193,0.41333333333333333,0.45569620253164556,0.4,0.4625,0.375,0.4166666666666667,0.5142857142857142,0.38461538461538464,0.2777777777777778,0.5,0.375,0.2,0.4,0.0,0.6666666666666666,1.0,0.5,-999.0,-999.0,-999.0,-999.0,0.0,-999.0,-999.0,-999.0,-999.0,-999.0,-999.0,-999.0,-999.0,-999.0,-999.0,-999.0,-999.0,-999.0,-999.0,-999.0,-999.0,-999.0,-999.0,-999.0,-999.0,-999.0,-999.0,-999.0,-999.0,-999.0,-999.0,-999.0,-999.0,-999.0,-999.0,-999.0,-999.0,-999.0,-999.0,-999.0,-999.0,-999.0,-999.0,-999.0,-999,-999.0,-999,-999,-999
187,-999.0,-999,-999,-999.0,-999.0,-999.0,-999.0,-999.0,-999.0,-999.0,-999.0,-999.0,-999.0,-999.0,-999.0,-999.0,-999.0,-999.0,-999.0,-999.0,-999.0,-999.0,-999.0,-999.0,-999.0,-999.0,-999.0,-999.0,-999.0,-999.0,-999.0,-999.0,-999.0,-999.0,-999.0,-999.0,-999.0,-999.0,-999.0,-999.0,-999.0,-999.0,-999.0,-999.0,-999.0,1.0,-999.0,1.0,0.0,1.0,0.5,0.6666666666666666,0.5,0.3333333333333333,0.2857142857142857,0.6153846153846154,0.4,0.3333333333333333,0.3,0.38,0.35185185185185186,0.36666666666666664,0.39,0.5066666666666667,0.4492753623188406,0.4246575342465753,0.42857142857142855,0.453125,0.5454545454545454,0.48936170212765956,0.4,0.375,0.38461538461538464,0.38461538461538464,1.0,0.5,1.0,0.5,-999.0,-999.0,-999.0,-999.0,-999.0,-999.0,0.0,-999.0,-999.0,-999.0,-999.0,-999.0,-999.0,-999.0,-999.0,-999.0,-999.0,-999.0,-999.0,-999.0,-999.0,-999.0,-999.0,-999.0,-999.0,-999.0,-999.0,-999.0,-999.0,-999.0,-999.0,-999.0,-999.0,-999.0,-999.0,-999.0,-999.0,-999.0,-999.0,-999.0,-999.0,-999.0,-999.0,-999.0,-999.0,-999.0,-999,-999.0,-999,-999,-999
188,-999.0,-999,-999,-999.0,-999.0,-999.0,-999.0,-999.0,-999.0,-999.0,-999.0,-999.0,-999.0,-999.0,-999.0,-999.0,-999.0,-999.0,-999.0,-999.0,-999.0,-999.0,-999.0,-999.0,-999.0,-999.0,-999.0,-999.0,-999.0,-999.0,-999.0,-999.0,-999.0,-999.0,-999.0,-999.0,-999.0,-999.0,-999.0,-999.0,-999.0,-999.0,-999.0,-999.0,-999.0,0.0,-999.0,0.0,-999.0,1.0,-999.0,0.5,1.0,0.5714285714285714,0.375,0.3076923076923077,0.4,0.25806451612903225,0.4,0.5,0.4727272727272727,0.3230769230769231,0.4714285714285714,0.5189873417721519,0.36,0.3448275862068966,0.373134328358209,0.3728813559322034,0.36585365853658536,0.5862068965517241,0.45454545454545453,0.3157894736842105,0.5,0.6,0.6,0.5714285714285714,0.0,0.0,0.5,-999.0,-999.0,-999.0,-999.0,-999.0,1.0,-999.0,-999.0,-999.0,-999.0,-999.0,-999.0,-999.0,-999.0,-999.0,-999.0,-999.0,-999.0,-999.0,-999.0,-999.0,-999.0,-999.0,-999.0,-999.0,-999.0,-999.0,-999.0,-999.0,-999.0,-999.0,-999.0,-999.0,-999.0,-999.0,-999.0,-999.0,-999.0,-999.0,-999.0,-999.0,-999.0,-999.0,-999.0,-999.0,-999,-999.0,-999,-999,-999
189,-999.0,-999,-999,-999.0,-999.0,-999.0,-999.0,-999.0,-999.0,-999.0,-999.0,-999.0,-999.0,-999.0,-999.0,-999.0,-999.0,-999.0,-999.0,-999.0,-999.0,-999.0,-999.0,-999.0,-999.0,-999.0,-999.0,-999.0,-999.0,-999.0,-999.0,-999.0,-999.0,-999.0,-999.0,-999.0,-999.0,-999.0,-999.0,-999.0,-999.0,-999.0,-999.0,-999.0,1.0,-999.0,-999.0,-999.0,0.0,-999.0,0.0,0.5,0.5,0.7777777777777778,0.4,0.3076923076923077,0.4666666666666667,0.32,0.3793103448275862,0.4,0.5106382978723404,0.4594594594594595,0.4222222222222222,0.3968253968253968,0.46153846153846156,0.4594594594594595,0.36666666666666664,0.42592592592592593,0.55,0.35294117647058826,0.5,0.4117647058823529,0.3333333333333333,0.4,0.8333333333333334,0.0,0.5,0.0,-999.0,0.0,-999.0,-999.0,-999.0,-999.0,0.0,-999.0,-999.0,-999.0,-999.0,-999.0,-999.0,-999.0,-999.0,-999.0,-999.0,-999.0,-999.0,-999.0,-999.0,-999.0,-999.0,-999.0,-999.0,-999.0,-999.0,-999.0,-999.0,-999.0,-999.0,-999.0,-999.0,-999.0,-999.0,-999.0,-999.0,-999.0,-999.0,-999.0,-999.0,-999.0,-999.0,-999.0,-999.0,-999.0,-999,-999.0,-999,-999,-999
190,-999.0,-999,-999,-999.0,-999.0,-999.0,-999.0,-999.0,-999.0,-999.0,-999.0,-999.0,-999.0,-999.0,-999.0,-999.0,-999.0,-999.0,-999.0,-999.0,-999.0,-999.0,-999.0,-999.0,-999.0,-999.0,-999.0,-999.0,-999.0,-999.0,-999.0,-999.0,-999.0,-999.0,-999.0,-999.0,-999.0,-999.0,-999.0,-999.0,-999.0,-999.0,-999.0,-999.0,-999.0,-999.0,1.0,1.0,-999.0,-999.0,-999.0,-999.0,0.6,0.25,1.0,0.2222222222222222,0.45454545454545453,0.6521739130434783,0.4,0.40625,0.5319148936170213,0.35714285714285715,0.4,0.4393939393939394,0.41818181818181815,0.41304347826086957,0.4155844155844156,0.4883720930232558,0.24242424242424243,0.2903225806451613,0.25,0.47368421052631576,0.5833333333333334,0.14285714285714285,0.4,0.3333333333333333,-999.0,-999.0,-999.0,-999.0,0.0,1.0,-999.0,-999.0,1.0,-999.0,-999.0,-999.0,-999.0,-999.0,-999.0,-999.0,-999.0,-999.0,-999.0,-999.0,-999.0,-999.0,-999.0,-999.0,-999.0,-999.0,-999.0,-999.0,-999.0,-999.0,-999.0,-999.0,-999.0,-999.0,-999.0,-999.0,-999.0,-999.0,-999.0,-999.0,-999.0,-999.0,-999.0,-999.0,-999.0,-999.0,-999.0,-999.0,-999,-999.0,-999,-999,-999
191,-999.0,-999,-999,-999.0,-999.0,-999.0,-999.0,-999.0,-999.0,-999.0,-999.0,-999.0,-999.0,-999.0,-999.0,-999.0,-999.0,-999.0,-999.0,-999.0,-999.0,-999.0,-999.0,-999.0,-999.0,-999.0,-999.0,-999.0,-999.0,-999.0,-999.0,-999.0,-999.0,-999.0,-999.0,-999.0,-999.0,-999.0,-999.0,-999.0,-999.0,-999.0,-999.0,-999.0,-999.0,-999.0,-999.0,1.0,-999.0,-999.0,1.0,1.0,0.0,0.625,0.16666666666666666,0.18181818181818182,0.6470588235294118,0.3181818181818182,0.44,0.3333333333333333,0.5142857142857142,0.47540983606557374,0.43529411764705883,0.3333333333333333,0.436241610738255,0.37037037037037035,0.4342105263157895,0.375,0.42105263157894735,0.4166666666666667,0.3076923076923077,0.29411764705882354,0.375,0.5714285714285714,0.5,0.0,0.0,-999.0,-999.0,0.0,0.5,-999.0,0.0,-999.0,-999.0,-999.0,-999.0,-999.0,-999.0,-999.0,-999.0,-999.0,-999.0,-999.0,-999.0,-999.0,-999.0,-999.0,-999.0,-999.0,-999.0,-999.0,-999.0,-999.0,-999.0,-999.0,-999.0,-999.0,-999.0,-999.0,-999.0,-999.0,-999.0,-999.0,-999.0,-999.0,-999.0,-999.0,-999.0,-999.0,-999.0,-999.0,-999.0,-999.0,-999,-999.0,-999,-999,-999
192,-999.0,-999,-999,-999.0,-999.0,-999.0,-999.0,-999.0,-999.0,-999.0,-999.0,-999.0,-999.0,-999.0,-999.0,-999.0,-999.0,-999.0,-999.0,-999.0,-999.0,-999.0,-999.0,-999.0,-999.0,-999.0,-999.0,-999.0,-999.0,-999.0,-999.0,-999.0,-999.0,-999.0,-999.0,-999.0,-999.0,-999.0,-999.0,-999.0,-999.0,-999.0,-999.0,-999.0,-999.0,-999.0,0.0,-999.0,0.5,0.0,-999.0,1.0,0.0,0.4,0.3333333333333333,0.6666666666666666,0.6666666666666666,0.4,0.3181818181818182,0.38461538461538464,0.38095238095238093,0.5185185185185185,0.422680412371134,0.3333333333333333,0.3821656050955414,0.4426229508196721,0.38181818181818183,0.4418604651162791,0.3333333333333333,0.37142857142857144,0.4375,0.2857142857142857,0.2857142857142857,0.15384615384615385,-999.0,1.0,1.0,-999.0,1.0,-999.0,-999.0,-999.0,-999.0,-999.0,-999.0,-999.0,-999.0,-999.0,-999.0,-999.0,-999.0,-999.0,-999.0,-999.0,-999.0,-999.0,-999.0,-999.0,-999.0,-999.0,-999.0,-999.0,-999.0,-999.0,-999.0,-999.0,-999.0,-999.0,-999.0,-999.0,-999.0,-999.0,-999.0,-999.0,-999.0,-999.0,-999.0,-999.0,-999.0,-999.0,-999.0,-999.0,-999.0,-999.0,-999,-999.0,-999,-999,-999
193,-999.0,-999,-999,-999.0,-999.0,-999.0,-999.0,-999.0,-999.0,-999.0,-999.0,-999.0,-999.0,-999.0,-999.0,-999.0,-999.0,-999.0,-999.0,-999.0,-999.0,-999.0,-999.0,-999.0,-999.0,-999.0,-999.0,-999.0,-999.0,-999.0,-999.0,-999.0,-999.0,-999.0,-999.0,-999.0,-999.0,-999.0,-999.0,-999.0,-999.0,-999.0,-999.0,-999.0,-999.0,-999.0,-999.0,1.0,-999.0,-999.0,-999.0,-999.0,1.0,0.6,0.6,0.25,0.75,0.29411764705882354,0.5789473684210527,0.4411764705882353,0.4634146341463415,0.39622641509433965,0.410958904109589,0.48333333333333334,0.36585365853658536,0.45098039215686275,0.39622641509433965,0.43902439024390244,0.5625,0.28,0.5,0.5,0.6666666666666666,0.3333333333333333,0.0,1.0,0.5,-999.0,1.0,-999.0,0.0,-999.0,1.0,-999.0,-999.0,-999.0,-999.0,-999.0,-999.0,-999.0,-999.0,-999.0,-999.0,-999.0,-999.0,-999.0,-999.0,-999.0,-999.0,-999.0,-999.0,-999.0,-999.0,-999.0,-999.0,-999.0,-999.0,-999.0,-999.0,-999.0,-999.0,-999.0,-999.0,-999.0,-999.0,-999.0,-999.0,-999.0,-999.0,-999.0,-999.0,-999.0,-999.0,-999.0,-999,-999.0,-999,-999,-999
194,-999.0,-999,-999,-999.0,-999.0,-999.0,-999.0,-999.0,-999.0,-999.0,-999.0,-999.0,-999.0,-999.0,-999.0,-999.0,-999.0,-999.0,-999.0,-999.0,-999.0,-999.0,-999.0,-999.0,-999.0,-999.0,-999.0,-999.0,-999.0,-999.0,-999.0,-999.0,-999.0,-999.0,-999.0,-999.0,-999.0,-999.0,-999.0,-999.0,-999.0,-999.0,-999.0,-999.0,-999.0,-999.0,-999.0,-999.0,-999.0,1.0,0.5,-999.0,1.0,0.0,0.6666666666666666,0.4,0.6666666666666666,0.26666666666666666,0.2631578947368421,0.3611111111111111,0.40625,0.32075471698113206,0.4642857142857143,0.4166666666666667,0.39285714285714285,0.40350877192982454,0.375,0.375,0.34782608695652173,0.45,0.4375,0.3076923076923077,0.6,0.3333333333333333,0.2,-999.0,-999.0,-999.0,-999.0,0.0,1.0,-999.0,-999.0,-999.0,-999.0,-999.0,-999.0,-999.0,-999.0,-999.0,-999.0,-999.0,-999.0,-999.0,-999.0,-999.0,-999.0,-999.0,-999.0,-999.0,-999.0,-999.0,-999.0,-999.0,-999.0,-999.0,-999.0,-999.0,-999.0,-999.0,-999.0,-999.0,-999.0,-999.0,-999.0,-999.0,-999.0,-999.0,-999.0,-999.0,-999.0,-999.0,-999.0,-999.0,-999,-999.0,-999,-999,-999
195,-999.0,-999,-999,-999.0,-999.0,-999.0,-999.0,-999.0,-999.0,-999.0,-999.0,-999.0,-999.0,-999.0,-999.0,-999.0,-999.0,-999.0,-999.0,-999.0,-999.0,-999.0,-999.0,-999.0,-999.0,-999.0,-999.0,-999.0,-999.0,-999.0,-999.0,-999.0,-999.0,-999.0,-999.0,-999.0,-999.0,-999.0,-999.0,-999.0,-999.0,-999.0,-999.0,-999.0,-999.0,-999.0,-999.0,-999.0,0.0,0.0,1.0,-999.0,0.0,0.3333333333333333,0.25,0.5,0.8181818181818182,0.42857142857142855,0.34782608695652173,0.44,0.41935483870967744,0.5853658536585366,0.4393939393939394,0.390625,0.4206896551724138,0.44,0.4423076923076923,0.35294117647058826,0.4230769230769231,0.6,0.5833333333333334,0.38461538461538464,0.3333333333333333,0.6666666666666666,-999.0,1.0,-999.0,-999.0,0.0,-999.0,-999.0,0.0,-999.0,-999.0,-999.0,-999.0,-999.0,-999.0,-999.0,-999.0,-999.0,-999.0,-999.0,-999.0,-999.0,-999.0,-999.0,-999.0,-999.0,-999.0,-999.0,-999.0,-999.0,-999.0,-999.0,-999.0,-999.0,-999.0,-999.0,-999.0,-999.0,-999.0,-999.0,-999.0,-999.0,-999.0,-999.0,-999.0,-999.0,-999.0,-999.0,-999.0,-999.0,-999.0,-999,-999.0,-999,-999,-999
196,-999.0,-999,-999,-999.0,-999.0,-999.0,-999.0,-999.0,-999.0,-999.0,-999.0,-999.0,-999.0,-999.0,-999.0,-999.0,-999.0,-999.0,-999.0,-999.0,-999.0,-999.0,-999.0,-999.0,-999.0,-999.0,-999.0,-999.0,-999.0,-999.0,-999.0,-999.0,-999.0,-999.0,-999.0,-999.0,-999.0,-999.0,-999.0,-999.0,-999.0,-999.0,-999.0,-999.0,-999.0,0.0,-999.0,-999.0,-999.0,1.0,-999.0,-999.0,0.0,-999.0,1.0,0.14285714285714285,0.375,0.3076923076923077,0.3333333333333333,0.3125,0.3793103448275862,0.38461538461538464,0.42857142857142855,0.34545454545454546,0.43609022556390975,0.475,0.4897959183673469,0.4878048780487805,0.4,0.5,0.4444444444444444,0.46153846153846156,0.8,0.0,0.0,1.0,-999.0,-999.0,0.0,-999.0,-999.0,-999.0,-999.0,-999.0,-999.0,-999.0,-999.0,-999.0,-999.0,-999.0,-999.0,-999.0,-999.0,-999.0,-999.0,-999.0,-999.0,-999.0,-999.0,-999.0,-999.0,-999.0,-999.0,-999.0,-999.0,-999.0,-999.0,-999.0,-999.0,-999.0,-999.0,-999.0,-999.0,-999.0,-999.0,-999.0,-999.0,-999.0,-999.0,-999.0,-999.0,-999.0,-999.0,-999.0,-999,-999.0,-999,-999,-999
197,-999.0,-999,-999,-999.0,-999.0,-999.0,-999.0,-999.0,-999.0,-999.0,-999.0,-999.0,-999.0,-999.0,-999.0,-999.0,-999.0,-999.0,-999.0,-999.0,-999.0,-999.0,-999.0,-999.0,-999.0,-999.0,-999.0,-999.0,-999.0,-999.0,-999.0,-999.0,-999.0,-999.0,-999.0,-999.0,-999.0,-999.0,-999.0,-999.0,-999.0,-999.0,-999.0,-999.0,-999.0,-999.0,-999.0,0.0,-999.0,-999.0,1.0,-999.0,0.0,0.5,0.0,0.75,0.25,0.45454545454545453,0.1875,0.391304347826087,0.2857142857142857,0.42857142857142855,0.3918918918918919,0.53125,0.4716981132075472,0.4666666666666667,0.35555555555555557,0.3548387096774194,0.4166666666666667,0.23529411764705882,0.5,0.4666666666666667,0.5,1.0,1.0,1.0,-999.0,-999.0,-999.0,-999.0,1.0,-999.0,-999.0,-999.0,-999.0,-999.0,-999.0,-999.0,-999.0,-999.0,-999.0,-999.0,-999.0,-999.0,-999.0,-999.0,-999.0,-999.0,-999.0,-999.0,-999.0,-999.0,-999.0,-999.0,-999.0,-999.0,-999.0,-999.0,-999.0,-999.0,-999.0,-999.0,-999.0,-999.0,-999.0,-999.0,-999.0,-999.0,-999.0,-999.0,-999.0,-999.0,-999.0,-999.0,-999,-999.0,-999,-999,-999
198,-999.0,-999,-999,-999.0,-999.0,-999.0,-999.0,-999.0,-999.0,-999.0,-999.0,-999.0,-999.0,-999.0,-999.0,-999.0,-999.0,-999.0,-999.0,-999.0,-999.0,-999.0,-999.0,-999.0,-999.0,-999.0,-999.0,-999.0,-999.0,-999.0,-999.0,-999.0,-999.0,-999.0,-999.0,-999.0,-999.0,-999.0,-999.0,-999.0,-999.0,-999.0,-999.0,-999.0,-999.0,-999.0,-999.0,-999.0,1.0,-999.0,-999.0,-999.0,1.0,1.0,0.0,0.16666666666666666,0.3333333333333333,0.2857142857142857,0.2857142857142857,0.55,0.6,0.42857142857142855,0.3793103448275862,0.4146341463414634,0.4628099173553719,0.40540540540540543,0.4222222222222222,0.42105263157894735,0.30434782608695654,0.2,0.5714285714285714,0.3333333333333333,0.3333333333333333,1.0,0.0,1.0,0.0,-999.0,-999.0,0.0,-999.0,-999.0,-999.0,-999.0,-999.0,-999.0,-999.0,-999.0,-999.0,-999.0,-999.0,-999.0,-999.0,-999.0,-999.0,-999.0,-999.0,-999.0,-999.0,-999.0,-999.0,-999.0,-999.0,-999.0,-999.0,-999.0,-999.0,-999.0,-999.0,-999.0,-999.0,-999.0,-999.0,-999.0,-999.0,-999.0,-999.0,-999.0,-999.0,-999.0,-999.0,-999.0,-999.0,-999.0,-999,-999.0,-999,-999,-999
199,-999.0,-999,-999,-999.0,-999.0,-999.0,-999.0,-999.0,-999.0,-999.0,-999.0,-999.0,-999.0,-999.0,-999.0,-999.0,-999.0,-999.0,-999.0,-999.0,-999.0,-999.0,-999.0,-999.0,-999.0,-999.0,-999.0,-999.0,-999.0,-999.0,-999.0,-999.0,-999.0,-999.0,-999.0,-999.0,-999.0,-999.0,-999.0,-999.0,-999.0,-999.0,-999.0,-999.0,-999.0,-999.0,1.0,-999.0,-999.0,-999.0,-999.0,-999.0,0.0,0.0,0.5,0.42857142857142855,0.4,0.375,0.5555555555555556,0.46153846153846156,0.42857142857142855,0.46808510638297873,0.4262295081967213,0.4418604651162791,0.37373737373737376,0.32142857142857145,0.36363636363636365,0.3939393939393939,0.4375,0.4,0.2,0.0,1.0,0.5,0.0,1.0,1.0,0.0,-999.0,-999.0,-999.0,-999.0,-999.0,-999.0,-999.0,-999.0,-999.0,-999.0,-999.0,-999.0,-999.0,-999.0,-999.0,-999.0,-999.0,-999.0,-999.0,-999.0,-999.0,-999.0,-999.0,-999.0,-999.0,-999.0,-999.0,-999.0,-999.0,-999.0,-999.0,-999.0,-999.0,-999.0,-999.0,-999.0,-999.0,-999.0,-999.0,-999.0,-999.0,-999.0,-999.0,-999.0,-999.0,-999.0,-999,-999.0,-999,-999,-999
200,-999.0,-999,-999,-999.0,-999.0,-999.0,-999.0,-999.0,-999.0,-999.0,-999.0,-999.0,-999.0,-999.0,-999.0,-999.0,-999.0,-999.0,-999.0,-999.0,-999.0,-999.0,-999.0,-999.0,-999.0,-999.0,-999.0,-999.0,-999.0,-999.0,-999.0,-999.0,-999.0,-999.0,-999.0,-999.0,-999.0,-999.0,-999.0,-999.0,-999.0,-999.0,-999.0,-999.0,-999.0,-999.0,-999.0,-999.0,-999.0,0.0,1.0,-999.0,0.0,-999.0,0.5,0.5,0.0,0.25,0.2222222222222222,0.4782608695652174,0.3157894736842105,0.4883720930232558,0.49019607843137253,0.4857142857142857,0.41935483870967744,0.42857142857142855,0.36666666666666664,0.34782608695652173,0.2857142857142857,0.3,0.5714285714285714,0.1111111111111111,0.0,0.5,0.5,-999.0,-999.0,-999.0,-999.0,-999.0,-999.0,-999.0,-999.0,-999.0,-999.0,-999.0,-999.0,-999.0,-999.0,-999.0,-999.0,-999.0,-999.0,-999.0,-999.0,-999.0,-999.0,-999.0,-999.0,-999.0,-999.0,-999.0,-999.0,-999.0,-999.0,-999.0,-999.0,-999.0,-999.0,-999.0,-999.0,-999.0,-999.0,-999.0,-999.0,-999.0,-999.0,-999.0,-999.0,-999.0,-999.0,-999.0,-999.0,-999.0,-999,-999.0,-999,-999,-999
201,-999.0,-999,-999,-999.0,-999.0,-999.0,-999.0,-999.0,-999.0,-999.0,-999.0,-999.0,-999.0,-999.0,-999.0,-999.0,-999.0,-999.0,-999.0,-999.0,-999.0,-999.0,-999.0,-999.0,-999.0,-999.0,-999.0,-999.0,-999.0,-999.0,-999.0,-999.0,-999.0,-999.0,-999.0,-999.0,-999.0,-999.0,-999.0,-999.0,-999.0,-999.0,-999.0,-999.0,-999.0,-999.0,-999.0,-999.0,-999.0,-999.0,-999.0,-999.0,-999.0,-999.0,0.3333333333333333,0.2857142857142857,0.2,0.375,0.16666666666666666,0.6,0.7647058823529411,0.2727272727272727,0.42592592592592593,0.3870967741935484,0.44715447154471544,0.45454545454545453,0.41379310344827586,0.4166666666666667,0.45454545454545453,0.6666666666666666,0.5,0.75,0.0,1.0,0.0,-999.0,-999.0,0.0,0.0,-999.0,-999.0,-999.0,-999.0,-999.0,-999.0,-999.0,-999.0,-999.0,-999.0,-999.0,-999.0,-999.0,-999.0,-999.0,-999.0,-999.0,-999.0,-999.0,-999.0,-999.0,-999.0,-999.0,-999.0,-999.0,-999.0,-999.0,-999.0,-999.0,-999.0,-999.0,-999.0,-999.0,-999.0,-999.0,-999.0,-999.0,-999.0,-999.0,-999.0,-999.0,-999.0,-999.0,-999.0,-999.0,-999,-999.0,-999,-999,-999
202,-999.0,-999,-999,-999.0,-999.0,-999.0,-999.0,-999.0,-999.0,-999.0,-999.0,-999.0,-999.0,-999.0,-999.0,-999.0,-999.0,-999.0,-999.0,-999.0,-999.0,-999.0,-999.0,-999.0,-999.0,-999.0,-999.0,-999.0,-999.0,-999.0,-999.0,-999.0,-999.0,-999.0,-999.0,-999.0,-999.0,-999.0,-999.0,-999.0,-999.0,-999.0,-999.0,-999.0,-999.0,-999.0,-999.0,0.0,0.0,-999.0,-999.0,-999.0,0.0,-999.0,1.0,0.0,0.3333333333333333,0.16666666666666666,0.5,0.4,0.38461538461538464,0.43333333333333335,0.2857142857142857,0.36666666666666664,0.4144144144144144,0.2857142857142857,0.48484848484848486,0.2692307692307692,0.3076923076923077,0.625,0.5,0.2857142857142857,0.0,0.6666666666666666,1.0,-999.0,-999.0,-999.0,-999.0,-999.0,-999.0,-999.0,-999.0,-999.0,-999.0,-999.0,-999.0,-999.0,-999.0,-999.0,-999.0,-999.0,-999.0,-999.0,-999.0,-999.0,-999.0,-999.0,-999.0,-999.0,-999.0,-999.0,-999.0,-999.0,-999.0,-999.0,-999.0,-999.0,-999.0,-999.0,-999.0,-999.0,-999.0,-999.0,-999.0,-999.0,-999.0,-999.0,-999.0,-999.0,-999.0,-999.0,-999.0,-999.0,-999,-999.0,-999,-999,-999
203,-999.0,-999,-999,-999.0,-999.0,-999.0,-999.0,-999.0,-999.0,-999.0,-999.0,-999.0,-999.0,-999.0,-999.0,-999.0,-999.0,-999.0,-999.0,-999.0,-999.0,-999.0,-999.0,-999.0,-999.0,-999.0,-999.0,-999.0,-999.0,-999.0,-999.0,-999.0,-999.0,-999.0,-999.0,-999.0,-999.0,-999.0,-999.0,-999.0,-999.0,-999.0,-999.0,-999.0,-999.0,-999.0,-999.0,-999.0,0.0,-999.0,-999.0,-999.0,-999.0,-999.0,1.0,0.0,0.6666666666666666,0.3333333333333333,0.4444444444444444,0.8888888888888888,0.45,0.36,0.4,0.5357142857142857,0.3924050632911392,0.17647058823529413,0.375,0.5294117647058824,0.6666666666666666,0.4,0.0,0.4,0.0,0.5,-999.0,-999.0,-999.0,-999.0,1.0,0.0,-999.0,-999.0,-999.0,-999.0,-999.0,-999.0,-999.0,-999.0,-999.0,-999.0,-999.0,-999.0,-999.0,-999.0,-999.0,-999.0,-999.0,-999.0,-999.0,-999.0,-999.0,-999.0,-999.0,-999.0,-999.0,-999.0,-999.0,-999.0,-999.0,-999.0,-999.0,-999.0,-999.0,-999.0,-999.0,-999.0,-999.0,-999.0,-999.0,-999.0,-999.0,-999.0,-999.0,-999.0,-999,-999.0,-999,-999,-999
204,-999.0,-999,-999,-999.0,-999.0,-999.0,-999.0,-999.0,-999.0,-999.0,-999.0,-999.0,-999.0,-999.0,-999.0,-999.0,-999.0,-999.0,-999.0,-999.0,-999.0,-999.0,-999.0,-999.0,-999.0,-999.0,-999.0,-999.0,-999.0,-999.0,-999.0,-999.0,-999.0,-999.0,-999.0,-999.0,-999.0,-999.0,-999.0,-999.0,-999.0,-999.0,-999.0,-999.0,-999.0,-999.0,-999.0,-999.0,-999.0,0.0,-999.0,-999.0,-999.0,-999.0,-999.0,0.8,-999.0,0.5,0.6666666666666666,0.26666666666666666,0.5,0.34375,0.4594594594594595,0.47368421052631576,0.43434343434343436,0.3793103448275862,0.2222222222222222,0.3888888888888889,0.25,0.14285714285714285,0.0,0.6,0.0,-999.0,-999.0,-999.0,-999.0,-999.0,0.0,-999.0,-999.0,-999.0,-999.0,-999.0,-999.0,-999.0,-999.0,-999.0,-999.0,-999.0,-999.0,-999.0,-999.0,-999.0,-999.0,-999.0,-999.0,-999.0,-999.0,-999.0,-999.0,-999.0,-999.0,-999.0,-999.0,-999.0,-999.0,-999.0,-999.0,-999.0,-999.0,-999.0,-999.0,-999.0,-999.0,-999.0,-999.0,-999.0,-999.0,-999.0,-999.0,-999.0,-999.0,-999.0,-999,-999.0,-999,-999,-999
205,-999.0,-999,-999,-999.0,-999.0,-999.0,-999.0,-999.0,-999.0,-999.0,-999.0,-999.0,-999.0,-999.0,-999.0,-999.0,-999.0,-999.0,-999.0,-999.0,-999.0,-999.0,-999.0,-999.0,-999.0,-999.0,-999.0,-999.0,-999.0,-999.0,-999.0,-999.0,-999.0,-999.0,-999.0,-999.0,-999.0,-999.0,-999.0,-999.0,-999.0,-999.0,-999.0,-999.0,-999.0,-999.0,-999.0,-999.0,0.0,-999.0,0.0,-999.0,-999.0,-999.0,-999.0,0.0,0.5,0.8,0.2857142857142857,0.7142857142857143,0.6,0.3333333333333333,0.43243243243243246,0.23809523809523808,0.35294117647058826,0.4117647058823529,0.6,0.4583333333333333,0.5,0.3333333333333333,1.0,0.0,-999.0,-999.0,-999.0,-999.0,-999.0,0.0,-999.0,-999.0,-999.0,-999.0,-999.0,-999.0,-999.0,-999.0,-999.0,-999.0,-999.0,-999.0,-999.0,-999.0,-999.0,-999.0,-999.0,-999.0,-999.0,-999.0,-999.0,-999.0,-999.0,-999.0,-999.0,-999.0,-999.0,-999.0,-999.0,-999.0,-999.0,-999.0,-999.0,-999.0,-999.0,-999.0,-999.0,-999.0,-999.0,-999.0,-999.0,-999.0,-999.0,-999.0,-999.0,-999.0,-999,-999.0,-999,-999,-999
206,-999.0,-999,-999,-999.0,-999.0,-999.0,-999.0,-999.0,-999.0,-999.0,-999.0,-999.0,-999.0,-999.0,-999.0,-999.0,-999.0,-999.0,-999.0,-999.0,-999.0,-999.0,-999.0,-999.0,-999.0,-999.0,-999.0,-999.0,-999.0,-999.0,-999.0,-999.0,-999.0,-999.0,-999.0,-999.0,-999.0,-999.0,-999.0,-999.0,-999.0,-999.0,-999.0,-999.0,-999.0,-999.0,-999.0,-999.0,-999.0,-999.0,-999.0,-999.0,-999.0,-999.0,-999.0,0.5,1.0,0.0,0.5,0.5,0.45454545454545453,0.34615384615384615,0.34375,0.2631578947368421,0.45569620253164556,0.23529411764705882,0.5555555555555556,0.6666666666666666,0.25,0.8,0.0,0.25,-999.0,0.0,-999.0,-999.0,-999.0,0.0,0.5,-999.0,-999.0,-999.0,-999.0,-999.0,-999.0,-999.0,-999.0,-999.0,-999.0,-999.0,-999.0,-999.0,-999.0,-999.0,-999.0,-999.0,-999.0,-999.0,-999.0,-999.0,-999.0,-999.0,-999.0,-999.0,-999.0,-999.0,-999.0,-999.0,-999.0,-999.0,-999.0,-999.0,-999.0,-999.0,-999.0,-999.0,-999.0,-999.0,-999.0,-999.0,-999.0,-999.0,-999.0,-999.0,-999,-999.0,-999,-999,-999
207,-999.0,-999,-999,-999.0,-999.0,-999.0,-999.0,-999.0,-999.0,-999.0,-999.0,-999.0,-999.0,-999.0,-999.0,-999.0,-999.0,-999.0,-999.0,-999.0,-999.0,-999.0,-999.0,-999.0,-999.0,-999.0,-999.0,-999.0,-999.0,-999.0,-999.0,-999.0,-999.0,-999.0,-999.0,-999.0,-999.0,-999.0,-999.0,-999.0,-999.0,-999.0,-999.0,-999.0,-999.0,-999.0,-999.0,1.0,-999.0,-999.0,-999.0,-999.0,1.0,-999.0,1.0,1.0,0.5,0.6666666666666666,1.0,0.4,0.7142857142857143,0.5217391304347826,0.32142857142857145,0.19047619047619047,0.4492753623188406,0.35294117647058826,0.4,0.2,0.25,0.0,0.0,0.5,-999.0,-999.0,-999.0,0.0,-999.0,0.0,-999.0,-999.0,-999.0,-999.0,-999.0,-999.0,-999.0,-999.0,-999.0,-999.0,-999.0,-999.0,-999.0,-999.0,-999.0,-999.0,-999.0,-999.0,-999.0,-999.0,-999.0,-999.0,-999.0,-999.0,-999.0,-999.0,-999.0,-999.0,-999.0,-999.0,-999.0,-999.0,-999.0,-999.0,-999.0,-999.0,-999.0,-999.0,-999.0,-999.0,-999.0,-999.0,-999.0,-999.0,-999.0,-999.0,-999,-999.0,-999,-999,-999
208,-999.0,-999,-999,-999.0,-999.0,-999.0,-999.0,-999.0,-999.0,-999.0,-999.0,-999.0,-999.0,-999.0,-999.0,-999.0,-999.0,-999.0,-999.0,-999.0,-999.0,-999.0,-999.0,-999.0,-999.0,-999.0,-999.0,-999.0,-999.0,-999.0,-999.0,-999.0,-999.0,-999.0,-999.0,-999.0,-999.0,-999.0,-999.0,-999.0,-999.0,-999.0,-999.0,-999.0,-999.0,-999.0,-999.0,0.0,-999.0,-999.0,-999.0,-999.0,-999.0,0.0,-999.0,-999.0,0.0,-999.0,0.16666666666666666,0.5,0.3333333333333333,0.5,0.5151515151515151,0.45454545454545453,0.5945945945945946,0.42857142857142855,0.3333333333333333,0.5,0.5,0.5,0.75,0.5,-999.0,-999.0,0.5,-999.0,-999.0,-999.0,-999.0,-999.0,-999.0,-999.0,-999.0,-999.0,-999.0,-999.0,-999.0,-999.0,-999.0,-999.0,-999.0,-999.0,-999.0,-999.0,-999.0,-999.0,-999.0,-999.0,-999.0,-999.0,-999.0,-999.0,-999.0,-999.0,-999.0,-999.0,-999.0,-999.0,-999.0,-999.0,-999.0,-999.0,-999.0,-999.0,-999.0,-999.0,-999.0,-999.0,-999.0,-999.0,-999.0,-999.0,-999.0,-999.0,-999,-999.0,-999,-999,-999
209,-999.0,-999,-999,-999.0,-999.0,-999.0,-999.0,-999.0,-999.0,-999.0,-999.0,-999.0,-999.0,-999.0,-999.0,-999.0,-999.0,-999.0,-999.0,-999.0,-999.0,-999.0,-999.0,-999.0,-999.0,-999.0,-999.0,-999.0,-999.0,-999.0,-999.0,-999.0,-999.0,-999.0,-999.0,-999.0,-999.0,-999.0,-999.0,-999.0,-999.0,-999.0,-999.0,-999.0,-999.0,-999.0,-999.0,-999.0,-999.0,-999.0,-999.0,0.0,-999.0,1.0,1.0,0.0,0.3333333333333333,0.0,0.3333333333333333,1.0,0.5714285714285714,0.4117647058823529,0.38095238095238093,0.5384615384615384,0.37662337662337664,0.3333333333333333,0.5,0.5,0.0,0.0,-999.0,-999.0,-999.0,-999.0,1.0,-999.0,-999.0,-999.0,1.0,-999.0,-999.0,-999.0,-999.0,-999.0,-999.0,-999.0,-999.0,-999.0,-999.0,-999.0,-999.0,-999.0,-999.0,-999.0,-999.0,-999.0,-999.0,-999.0,-999.0,-999.0,-999.0,-999.0,-999.0,-999.0,-999.0,-999.0,-999.0,-999.0,-999.0,-999.0,-999.0,-999.0,-999.0,-999.0,-999.0,-999.0,-999.0,-999.0,-999.0,-999.0,-999.0,-999.0,-999.0,-999.0,-999,-999.0,-999,-999,-999
210,-999.0,-999,-999,-999.0,-999.0,-999.0,-999.0,-999.0,-999.0,-999.0,-999.0,-999.0,-999.0,-999.0,-999.0,-999.0,-999.0,-999.0,-999.0,-999.0,-999.0,-999.0,-999.0,-999.0,-999.0,-999.0,-999.0,-999.0,-999.0,-999.0,-999.0,-999.0,-999.0,-999.0,-999.0,-999.0,-999.0,-999.0,-999.0,-999.0,-999.0,-999.0,-999.0,-999.0,-999.0,-999.0,-999.0,-999.0,-999.0,-999.0,-999.0,1.0,0.0,-999.0,-999.0,-999.0,-999.0,0.0,-999.0,1.0,0.0,0.5,0.2,0.6,0.55,0.2727272727272727,0.35714285714285715,0.6666666666666666,1.0,0.3333333333333333,0.5,0.0,1.0,-999.0,1.0,1.0,-999.0,-999.0,-999.0,-999.0,-999.0,-999.0,-999.0,-999.0,-999.0,-999.0,-999.0,-999.0,-999.0,-999.0,-999.0,-999.0,-999.0,-999.0,-999.0,-999.0,-999.0,-999.0,-999.0,-999.0,-999.0,-999.0,-999.0,-999.0,-999.0,-999.0,-999.0,-999.0,-999.0,-999.0,-999.0,-999.0,-999.0,-999.0,-999.0,-999.0,-999.0,-999.0,-999.0,-999.0,-999.0,-999.0,-999.0,-999.0,-999,-999.0,-999,-999,-999
211,-999.0,-999,-999,-999.0,-999.0,-999.0,-999.0,-999.0,-999.0,-999.0,-999.0,-999.0,-999.0,-999.0,-999.0,-999.0,-999.0,-999.0,-999.0,-999.0,-999.0,-999.0,-999.0,-999.0,-999.0,-999.0,-999.0,-999.0,-999.0,-999.0,-999.0,-999.0,-999.0,-999.0,-999.0,-999.0,-999.0,-999.0,-999.0,-999.0,-999.0,-999.0,-999.0,-999.0,-999.0,-999.0,-999.0,-999.0,-999.0,-999.0,1.0,-999.0,-999.0,-999.0,0.0,-999.0,-999.0,0.0,0.5714285714285714,0.0,0.0,0.38461538461538464,0.4,0.3125,0.37777777777777777,0.2,0.2,0.3333333333333333,0.0,1.0,0.0,0.0,-999.0,-999.0,-999.0,0.0,1.0,-999.0,-999.0,-999.0,-999.0,-999.0,-999.0,-999.0,-999.0,-999.0,-999.0,-999.0,-999.0,-999.0,-999.0,-999.0,-999.0,-999.0,-999.0,-999.0,-999.0,-999.0,-999.0,-999.0,-999.0,-999.0,-999.0,-999.0,-999.0,-999.0,-999.0,-999.0,-999.0,-999.0,-999.0,-999.0,-999.0,-999.0,-999.0,-999.0,-999.0,-999.0,-999.0,-999.0,-999.0,-999.0,-999.0,-999.0,-999,-999.0,-999,-999,-999
212,-999.0,-999,-999,-999.0,-999.0,-999.0,-999.0,-999.0,-999.0,-999.0,-999.0,-999.0,-999.0,-999.0,-999.0,-999.0,-999.0,-999.0,-999.0,-999.0,-999.0,-999.0,-999.0,-999.0,-999.0,-999.0,-999.0,-999.0,-999.0,-999.0,-999.0,-999.0,-999.0,-999.0,-999.0,-999.0,-999.0,-999.0,-999.0,-999.0,-999.0,-999.0,-999.0,-999.0,-999.0,-999.0,-999.0,-999.0,-999.0,-999.0,-999.0,-999.0,-999.0,0.0,-999.0,-999.0,-999.0,0.0,0.5,0.0,1.0,0.1111111111111111,0.5384615384615384,0.5,0.2926829268292683,0.5454545454545454,0.3333333333333333,0.25,0.0,-999.0,0.0,1.0,-999.0,-999.0,-999.0,-999.0,0.5,-999.0,-999.0,-999.0,-999.0,-999.0,-999.0,-999.0,-999.0,-999.0,-999.0,-999.0,-999.0,-999.0,-999.0,-999.0,-999.0,-999.0,-999.0,-999.0,-999.0,-999.0,-999.0,-999.0,-999.0,-999.0,-999.0,-999.0,-999.0,-999.0,-999.0,-999.0,-999.0,-999.0,-999.0,-999.0,-999.0,-999.0,-999.0,-999.0,-999.0,-999.0,-999.0,-999.0,-999.0,-999.0,-999.0,-999.0,-999,-999.0,-999,-999,-999
213,-999.0,-999,-999,-999.0,-999.0,-999.0,-999.0,-999.0,-999.0,-999.0,-999.0,-999.0,-999.0,-999.0,-999.0,-999.0,-999.0,-999.0,-999.0,-999.0,-999.0,-999.0,-999.0,-999.0,-999.0,-999.0,-999.0,-999.0,-999.0,-999.0,-999.0,-999.0,-999.0,-999.0,-999.0,-999.0,-999.0,-999.0,-999.0,-999.0,-999.0,-999.0,-999.0,-999.0,-999.0,-999.0,-999.0,-999.0,-999.0,-999.0,-999.0,-999.0,1.0,-999.0,-999.0,0.0,-999.0,1.0,0.5,0.5,0.4,0.4,0.26666666666666666,0.5,0.38461538461538464,0.3333333333333333,0.4,0.0,1.0,0.5,0.0,-999.0,-999.0,-999.0,-999.0,1.0,-999.0,-999.0,-999.0,-999.0,-999.0,-999.0,-999.0,-999.0,-999.0,-999.0,-999.0,-999.0,-999.0,-999.0,-999.0,-999.0,-999.0,-999.0,-999.0,-999.0,-999.0,-999.0,-999.0,-999.0,-999.0,-999.0,-999.0,-999.0,-999.0,-999.0,-999.0,-999.0,-999.0,-999.0,-999.0,-999.0,-999.0,-999.0,-999.0,-999.0,-999.0,-999.0,-999.0,-999.0,-999.0,-999.0,-999.0,-999.0,-999,-999.0,-999,-999,-999
214,-999.0,-999,-999,-999.0,-999.0,-999.0,-999.0,-999.0,-999.0,-999.0,-999.0,-999.0,-999.0,-999.0,-999.0,-999.0,-999.0,-999.0,-999.0,-999.0,-999.0,-999.0,-999.0,-999.0,-999.0,-999.0,-999.0,-999.0,-999.0,-999.0,-999.0,-999.0,-999.0,-999.0,-999.0,-999.0,-999.0,-999.0,-999.0,-999.0,-999.0,-999.0,-999.0,-999.0,-999.0,-999.0,-999.0,-999.0,-999.0,-999.0,-999.0,-999.0,-999.0,-999.0,-999.0,-999.0,1.0,-999.0,0.0,0.0,0.4,0.16666666666666666,0.14285714285714285,0.42857142857142855,0.3939393939393939,0.16666666666666666,0.5,0.2,0.5,0.3333333333333333,1.0,0.0,-999.0,0.5,-999.0,-999.0,-999.0,-999.0,-999.0,-999.0,-999.0,-999.0,-999.0,-999.0,-999.0,-999.0,-999.0,-999.0,-999.0,-999.0,-999.0,-999.0,-999.0,-999.0,-999.0,-999.0,-999.0,-999.0,-999.0,-999.0,-999.0,-999.0,-999.0,-999.0,-999.0,-999.0,-999.0,-999.0,-999.0,-999.0,-999.0,-999.0,-999.0,-999.0,-999.0,-999.0,-999.0,-999.0,-999.0,-999.0,-999.0,-999.0,-999.0,-999.0,-999,-999.0,-999,-999,-999
215,-999.0,-999,-999,-999.0,-999.0,-999.0,-999.0,-999.0,-999.0,-999.0,-999.0,-999.0,-999.0,-999.0,-999.0,-999.0,-999.0,-999.0,-999.0,-999.0,-999.0,-999.0,-999.0,-999.0,-999.0,-999.0,-999.0,-999.0,-999.0,-999.0,-999.0,-999.0,-999.0,-999.0,-999.0,-999.0,-999.0,-999.0,-999.0,-999.0,-999.0,-999.0,-999.0,-999.0,-999.0,-999.0,-999.0,-999.0,-999.0,-999.0,-999.0,-999.0,-999.0,-999.0,-999.0,0.0,-999.0,1.0,0.3333333333333333,0.6666666666666666,0.3333333333333333,0.5,0.375,1.0,0.42105263157894735,0.4,0.16666666666666666,0.42857142857142855,0.0,0.0,0.0,0.0,0.5,-999.0,0.0,-999.0,-999.0,-999.0,-999.0,-999.0,-999.0,-999.0,-999.0,-999.0,-999.0,-999.0,-999.0,-999.0,-999.0,-999.0,-999.0,-999.0,-999.0,-999.0,-999.0,-999.0,-999.0,-999.0,-999.0,-999.0,-999.0,-999.0,-999.0,-999.0,-999.0,-999.0,-999.0,-999.0,-999.0,-999.0,-999.0,-999.0,-999.0,-999.0,-999.0,-999.0,-999.0,-999.0,-999.0,-999.0,-999.0,-999.0,-999.0,-999.0,-999,-999.0,-999,-999,-999
216,-999.0,-999,-999,-999.0,-999.0,-999.0,-999.0,-999.0,-999.0,-999.0,-999.0,-999.0,-999.0,-999.0,-999.0,-999.0,-999.0,-999.0,-999.0,-999.0,-999.0,-999.0,-999.0,-999.0,-999.0,-999.0,-999.0,-999.0,-999.0,-999.0,-999.0,-999.0,-999.0,-999.0,-999.0,-999.0,-999.0,-999.0,-999.0,-999.0,-999.0,-999.0,-999.0,-999.0,-999.0,-999.0,-999.0,-999.0,-999.0,-999.0,-999.0,-999.0,-999.0,-999.0,-999.0,-999.0,0.5,0.5,1.0,0.5,0.5,0.5,0.42857142857142855,0.5,0.38461538461538464,0.5,0.3333333333333333,0.3333333333333333,-999.0,0.0,-999.0,0.0,-999.0,-999.0,0.0,-999.0,-999.0,-999.0,-999.0,-999.0,-999.0,-999.0,-999.0,-999.0,-999.0,-999.0,-999.0,-999.0,-999.0,-999.0,-999.0,-999.0,-999.0,-999.0,-999.0,-999.0,-999.0,-999.0,-999.0,-999.0,-999.0,-999.0,-999.0,-999.0,-999.0,-999.0,-999.0,-999.0,-999.0,-999.0,-999.0,-999.0,-999.0,-999.0,-999.0,-999.0,-999.0,-999.0,-999.0,-999.0,-999.0,-999.0,-999.0,-999.0,-999,-999.0,-999,-999,-999
217,-999.0,-999,-999,-999.0,-999.0,-999.0,-999.0,-999.0,-999.0,-999.0,-999.0,-999.0,-999.0,-999.0,-999.0,-999.0,-999.0,-999.0,-999.0,-999.0,-999.0,-999.0,-999.0,-999.0,-999.0,-999.0,-999.0,-999.0,-999.0,-999.0,-999.0,-999.0,-999.0,-999.0,-999.0,-999.0,-999.0,-999.0,-999.0,-999.0,-999.0,-999.0,-999.0,-999.0,-999.0,-999.0,-999.0,-999.0,-999.0,-999.0,-999.0,-999.0,-999.0,-999.0,1.0,-999.0,-999.0,0.0,-999.0,-999.0,0.5,0.5,0.42857142857142855,0.25,0.6666666666666666,0.0,0.3333333333333333,0.2,0.6666666666666666,0.3333333333333333,0.0,-999.0,-999.0,-999.0,-999.0,-999.0,-999.0,-999.0,-999.0,-999.0,-999.0,-999.0,-999.0,-999.0,-999.0,-999.0,-999.0,-999.0,-999.0,-999.0,-999.0,-999.0,-999.0,-999.0,-999.0,-999.0,-999.0,-999.0,-999.0,-999.0,-999.0,-999.0,-999.0,-999.0,-999.0,-999.0,-999.0,-999.0,-999.0,-999.0,-999.0,-999.0,-999.0,-999.0,-999.0,-999.0,-999.0,-999.0,-999.0,-999.0,-999.0,-999.0,-999.0,-999.0,-999,-999.0,-999,-999,-999
218,-999.0,-999,-999,-999.0,-999.0,-999.0,-999.0,-999.0,-999.0,-999.0,-999.0,-999.0,-999.0,-999.0,-999.0,-999.0,-999.0,-999.0,-999.0,-999.0,-999.0,-999.0,-999.0,-999.0,-999.0,-999.0,-999.0,-999.0,-999.0,-999.0,-999.0,-999.0,-999.0,-999.0,-999.0,-999.0,-999.0,-999.0,-999.0,-999.0,-999.0,-999.0,-999.0,-999.0,-999.0,-999.0,-999.0,-999.0,-999.0,-999.0,-999.0,-999.0,-999.0,-999.0,-999.0,-999.0,0.0,-999.0,0.0,0.4,0.14285714285714285,0.6666666666666666,0.1111111111111111,0.5,0.46153846153846156,0.3333333333333333,1.0,0.5,0.5,-999.0,-999.0,-999.0,0.0,-999.0,-999.0,-999.0,-999.0,-999.0,-999.0,-999.0,-999.0,-999.0,-999.0,-999.0,-999.0,-999.0,-999.0,-999.0,-999.0,-999.0,-999.0,-999.0,-999.0,-999.0,-999.0,-999.0,-999.0,-999.0,-999.0,-999.0,-999.0,-999.0,-999.0,-999.0,-999.0,-999.0,-999.0,-999.0,-999.0,-999.0,-999.0,-999.0,-999.0,-999.0,-999.0,-999.0,-999.0,-999.0,-999.0,-999.0,-999.0,-999.0,-999.0,-999.0,-999,-999.0,-999,-999,-999
219,-999.0,-999,-999,-999.0,-999.0,-999.0,-999.0,-999.0,-999.0,-999.0,-999.0,-999.0,-999.0,-999.0,-999.0,-999.0,-999.0,-999.0,-999.0,-999.0,-999.0,-999.0,-999.0,-999.0,-999.0,-999.0,-999.0,-999.0,-999.0,-999.0,-999.0,-999.0,-999.0,-999.0,-999.0,-999.0,-999.0,-999.0,-999.0,-999.0,-999.0,-999.0,-999.0,-999.0,-999.0,-999.0,-999.0,-999.0,-999.0,-999.0,-999.0,-999.0,-999.0,-999.0,-999.0,-999.0,0.0,-999.0,-999.0,-999.0,0.5,0.0,0.6666666666666666,0.5,0.4117647058823529,0.5,0.16666666666666666,0.0,0.3333333333333333,1.0,0.0,-999.0,-999.0,-999.0,-999.0,-999.0,-999.0,-999.0,-999.0,-999.0,-999.0,-999.0,-999.0,-999.0,-999.0,-999.0,-999.0,-999.0,-999.0,-999.0,-999.0,-999.0,-999.0,-999.0,-999.0,-999.0,-999.0,-999.0,-999.0,-999.0,-999.0,-999.0,-999.0,-999.0,-999.0,-999.0,-999.0,-999.0,-999.0,-999.0,-999.0,-999.0,-999.0,-999.0,-999.0,-999.0,-999.0,-999.0,-999.0,-999.0,-999.0,-999.0,-999.0,-999.0,-999,-999.0,-999,-999,-999
220,-999.0,-999,-999,-999.0,-999.0,-999.0,-999.0,-999.0,-999.0,-999.0,-999.0,-999.0,-999.0,-999.0,-999.0,-999.0,-999.0,-999.0,-999.0,-999.0,-999.0,-999.0,-999.0,-999.0,-999.0,-999.0,-999.0,-999.0,-999.0,-999.0,-999.0,-999.0,-999.0,-999.0,-999.0,-999.0,-999.0,-999.0,-999.0,-999.0,-999.0,-999.0,-999.0,-999.0,-999.0,-999.0,-999.0,-999.0,-999.0,-999.0,-999.0,-999.0,-999.0,-999.0,-999.0,1.0,-999.0,-999.0,-999.0,1.0,0.3333333333333333,0.0,0.25,0.25,0.5,0.75,0.0,0.0,1.0,-999.0,0.0,-999.0,-999.0,-999.0,-999.0,-999.0,-999.0,-999.0,-999.0,-999.0,-999.0,-999.0,-999.0,-999.0,-999.0,-999.0,-999.0,-999.0,-999.0,-999.0,-999.0,-999.0,-999.0,-999.0,-999.0,-999.0,-999.0,-999.0,-999.0,-999.0,-999.0,-999.0,-999.0,-999.0,-999.0,-999.0,-999.0,-999.0,-999.0,-999.0,-999.0,-999.0,-999.0,-999.0,-999.0,-999.0,-999.0,-999.0,-999.0,-999.0,-999.0,-999.0,-999.0,-999.0,-999,-999.0,-999,-999,-999
221,-999.0,-999,-999,-999.0,-999.0,-999.0,-999.0,-999.0,-999.0,-999.0,-999.0,-999.0,-999.0,-999.0,-999.0,-999.0,-999.0,-999.0,-999.0,-999.0,-999.0,-999.0,-999.0,-999.0,-999.0,-999.0,-999.0,-999.0,-999.0,-999.0,-999.0,-999.0,-999.0,-999.0,-999.0,-999.0,-999.0,-999.0,-999.0,-999.0,-999.0,-999.0,-999.0,-999.0,-999.0,-999.0,-999.0,-999.0,-999.0,-999.0,-999.0,-999.0,-999.0,-999.0,-999.0,-999.0,-999.0,-999.0,1.0,-999.0,1.0,1.0,0.0,0.25,0.2222222222222222,0.6,0.6666666666666666,-999.0,0.0,-999.0,-999.0,0.0,-999.0,-999.0,-999.0,-999.0,-999.0,-999.0,-999.0,-999.0,-999.0,-999.0,-999.0,-999.0,-999.0,-999.0,-999.0,-999.0,-999.0,-999.0,-999.0,-999.0,-999.0,-999.0,-999.0,-999.0,-999.0,-999.0,-999.0,-999.0,-999.0,-999.0,-999.0,-999.0,-999.0,-999.0,-999.0,-999.0,-999.0,-999.0,-999.0,-999.0,-999.0,-999.0,-999.0,-999.0,-999.0,-999.0,-999.0,-999.0,-999.0,-999.0,-999.0,-999.0,-999,-999.0,-999,-999,-999
222,-999.0,-999,-999,-999.0,-999.0,-999.0,-999.0,-999.0,-999.0,-999.0,-999.0,-999.0,-999.0,-999.0,-999.0,-999.0,-999.0,-999.0,-999.0,-999.0,-999.0,-999.0,-999.0,-999.0,-999.0,-999.0,-999.0,-999.0,-999.0,-999.0,-999.0,-999.0,-999.0,-999.0,-999.0,-999.0,-999.0,-999.0,-999.0,-999.0,-999.0,-999.0,-999.0,-999.0,-999.0,-999.0,-999.0,-999.0,-999.0,-999.0,-999.0,-999.0,-999.0,-999.0,-999.0,-999.0,-999.0,-999.0,-999.0,-999.0,0.3333333333333333,0.0,0.5,0.5,0.2857142857142857,0.4,0.6666666666666666,0.5,0.0,-999.0,-999.0,1.0,-999.0,-999.0,-999.0,-999.0,-999.0,-999.0,-999.0,-999.0,-999.0,-999.0,-999.0,-999.0,-999.0,-999.0,-999.0,-999.0,-999.0,-999.0,-999.0,-999.0,-999.0,-999.0,-999.0,-999.0,-999.0,-999.0,-999.0,-999.0,-999.0,-999.0,-999.0,-999.0,-999.0,-999.0,-999.0,-999.0,-999.0,-999.0,-999.0,-999.0,-999.0,-999.0,-999.0,-999.0,-999.0,-999.0,-999.0,-999.0,-999.0,-999.0,-999.0,-999.0,-999,-999.0,-999,-999,-999
223,-999.0,-999,-999,-999.0,-999.0,-999.0,-999.0,-999.0,-999.0,-999.0,-999.0,-999.0,-999.0,-999.0,-999.0,-999.0,-999.0,-999.0,-999.0,-999.0,-999.0,-999.0,-999.0,-999.0,-999.0,-999.0,-999.0,-999.0,-999.0,-999.0,-999.0,-999.0,-999.0,-999.0,-999.0,-999.0,-999.0,-999.0,-999.0,-999.0,-999.0,-999.0,-999.0,-999.0,-999.0,-999.0,-999.0,-999.0,-999.0,-999.0,-999.0,-999.0,-999.0,-999.0,1.0,-999.0,-999.0,-999.0,0.0,-999.0,-999.0,0.5,0.5,0.0,0.4,0.0,0.0,1.0,-999.0,-999.0,-999.0,-999.0,-999.0,-999.0,-999.0,-999.0,-999.0,-999.0,-999.0,-999.0,-999.0,-999.0,-999.0,-999.0,-999.0,-999.0,-999.0,-999.0,-999.0,-999.0,-999.0,-999.0,-999.0,-999.0,-999.0,-999.0,-999.0,-999.0,-999.0,-999.0,-999.0,-999.0,-999.0,-999.0,-999.0,-999.0,-999.0,-999.0,-999.0,-999.0,-999.0,-999.0,-999.0,-999.0,-999.0,-999.0,-999.0,-999.0,-999.0,-999.0,-999.0,-999.0,-999.0,-999.0,-999,-999.0,-999,-999,-999
224,-999.0,-999,-999,-999.0,-999.0,-999.0,-999.0,-999.0,-999.0,-999.0,-999.0,-999.0,-999.0,-999.0,-999.0,-999.0,-999.0,-999.0,-999.0,-999.0,-999.0,-999.0,-999.0,-999.0,-999.0,-999.0,-999.0,-999.0,-999.0,-999.0,-999.0,-999.0,-999.0,-999.0,-999.0,-999.0,-999.0,-999.0,-999.0,-999.0,-999.0,-999.0,-999.0,-999.0,-999.0,-999.0,-999.0,-999.0,-999.0,-999.0,-999.0,-999.0,-999.0,-999.0,-999.0,-999.0,-999.0,-999.0,-999.0,-999.0,0.0,0.0,1.0,0.5,0.4,-999.0,0.25,1.0,-999.0,-999.0,-999.0,1.0,-999.0,-999.0,-999.0,-999.0,-999.0,-999.0,-999.0,-999.0,-999.0,-999.0,-999.0,-999.0,-999.0,-999.0,-999.0,-999.0,-999.0,-999.0,-999.0,-999.0,-999.0,-999.0,-999.0,-999.0,-999.0,-999.0,-999.0,-999.0,-999.0,-999.0,-999.0,-999.0,-999.0,-999.0,-999.0,-999.0,-999.0,-999.0,-999.0,-999.0,-999.0,-999.0,-999.0,-999.0,-999.0,-999.0,-999.0,-999.0,-999.0,-999.0,-999.0,-999.0,-999,-999.0,-999,-999,-999
225,-999.0,-999,-999,-999.0,-999.0,-999.0,-999.0,-999.0,-999.0,-999.0,-999.0,-999.0,-999.0,-999.0,-999.0,-999.0,-999.0,-999.0,-999.0,-999.0,-999.0,-999.0,-999.0,-999.0,-999.0,-999.0,-999.0,-999.0,-999.0,-999.0,-999.0,-999.0,-999.0,-999.0,-999.0,-999.0,-999.0,-999.0,-999.0,-999.0,-999.0,-999.0,-999.0,-999.0,-999.0,-999.0,-999.0,-999.0,-999.0,-999.0,-999.0,-999.0,-999.0,-999.0,-999.0,-999.0,-999.0,-999.0,-999.0,-999.0,0.0,1.0,1.0,0.0,0.125,-999.0,0.0,1.0,-999.0,0.0,-999.0,-999.0,-999.0,-999.0,-999.0,-999.0,-999.0,-999.0,-999.0,-999.0,-999.0,-999.0,-999.0,-999.0,-999.0,-999.0,-999.0,-999.0,-999.0,-999.0,-999.0,-999.0,-999.0,-999.0,-999.0,-999.0,-999.0,-999.0,-999.0,-999.0,-999.0,-999.0,-999.0,-999.0,-999.0,-999.0,-999.0,-999.0,-999.0,-999.0,-999.0,-999.0,-999.0,-999.0,-999.0,-999.0,-999.0,-999.0,-999.0,-999.0,-999.0,-999.0,-999.0,-999.0,-999,-999.0,-999,-999,-999
226,-999.0,-999,-999,-999.0,-999.0,-999.0,-999.0,-999.0,-999.0,-999.0,-999.0,-999.0,-999.0,-999.0,-999.0,-999.0,-999.0,-999.0,-999.0,-999.0,-999.0,-999.0,-999.0,-999.0,-999.0,-999.0,-999.0,-999.0,-999.0,-999.0,-999.0,-999.0,-999.0,-999.0,-999.0,-999.0,-999.0,-999.0,-999.0,-999.0,-999.0,-999.0,-999.0,-999.0,-999.0,-999.0,-999.0,-999.0,-999.0,-999.0,-999.0,-999.0,-999.0,-999.0,-999.0,-999.0,-999.0,-999.0,-999.0,1.0,0.0,0.3333333333333333,0.5,-999.0,0.4,0.0,-999.0,0.0,-999.0,-999.0,-999.0,-999.0,-999.0,-999.0,-999.0,-999.0,-999.0,-999.0,-999.0,-999.0,-999.0,-999.0,-999.0,-999.0,-999.0,-999.0,-999.0,-999.0,-999.0,-999.0,-999.0,-999.0,-999.0,-999.0,-999.0,-999.0,-999.0,-999.0,-999.0,-999.0,-999.0,-999.0,-999.0,-999.0,-999.0,-999.0,-999.0,-999.0,-999.0,-999.0,-999.0,-999.0,-999.0,-999.0,-999.0,-999.0,-999.0,-999.0,-999.0,-999.0,-999.0,-999.0,-999.0,-999.0,-999,-999.0,-999,-999,-999
227,-999.0,-999,-999,-999.0,-999.0,-999.0,-999.0,-999.0,-999.0,-999.0,-999.0,-999.0,-999.0,-999.0,-999.0,-999.0,-999.0,-999.0,-999.0,-999.0,-999.0,-999.0,-999.0,-999.0,-999.0,-999.0,-999.0,-999.0,-999.0,-999.0,-999.0,-999.0,-999.0,-999.0,-999.0,-999.0,-999.0,-999.0,-999.0,-999.0,-999.0,-999.0,-999.0,-999.0,-999.0,-999.0,-999.0,-999.0,-999.0,-999.0,-999.0,-999.0,-999.0,-999.0,-999.0,-999.0,-999.0,-999.0,-999.0,0.5,-999.0,-999.0,0.0,0.5,0.25,0.0,0.3333333333333333,-999.0,-999.0,-999.0,-999.0,-999.0,-999.0,-999.0,-999.0,-999.0,-999.0,-999.0,-999.0,-999.0,-999.0,-999.0,-999.0,-999.0,-999.0,-999.0,-999.0,-999.0,-999.0,-999.0,-999.0,-999.0,-999.0,-999.0,-999.0,-999.0,-999.0,-999.0,-999.0,-999.0,-999.0,-999.0,-999.0,-999.0,-999.0,-999.0,-999.0,-999.0,-999.0,-999.0,-999.0,-999.0,-999.0,-999.0,-999.0,-999.0,-999.0,-999.0,-999.0,-999.0,-999.0,-999.0,-999.0,-999.0,-999,-999.0,-999,-999,-999
228,-999.0,-999,-999,-999.0,-999.0,-999.0,-999.0,-999.0,-999.0,-999.0,-999.0,-999.0,-999.0,-999.0,-999.0,-999.0,-999.0,-999.0,-999.0,-999.0,-999.0,-999.0,-999.0,-999.0,-999.0,-999.0,-999.0,-999.0,-999.0,-999.0,-999.0,-999.0,-999.0,-999.0,-999.0,-999.0,-999.0,-999.0,-999.0,-999.0,-999.0,-999.0,-999.0,-999.0,-999.0,-999.0,-999.0,-999.0,-999.0,-999.0,-999.0,-999.0,-999.0,-999.0,-999.0,-999.0,-999.0,-999.0,-999.0,-999.0,1.0,-999.0,0.6666666666666666,0.0,1.0,0.0,1.0,0.0,-999.0,-999.0,-999.0,-999.0,-999.0,-999.0,-999.0,-999.0,-999.0,-999.0,-999.0,-999.0,-999.0,-999.0,-999.0,-999.0,-999.0,-999.0,-999.0,-999.0,-999.0,-999.0,-999.0,-999.0,-999.0,-999.0,-999.0,-999.0,-999.0,-999.0,-999.0,-999.0,-999.0,-999.0,-999.0,-999.0,-999.0,-999.0,-999.0,-999.0,-999.0,-999.0,-999.0,-999.0,-999.0,-999.0,-999.0,-999.0,-999.0,-999.0,-999.0,-999.0,-999.0,-999.0,-999.0,-999.0,-999,-999.0,-999,-999,-999
229,-999.0,-999,-999,-999.0,-999.0,-999.0,-999.0,-999.0,-999.0,-999.0,-999.0,-999.0,-999.0,-999.0,-999.0,-999.0,-999.0,-999.0,-999.0,-999.0,-999.0,-999.0,-999.0,-999.0,-999.0,-999.0,-999.0,-999.0,-999.0,-999.0,-999.0,-999.0,-999.0,-999.0,-999.0,-999.0,-999.0,-999.0,-999.0,-999.0,-999.0,-999.0,-999.0,-999.0,-999.0,-999.0,-999.0,-999.0,-999.0,-999.0,-999.0,-999.0,-999.0,-999.0,-999.0,-999.0,-999.0,-999.0,-999.0,0.5,-999.0,0.0,0.0,1.0,0.0,0.0,0.0,-999.0,-999.0,-999.0,-999.0,-999.0,-999.0,-999.0,-999.0,-999.0,-999.0,-999.0,-999.0,-999.0,-999.0,-999.0,-999.0,-999.0,-999.0,-999.0,-999.0,-999.0,-999.0,-999.0,-999.0,-999.0,-999.0,-999.0,-999.0,-999.0,-999.0,-999.0,-999.0,-999.0,-999.0,-999.0,-999.0,-999.0,-999.0,-999.0,-999.0,-999.0,-999.0,-999.0,-999.0,-999.0,-999.0,-999.0,-999.0,-999.0,-999.0,-999.0,-999.0,-999.0,-999.0,-999.0,-999.0,-999.0,-999,-999.0,-999,-999,-999
230,-999.0,-999,-999,-999.0,-999.0,-999.0,-999.0,-999.0,-999.0,-999.0,-999.0,-999.0,-999.0,-999.0,-999.0,-999.0,-999.0,-999.0,-999.0,-999.0,-999.0,-999.0,-999.0,-999.0,-999.0,-999.0,-999.0,-999.0,-999.0,-999.0,-999.0,-999.0,-999.0,-999.0,-999.0,-999.0,-999.0,-999.0,-999.0,-999.0,-999.0,-999.0,-999.0,-999.0,-999.0,-999.0,-999.0,-999.0,-999.0,-999.0,-999.0,-999.0,-999.0,-999.0,-999.0,-999.0,-999.0,-999.0,-999.0,-999.0,-999.0,-999.0,1.0,0.5,0.0,0.0,1.0,-999.0,-999.0,1.0,-999.0,-999.0,-999.0,-999.0,-999.0,-999.0,-999.0,-999.0,-999.0,-999.0,-999.0,-999.0,-999.0,-999.0,-999.0,-999.0,-999.0,-999.0,-999.0,-999.0,-999.0,-999.0,-999.0,-999.0,-999.0,-999.0,-999.0,-999.0,-999.0,-999.0,-999.0,-999.0,-999.0,-999.0,-999.0,-999.0,-999.0,-999.0,-999.0,-999.0,-999.0,-999.0,-999.0,-999.0,-999.0,-999.0,-999.0,-999.0,-999.0,-999.0,-999.0,-999.0,-999.0,-999.0,-999,-999.0,-999,-999,-999
231,-999.0,-999,-999,-999.0,-999.0,-999.0,-999.0,-999.0,-999.0,-999.0,-999.0,-999.0,-999.0,-999.0,-999.0,-999.0,-999.0,-999.0,-999.0,-999.0,-999.0,-999.0,-999.0,-999.0,-999.0,-999.0,-999.0,-999.0,-999.0,-999.0,-999.0,-999.0,-999.0,-999.0,-999.0,-999.0,-999.0,-999.0,-999.0,-999.0,-999.0,-999.0,-999.0,-999.0,-999.0,-999.0,-999.0,-999.0,-999.0,-999.0,-999.0,-999.0,-999.0,-999.0,-999.0,-999.0,-999.0,-999.0,-999.0,1.0,1.0,-999.0,1.0,-999.0,0.0,0.0,-999.0,-999.0,-999.0,-999.0,-999.0,-999.0,-999.0,-999.0,-999.0,-999.0,-999.0,-999.0,-999.0,-999.0,-999.0,-999.0,-999.0,-999.0,-999.0,-999.0,-999.0,-999.0,-999.0,-999.0,-999.0,-999.0,-999.0,-999.0,-999.0,-999.0,-999.0,-999.0,-999.0,-999.0,-999.0,-999.0,-999.0,-999.0,-999.0,-999.0,-999.0,-999.0,-999.0,-999.0,-999.0,-999.0,-999.0,-999.0,-999.0,-999.0,-999.0,-999.0,-999.0,-999.0,-999.0,-999.0,-999.0,-999.0,-999,-999.0,-999,-999,-999
232,-999.0,-999,-999,-999.0,-999.0,-999.0,-999.0,-999.0,-999.0,-999.0,-999.0,-999.0,-999.0,-999.0,-999.0,-999.0,-999.0,-999.0,-999.0,-999.0,-999.0,-999.0,-999.0,-999.0,-999.0,-999.0,-999.0,-999.0,-999.0,-999.0,-999.0,-999.0,-999.0,-999.0,-999.0,-999.0,-999.0,-999.0,-999.0,-999.0,-999.0,-999.0,-999.0,-999.0,-999.0,-999.0,-999.0,-999.0,-999.0,-999.0,-999.0,-999.0,-999.0,-999.0,-999.0,-999.0,-999.0,-999.0,-999.0,-999.0,1.0,-999.0,0.0,1.0,0.0,-999.0,0.5,-999.0,-999.0,-999.0,-999.0,-999.0,-999.0,-999.0,-999.0,-999.0,-999.0,-999.0,-999.0,-999.0,-999.0,-999.0,-999.0,-999.0,-999.0,-999.0,-999.0,-999.0,-999.0,-999.0,-999.0,-999.0,-999.0,-999.0,-999.0,-999.0,-999.0,-999.0,-999.0,-999.0,-999.0,-999.0,-999.0,-999.0,-999.0,-999.0,-999.0,-999.0,-999.0,-999.0,-999.0,-999.0,-999.0,-999.0,-999.0,-999.0,-999.0,-999.0,-999.0,-999.0,-999.0,-999.0,-999.0,-999.0,-999,-999.0,-999,-999,-999
233,-999.0,-999,-999,-999.0,-999.0,-999.0,-999.0,-999.0,-999.0,-999.0,-999.0,-999.0,-999.0,-999.0,-999.0,-999.0,-999.0,-999.0,-999.0,-999.0,-999.0,-999.0,-999.0,-999.0,-999.0,-999.0,-999.0,-999.0,-999.0,-999.0,-999.0,-999.0,-999.0,-999.0,-999.0,-999.0,-999.0,-999.0,-999.0,-999.0,-999.0,-999.0,-999.0,-999.0,-999.0,-999.0,-999.0,-999.0,-999.0,-999.0,-999.0,-999.0,-999.0,-999.0,-999.0,-999.0,-999.0,-999.0,-999.0,-999.0,-999.0,-999.0,0.3333333333333333,-999.0,0.0,-999.0,0.3333333333333333,-999.0,-999.0,-999.0,-999.0,-999.0,-999.0,-999.0,-999.0,-999.0,-999.0,-999.0,-999.0,-999.0,-999.0,-999.0,-999.0,-999.0,-999.0,-999.0,-999.0,-999.0,-999.0,-999.0,-999.0,-999.0,-999.0,-999.0,-999.0,-999.0,-999.0,-999.0,-999.0,-999.0,-999.0,-999.0,-999.0,-999.0,-999.0,-999.0,-999.0,-999.0,-999.0,-999.0,-999.0,-999.0,-999.0,-999.0,-999.0,-999.0,-999.0,-999.0,-999.0,-999.0,-999.0,-999.0,-999.0,-999.0,-999,-999.0,-999,-999,-999
234,-999.0,-999,-999,-999.0,-999.0,-999.0,-999.0,-999.0,-999.0,-999.0,-999.0,-999.0,-999.0,-999.0,-999.0,-999.0,-999.0,-999.0,-999.0,-999.0,-999.0,-999.0,-999.0,-999.0,-999.0,-999.0,-999.0,-999.0,-999.0,-999.0,-999.0,-999.0,-999.0,-999.0,-999.0,-999.0,-999.0,-999.0,-999.0,-999.0,-999.0,-999.0,-999.0,-999.0,-999.0,-999.0,-999.0,-999.0,-999.0,-999.0,-999.0,-999.0,-999.0,-999.0,-999.0,-999.0,-999.0,-999.0,-999.0,-999.0,0.0,-999.0,0.5,-999.0,0.0,-999.0,0.5,-999.0,-999.0,-999.0,-999.0,-999.0,-999.0,-999.0,-999.0,-999.0,-999.0,-999.0,-999.0,-999.0,-999.0,-999.0,-999.0,-999.0,-999.0,-999.0,-999.0,-999.0,-999.0,-999.0,-999.0,-999.0,-999.0,-999.0,-999.0,-999.0,-999.0,-999.0,-999.0,-999.0,-999.0,-999.0,-999.0,-999.0,-999.0,-999.0,-999.0,-999.0,-999.0,-999.0,-999.0,-999.0,-999.0,-999.0,-999.0,-999.0,-999.0,-999.0,-999.0,-999.0,-999.0,-999.0,-999.0,-999.0,-999,-999.0,-999,-999,-999
235,-999.0,-999,-999,-999.0,-999.0,-999.0,-999.0,-999.0,-999.0,-999.0,-999.0,-999.0,-999.0,-999.0,-999.0,-999.0,-999.0,-999.0,-999.0,-999.0,-999.0,-999.0,-999.0,-999.0,-999.0,-999.0,-999.0,-999.0,-999.0,-999.0,-999.0,-999.0,-999.0,-999.0,-999.0,-999.0,-999.0,-999.0,-999.0,-999.0,-999.0,-999.0,-999.0,-999.0,-999.0,-999.0,-999.0,-999.0,-999.0,-999.0,-999.0,-999.0,-999.0,-999.0,-999.0,-999.0,-999.0,-999.0,-999.0,-999.0,1.0,-999.0,0.5,-999.0,0.0,-999.0,-999.0,-999.0,-999.0,-999.0,-999.0,-999.0,-999.0,-999.0,-999.0,-999.0,-999.0,-999.0,-999.0,-999.0,-999.0,-999.0,-999.0,-999.0,-999.0,-999.0,-999.0,-999.0,-999.0,-999.0,-999.0,-999.0,-999.0,-999.0,-999.0,-999.0,-999.0,-999.0,-999.0,-999.0,-999.0,-999.0,-999.0,-999.0,-999.0,-999.0,-999.0,-999.0,-999.0,-999.0,-999.0,-999.0,-999.0,-999.0,-999.0,-999.0,-999.0,-999.0,-999.0,-999.0,-999.0,-999.0,-999.0,-999.0,-999,-999.0,-999,-999,-999
236,-999.0,-999,-999,-999.0,-999.0,-999.0,-999.0,-999.0,-999.0,-999.0,-999.0,-999.0,-999.0,-999.0,-999.0,-999.0,-999.0,-999.0,-999.0,-999.0,-999.0,-999.0,-999.0,-999.0,-999.0,-999.0,-999.0,-999.0,-999.0,-999.0,-999.0,-999.0,-999.0,-999.0,-999.0,-999.0,-999.0,-999.0,-999.0,-999.0,-999.0,-999.0,-999.0,-999.0,-999.0,-999.0,-999.0,-999.0,-999.0,-999.0,-999.0,-999.0,-999.0,-999.0,-999.0,-999.0,-999.0,-999.0,-999.0,-999.0,-999.0,-999.0,-999.0,-999.0,0.0,0.0,0.5,-999.0,-999.0,-999.0,-999.0,-999.0,-999.0,-999.0,-999.0,-999.0,-999.0,-999.0,-999.0,-999.0,-999.0,-999.0,-999.0,-999.0,-999.0,-999.0,-999.0,-999.0,-999.0,-999.0,-999.0,-999.0,-999.0,-999.0,-999.0,-999.0,-999.0,-999.0,-999.0,-999.0,-999.0,-999.0,-999.0,-999.0,-999.0,-999.0,-999.0,-999.0,-999.0,-999.0,-999.0,-999.0,-999.0,-999.0,-999.0,-999.0,-999.0,-999.0,-999.0,-999.0,-999.0,-999.0,-999.0,-999.0,-999,-999.0,-999,-999,-999
237,-999.0,-999,-999,-999.0,-999.0,-999.0,-999.0,-999.0,-999.0,-999.0,-999.0,-999.0,-999.0,-999.0,-999.0,-999.0,-999.0,-999.0,-999.0,-999.0,-999.0,-999.0,-999.0,-999.0,-999.0,-999.0,-999.0,-999.0,-999.0,-999.0,-999.0,-999.0,-999.0,-999.0,-999.0,-999.0,-999.0,-999.0,-999.0,-999.0,-999.0,-999.0,-999.0,-999.0,-999.0,-999.0,-999.0,-999.0,-999.0,-999.0,-999.0,-999.0,-999.0,-999.0,-999.0,-999.0,-999.0,-999.0,-999.0,-999.0,-999.0,-999.0,-999.0,0.0,-999.0,-999.0,0.5,-999.0,-999.0,-999.0,-999.0,-999.0,-999.0,-999.0,-999.0,-999.0,-999.0,-999.0,-999.0,-999.0,-999.0,-999.0,-999.0,-999.0,-999.0,-999.0,-999.0,-999.0,-999.0,-999.0,-999.0,-999.0,-999.0,-999.0,-999.0,-999.0,-999.0,-999.0,-999.0,-999.0,-999.0,-999.0,-999.0,-999.0,-999.0,-999.0,-999.0,-999.0,-999.0,-999.0,-999.0,-999.0,-999.0,-999.0,-999.0,-999.0,-999.0,-999.0,-999.0,-999.0,-999.0,-999.0,-999.0,-999.0,-999,-999.0,-999,-999,-999
238,-999.0,-999,-999,-999.0,-999.0,-999.0,-999.0,-999.0,-999.0,-999.0,-999.0,-999.0,-999.0,-999.0,-999.0,-999.0,-999.0,-999.0,-999.0,-999.0,-999.0,-999.0,-999.0,-999.0,-999.0,-999.0,-999.0,-999.0,-999.0,-999.0,-999.0,-999.0,-999.0,-999.0,-999.0,-999.0,-999.0,-999.0,-999.0,-999.0,-999.0,-999.0,-999.0,-999.0,-999.0,-999.0,-999.0,-999.0,-999.0,-999.0,-999.0,-999.0,-999.0,-999.0,-999.0,-999.0,-999.0,-999.0,-999.0,-999.0,-999.0,-999.0,0.5,0.0,-999.0,-999.0,-999.0,-999.0,-999.0,-999.0,-999.0,-999.0,-999.0,-999.0,-999.0,-999.0,-999.0,-999.0,-999.0,-999.0,-999.0,-999.0,-999.0,-999.0,-999.0,-999.0,-999.0,-999.0,-999.0,-999.0,-999.0,-999.0,-999.0,-999.0,-999.0,-999.0,-999.0,-999.0,-999.0,-999.0,-999.0,-999.0,-999.0,-999.0,-999.0,-999.0,-999.0,-999.0,-999.0,-999.0,-999.0,-999.0,-999.0,-999.0,-999.0,-999.0,-999.0,-999.0,-999.0,-999.0,-999.0,-999.0,-999.0,-999.0,-999,-999.0,-999,-999,-999
239,-999.0,-999,-999,-999.0,-999.0,-999.0,-999.0,-999.0,-999.0,-999.0,-999.0,-999.0,-999.0,-999.0,-999.0,-999.0,-999.0,-999.0,-999.0,-999.0,-999.0,-999.0,-999.0,-999.0,-999.0,-999.0,-999.0,-999.0,-999.0,-999.0,-999.0,-999.0,-999.0,-999.0,-999.0,-999.0,-999.0,-999.0,-999.0,-999.0,-999.0,-999.0,-999.0,-999.0,-999.0,-999.0,-999.0,-999.0,-999.0,-999.0,-999.0,-999.0,-999.0,-999.0,-999.0,-999.0,-999.0,-999.0,-999.0,-999.0,-999.0,-999.0,-999.0,0.0,0.0,-999.0,-999.0,-999.0,-999.0,-999.0,-999.0,-999.0,-999.0,-999.0,-999.0,-999.0,-999.0,-999.0,-999.0,-999.0,-999.0,-999.0,-999.0,-999.0,-999.0,-999.0,-999.0,-999.0,-999.0,-999.0,-999.0,-999.0,-999.0,-999.0,-999.0,-999.0,-999.0,-999.0,-999.0,-999.0,-999.0,-999.0,-999.0,-999.0,-999.0,-999.0,-999.0,-999.0,-999.0,-999.0,-999.0,-999.0,-999.0,-999.0,-999.0,-999.0,-999.0,-999.0,-999.0,-999.0,-999.0,-999.0,-999.0,-999.0,-999,-999.0,-999,-999,-999
240,-999.0,-999,-999,-999.0,-999.0,-999.0,-999.0,-999.0,-999.0,-999.0,-999.0,-999.0,-999.0,-999.0,-999.0,-999.0,-999.0,-999.0,-999.0,-999.0,-999.0,-999.0,-999.0,-999.0,-999.0,-999.0,-999.0,-999.0,-999.0,-999.0,-999.0,-999.0,-999.0,-999.0,-999.0,-999.0,-999.0,-999.0,-999.0,-999.0,-999.0,-999.0,-999.0,-999.0,-999.0,-999.0,-999.0,-999.0,-999.0,-999.0,-999.0,-999.0,-999.0,-999.0,-999.0,-999.0,-999.0,-999.0,-999.0,-999.0,-999.0,-999.0,-999.0,-999.0,-999.0,1.0,-999.0,-999.0,-999.0,-999.0,-999.0,-999.0,-999.0,-999.0,-999.0,-999.0,-999.0,-999.0,-999.0,-999.0,-999.0,-999.0,-999.0,-999.0,-999.0,-999.0,-999.0,-999.0,-999.0,-999.0,-999.0,-999.0,-999.0,-999.0,-999.0,-999.0,-999.0,-999.0,-999.0,-999.0,-999.0,-999.0,-999.0,-999.0,-999.0,-999.0,-999.0,-999.0,-999.0,-999.0,-999.0,-999.0,-999.0,-999.0,-999.0,-999.0,-999.0,-999.0,-999.0,-999.0,-999.0,-999.0,-999.0,-999.0,-999,-999.0,-999,-999,-999
241,-999.0,-999,-999,-999.0,-999.0,-999.0,-999.0,-999.0,-999.0,-999.0,-999.0,-999.0,-999.0,-999.0,-999.0,-999.0,-999.0,-999.0,-999.0,-999.0,-999.0,-999.0,-999.0,-999.0,-999.0,-999.0,-999.0,-999.0,-999.0,-999.0,-999.0,-999.0,-999.0,-999.0,-999.0,-999.0,-999.0,-999.0,-999.0,-999.0,-999.0,-999.0,-999.0,-999.0,-999.0,-999.0,-999.0,-999.0,-999.0,-999.0,-999.0,-999.0,-999.0,-999.0,-999.0,-999.0,-999.0,-999.0,-999.0,-999.0,-999.0,0.0,-999.0,-999.0,-999.0,-999.0,-999.0,-999.0,-999.0,-999.0,-999.0,-999.0,-999.0,-999.0,-999.0,-999.0,-999.0,-999.0,-999.0,-999.0,-999.0,-999.0,-999.0,-999.0,-999.0,-999.0,-999.0,-999.0,-999.0,-999.0,-999.0,-999.0,-999.0,-999.0,-999.0,-999.0,-999.0,-999.0,-999.0,-999.0,-999.0,-999.0,-999.0,-999.0,-999.0,-999.0,-999.0,-999.0,-999.0,-999.0,-999.0,-999.0,-999.0,-999.0,-999.0,-999.0,-999.0,-999.0,-999.0,-999.0,-999.0,-999.0,-999.0,-999.0,-999,-999.0,-999,-999,-999
242,-999.0,-999,-999,-999.0,-999.0,-999.0,-999.0,-999.0,-999.0,-999.0,-999.0,-999.0,-999.0,-999.0,-999.0,-999.0,-999.0,-999.0,-999.0,-999.0,-999.0,-999.0,-999.0,-999.0,-999.0,-999.0,-999.0,-999.0,-999.0,-999.0,-999.0,-999.0,-999.0,-999.0,-999.0,-999.0,-999.0,-999.0,-999.0,-999.0,-999.0,-999.0,-999.0,-999.0,-999.0,-999.0,-999.0,-999.0,-999.0,-999.0,-999.0,-999.0,-999.0,-999.0,-999.0,-999.0,-999.0,-999.0,-999.0,-999.0,-999.0,-999.0,-999.0,-999.0,1.0,-999.0,-999.0,-999.0,-999.0,-999.0,-999.0,-999.0,-999.0,-999.0,-999.0,-999.0,-999.0,-999.0,-999.0,-999.0,-999.0,-999.0,-999.0,-999.0,-999.0,-999.0,-999.0,-999.0,-999.0,-999.0,-999.0,-999.0,-999.0,-999.0,-999.0,-999.0,-999.0,-999.0,-999.0,-999.0,-999.0,-999.0,-999.0,-999.0,-999.0,-999.0,-999.0,-999.0,-999.0,-999.0,-999.0,-999.0,-999.0,-999.0,-999.0,-999.0,-999.0,-999.0,-999.0,-999.0,-999.0,-999.0,-999.0,-999.0,-999,-999.0,-999,-999,-999
243,-999.0,-999,-999,-999.0,-999.0,-999.0,-999.0,-999.0,-999.0,-999.0,-999.0,-999.0,-999.0,-999.0,-999.0,-999.0,-999.0,-999.0,-999.0,-999.0,-999.0,-999.0,-999.0,-999.0,-999.0,-999.0,-999.0,-999.0,-999.0,-999.0,-999.0,-999.0,-999.0,-999.0,-999.0,-999.0,-999.0,-999.0,-999.0,-999.0,-999.0,-999.0,-999.0,-999.0,-999.0,-999.0,-999.0,-999.0,-999.0,-999.0,-999.0,-999.0,-999.0,-999.0,-999.0,-999.0,-999.0,-999.0,-999.0,-999.0,-999.0,-999.0,-999.0,-999.0,0.0,-999.0,-999.0,-999.0,-999.0,-999.0,-999.0,-999.0,-999.0,-999.0,-999.0,-999.0,-999.0,-999.0,-999.0,-999.0,-999.0,-999.0,-999.0,-999.0,-999.0,-999.0,-999.0,-999.0,-999.0,-999.0,-999.0,-999.0,-999.0,-999.0,-999.0,-999.0,-999.0,-999.0,-999.0,-999.0,-999.0,-999.0,-999.0,-999.0,-999.0,-999.0,-999.0,-999.0,-999.0,-999.0,-999.0,-999.0,-999.0,-999.0,-999.0,-999.0,-999.0,-999.0,-999.0,-999.0,-999.0,-999.0,-999.0,-999.0,-999,-999.0,-999,-999,-999
244,-999.0,-999,-999,-999.0,-999.0,-999.0,-999.0,-999.0,-999.0,-999.0,-999.0,-999.0,-999.0,-999.0,-999.0,-999.0,-999.0,-999.0,-999.0,-999.0,-999.0,-999.0,-999.0,-999.0,-999.0,-999.0,-999.0,-999.0,-999.0,-999.0,-999.0,-999.0,-999.0,-999.0,-999.0,-999.0,-999.0,-999.0,-999.0,-999.0,-999.0,-999.0,-999.0,-999.0,-999.0,-999.0,-999.0,-999.0,-999.0,-999.0,-999.0,-999.0,-999.0,-999.0,-999.0,-999.0,-999.0,-999.0,-999.0,-999.0,-999.0,-999.0,-999.0,-999.0,1.0,-999.0,-999.0,-999.0,-999.0,-999.0,-999.0,-999.0,-999.0,-999.0,-999.0,-999.0,-999.0,-999.0,-999.0,-999.0,-999.0,-999.0,-999.0,-999.0,-999.0,-999.0,-999.0,-999.0,-999.0,-999.0,-999.0,-999.0,-999.0,-999.0,-999.0,-999.0,-999.0,-999.0,-999.0,-999.0,-999.0,-999.0,-999.0,-999.0,-999.0,-999.0,-999.0,-999.0,-999.0,-999.0,-999.0,-999.0,-999.0,-999.0,-999.0,-999.0,-999.0,-999.0,-999.0,-999.0,-999.0,-999.0,-999.0,-999.0,-999,-999.0,-999,-999,-999
245,-999.0,-999,-999,-999.0,-999.0,-999.0,-999.0,-999.0,-999.0,-999.0,-999.0,-999.0,-999.0,-999.0,-999.0,-999.0,-999.0,-999.0,-999.0,-999.0,-999.0,-999.0,-999.0,-999.0,-999.0,-999.0,-999.0,-999.0,-999.0,-999.0,-999.0,-999.0,-999.0,-999.0,-999.0,-999.0,-999.0,-999.0,-999.0,-999.0,-999.0,-999.0,-999.0,-999.0,-999.0,-999.0,-999.0,-999.0,-999.0,-999.0,-999.0,-999.0,-999.0,-999.0,-999.0,-999.0,-999.0,-999.0,-999.0,-999.0,-999.0,1.0,-999.0,-999.0,-999.0,-999.0,-999.0,-999.0,-999.0,-999.0,-999.0,-999.0,-999.0,-999.0,-999.0,-999.0,-999.0,-999.0,-999.0,-999.0,-999.0,-999.0,-999.0,-999.0,-999.0,-999.0,-999.0,-999.0,-999.0,-999.0,-999.0,-999.0,-999.0,-999.0,-999.0,-999.0,-999.0,-999.0,-999.0,-999.0,-999.0,-999.0,-999.0,-999.0,-999.0,-999.0,-999.0,-999.0,-999.0,-999.0,-999.0,-999.0,-999.0,-999.0,-999.0,-999.0,-999.0,-999.0,-999.0,-999.0,-999.0,-999.0,-999.0,-999.0,-999,-999.0,-999,-999,-999
246,-999.0,-999,-999,-999.0,-999.0,-999.0,-999.0,-999.0,-999.0,-999.0,-999.0,-999.0,-999.0,-999.0,-999.0,-999.0,-999.0,-999.0,-999.0,-999.0,-999.0,-999.0,-999.0,-999.0,-999.0,-999.0,-999.0,-999.0,-999.0,-999.0,-999.0,-999.0,-999.0,-999.0,-999.0,-999.0,-999.0,-999.0,-999.0,-999.0,-999.0,-999.0,-999.0,-999.0,-999.0,-999.0,-999.0,-999.0,-999.0,-999.0,-999.0,-999.0,-999.0,-999.0,-999.0,-999.0,-999.0,-999.0,-999.0,-999.0,-999.0,-999.0,-999.0,-999.0,-999.0,-999.0,-999.0,0.0,-999.0,-999.0,-999.0,-999.0,-999.0,-999.0,-999.0,-999.0,-999.0,-999.0,-999.0,-999.0,-999.0,-999.0,-999.0,-999.0,-999.0,-999.0,-999.0,-999.0,-999.0,-999.0,-999.0,-999.0,-999.0,-999.0,-999.0,-999.0,-999.0,-999.0,-999.0,-999.0,-999.0,-999.0,-999.0,-999.0,-999.0,-999.0,-999.0,-999.0,-999.0,-999.0,-999.0,-999.0,-999.0,-999.0,-999.0,-999.0,-999.0,-999.0,-999.0,-999.0,-999.0,-999.0,-999.0,-999.0,-999,-999.0,-999,-999,-999
247,-999.0,-999,-999,-999.0,-999.0,-999.0,-999.0,-999.0,-999.0,-999.0,-999.0,-999.0,-999.0,-999.0,-999.0,-999.0,-999.0,-999.0,-999.0,-999.0,-999.0,-999.0,-999.0,-999.0,-999.0,-999.0,-999.0,-999.0,-999.0,-999.0,-999.0,-999.0,-999.0,-999.0,-999.0,-999.0,-999.0,-999.0,-999.0,-999.0,-999.0,-999.0,-999.0,-999.0,-999.0,-999.0,-999.0,-999.0,-999.0,-999.0,-999.0,-999.0,-999.0,-999.0,-999.0,-999.0,-999.0,-999.0,-999.0,-999.0,-999.0,-999.0,-999.0,-999.0,-999.0,-999.0,-999.0,0.0,-999.0,-999.0,-999.0,-999.0,-999.0,-999.0,-999.0,-999.0,-999.0,-999.0,-999.0,-999.0,-999.0,-999.0,-999.0,-999.0,-999.0,-999.0,-999.0,-999.0,-999.0,-999.0,-999.0,-999.0,-999.0,-999.0,-999.0,-999.0,-999.0,-999.0,-999.0,-999.0,-999.0,-999.0,-999.0,-999.0,-999.0,-999.0,-999.0,-999.0,-999.0,-999.0,-999.0,-999.0,-999.0,-999.0,-999.0,-999.0,-999.0,-999.0,-999.0,-999.0,-999.0,-999.0,-999.0,-999.0,-999,-999.0,-999,-999,-999
248,-999.0,-999,-999,-999.0,-999.0,-999.0,-999.0,-999.0,-999.0,-999.0,-999.0,-999.0,-999.0,-999.0,-999.0,-999.0,-999.0,-999.0,-999.0,-999.0,-999.0,-999.0,-999.0,-999.0,-999.0,-999.0,-999.0,-999.0,-999.0,-999.0,-999.0,-999.0,-999.0,-999.0,-999.0,-999.0,-999.0,-999.0,-999.0,-999.0,-999.0,-999.0,-999.0,-999.0,-999.0,-999.0,-999.0,-999.0,-999.0,-999.0,-999.0,-999.0,-999.0,-999.0,-999.0,-999.0,-999.0,-999.0,-999.0,-999.0,-999.0,-999.0,-999.0,-999.0,-999.0,-999.0,-999.0,-999.0,-999.0,-999.0,-999.0,-999.0,-999.0,-999.0,-999.0,-999.0,-999.0,-999.0,-999.0,-999.0,-999.0,-999.0,-999.0,-999.0,-999.0,-999.0,-999.0,-999.0,-999.0,-999.0,-999.0,-999.0,-999.0,-999.0,-999.0,-999.0,-999.0,-999.0,-999.0,-999.0,-999.0,-999.0,-999.0,-999.0,-999.0,-999.0,-999.0,-999.0,-999.0,-999.0,-999.0,-999.0,-999.0,-999.0,-999.0,-999.0,-999.0,-999.0,-999.0,-999.0,-999.0,-999.0,-999.0,-999.0,-999,-999.0,-999,-999,-999
249,-999.0,-999,-999,-999.0,-999.0,-999.0,-999.0,-999.0,-999.0,-999.0,-999.0,-999.0,-999.0,-999.0,-999.0,-999.0,-999.0,-999.0,-999.0,-999.0,-999.0,-999.0,-999.0,-999.0,-999.0,-999.0,-999.0,-999.0,-999.0,-999.0,-999.0,-999.0,-999.0,-999.0,-999.0,-999.0,-999.0,-999.0,-999.0,-999.0,-999.0,-999.0,-999.0,-999.0,-999.0,-999.0,-999.0,-999.0,-999.0,-999.0,-999.0,-999.0,-999.0,-999.0,-999.0,-999.0,-999.0,-999.0,-999.0,-999.0,-999.0,-999.0,-999.0,-999.0,-999.0,1.0,-999.0,-999.0,-999.0,-999.0,-999.0,-999.0,-999.0,-999.0,-999.0,-999.0,-999.0,-999.0,-999.0,-999.0,-999.0,-999.0,-999.0,-999.0,-999.0,-999.0,-999.0,-999.0,-999.0,-999.0,-999.0,-999.0,-999.0,-999.0,-999.0,-999.0,-999.0,-999.0,-999.0,-999.0,-999.0,-999.0,-999.0,-999.0,-999.0,-999.0,-999.0,-999.0,-999.0,-999.0,-999.0,-999.0,-999.0,-999.0,-999.0,-999.0,-999.0,-999.0,-999.0,-999.0,-999.0,-999.0,-999.0,-999.0,-999,-999.0,-999,-999,-999
250,-999.0,-999,-999,-999.0,-999.0,-999.0,-999.0,-999.0,-999.0,-999.0,-999.0,-999.0,-999.0,-999.0,-999.0,-999.0,-999.0,-999.0,-999.0,-999.0,-999.0,-999.0,-999.0,-999.0,-999.0,-999.0,-999.0,-999.0,-999.0,-999.0,-999.0,-999.0,-999.0,-999.0,-999.0,-999.0,-999.0,-999.0,-999.0,-999.0,-999.0,-999.0,-999.0,-999.0,-999.0,-999.0,-999.0,-999.0,-999.0,-999.0,-999.0,-999.0,-999.0,-999.0,-999.0,-999.0,-999.0,-999.0,-999.0,-999.0,-999.0,-999.0,-999.0,0.0,-999.0,-999.0,-999.0,-999.0,-999.0,-999.0,-999.0,-999.0,-999.0,-999.0,-999.0,-999.0,-999.0,-999.0,-999.0,-999.0,-999.0,-999.0,-999.0,-999.0,-999.0,-999.0,-999.0,-999.0,-999.0,-999.0,-999.0,-999.0,-999.0,-999.0,-999.0,-999.0,-999.0,-999.0,-999.0,-999.0,-999.0,-999.0,-999.0,-999.0,-999.0,-999.0,-999.0,-999.0,-999.0,-999.0,-999.0,-999.0,-999.0,-999.0,-999.0,-999.0,-999.0,-999.0,-999.0,-999.0,-999.0,-999.0,-999.0,-999.0,-999,-999.0,-999,-999,-999
251,-999.0,-999,-999,-999.0,-999.0,-999.0,-999.0,-999.0,-999.0,-999.0,-999.0,-999.0,-999.0,-999.0,-999.0,-999.0,-999.0,-999.0,-999.0,-999.0,-999.0,-999.0,-999.0,-999.0,-999.0,-999.0,-999.0,-999.0,-999.0,-999.0,-999.0,-999.0,-999.0,-999.0,-999.0,-999.0,-999.0,-999.0,-999.0,-999.0,-999.0,-999.0,-999.0,-999.0,-999.0,-999.0,-999.0,-999.0,-999.0,-999.0,-999.0,-999.0,-999.0,-999.0,-999.0,-999.0,-999.0,-999.0,-999.0,-999.0,-999.0,-999.0,1.0,-999.0,-999.0,-999.0,-999.0,-999.0,-999.0,-999.0,-999.0,-999.0,-999.0,-999.0,-999.0,-999.0,-999.0,-999.0,-999.0,-999.0,-999.0,-999.0,-999.0,-999.0,-999.0,-999.0,-999.0,-999.0,-999.0,-999.0,-999.0,-999.0,-999.0,-999.0,-999.0,-999.0,-999.0,-999.0,-999.0,-999.0,-999.0,-999.0,-999.0,-999.0,-999.0,-999.0,-999.0,-999.0,-999.0,-999.0,-999.0,-999.0,-999.0,-999.0,-999.0,-999.0,-999.0,-999.0,-999.0,-999.0,-999.0,-999.0,-999.0,-999.0,-999,-999.0,-999,-999,-999
252,-999.0,-999,-999,-999.0,-999.0,-999.0,-999.0,-999.0,-999.0,-999.0,-999.0,-999.0,-999.0,-999.0,-999.0,-999.0,-999.0,-999.0,-999.0,-999.0,-999.0,-999.0,-999.0,-999.0,-999.0,-999.0,-999.0,-999.0,-999.0,-999.0,-999.0,-999.0,-999.0,-999.0,-999.0,-999.0,-999.0,-999.0,-999.0,-999.0,-999.0,-999.0,-999.0,-999.0,-999.0,-999.0,-999.0,-999.0,-999.0,-999.0,-999.0,-999.0,-999.0,-999.0,-999.0,-999.0,-999.0,-999.0,-999.0,-999.0,-999.0,-999.0,-999.0,-999.0,0.0,-999.0,-999.0,-999.0,-999.0,-999.0,-999.0,-999.0,-999.0,-999.0,-999.0,-999.0,-999.0,-999.0,-999.0,-999.0,-999.0,-999.0,-999.0,-999.0,-999.0,-999.0,-999.0,-999.0,-999.0,-999.0,-999.0,-999.0,-999.0,-999.0,-999.0,-999.0,-999.0,-999.0,-999.0,-999.0,-999.0,-999.0,-999.0,-999.0,-999.0,-999.0,-999.0,-999.0,-999.0,-999.0,-999.0,-999.0,-999.0,-999.0,-999.0,-999.0,-999.0,-999.0,-999.0,-999.0,-999.0,-999.0,-999.0,-999.0,-999,-999.0,-999,-999,-999
253,-999.0,-999,-999,-999.0,-999.0,-999.0,-999.0,-999.0,-999.0,-999.0,-999.0,-999.0,-999.0,-999.0,-999.0,-999.0,-999.0,-999.0,-999.0,-999.0,-999.0,-999.0,-999.0,-999.0,-999.0,-999.0,-999.0,-999.0,-999.0,-999.0,-999.0,-999.0,-999.0,-999.0,-999.0,-999.0,-999.0,-999.0,-999.0,-999.0,-999.0,-999.0,-999.0,-999.0,-999.0,-999.0,-999.0,-999.0,-999.0,-999.0,-999.0,-999.0,-999.0,-999.0,-999.0,-999.0,-999.0,-999.0,-999.0,-999.0,-999.0,-999.0,-999.0,-999.0,1.0,-999.0,-999.0,-999.0,-999.0,-999.0,-999.0,-999.0,-999.0,-999.0,-999.0,-999.0,-999.0,-999.0,-999.0,-999.0,-999.0,-999.0,-999.0,-999.0,-999.0,-999.0,-999.0,-999.0,-999.0,-999.0,-999.0,-999.0,-999.0,-999.0,-999.0,-999.0,-999.0,-999.0,-999.0,-999.0,-999.0,-999.0,-999.0,-999.0,-999.0,-999.0,-999.0,-999.0,-999.0,-999.0,-999.0,-999.0,-999.0,-999.0,-999.0,-999.0,-999.0,-999.0,-999.0,-999.0,-999.0,-999.0,-999.0,-999.0,-999,-999.0,-999,-999,-999
